# File exported by ZBrush version 2020
# www.zbrush.com
#Vertex Count 6875
#UV Vertex Count 7072
#Face Count 6867
#Auto scale x=0.353998 y=0.353998 z=0.353998
#Auto offset x=-24.471014 y=-0.500228 z=-17.796677
mtllib oltarz_low1.mtl
usemtl defaultMat
v 67.97427954 1.71099355 52.89125259
v 67.99533803 1.71013839 52.89088166
v 68.02113638 2.33950876 50.62454399
v 68.12196333 1.28094403 48.71091963
v 70.99128805 1.9339047 51.45503491
v 67.99563412 1.64113851 52.96779818
v 68.17188107 1.37589918 48.70930625
v 69.57894174 2.11351286 52.07133491
v 69.76200172 2.07560047 52.00739712
v 67.65340598 2.15517135 52.29200584
v 68.02702186 2.12416203 52.38062229
v 68.45048494 1.84128967 48.79145488
v 71.15406622 2.08609217 51.02461085
v 70.24988865 2.22694938 48.6822695
v 71.28818584 1.9980578 51.19820235
v 69.57921148 1.96171989 48.57579951
v 67.92705699 1.62672595 52.95429513
v 68.98362054 2.12602569 49.20323933
v 68.60165769 2.15623144 49.63771624
v 69.09417859 2.33330723 50.07858839
v 69.54472911 2.18554362 48.60599651
v 70.9178958 1.75314633 51.74692992
v 67.95081597 1.72094044 52.88147637
v 67.93099908 1.69323461 52.89717638
v 67.96594663 1.68343843 52.91115695
v 68.00205992 1.72811628 52.89118474
v 67.98525696 1.75171372 52.86666638
v 68.00805376 1.70739912 52.91117817
v 67.96519761 1.71240222 52.87933648
v 68.01372212 1.74752243 52.86988084
v 68.02888123 1.72982501 52.89125748
v 68.03900389 1.71549827 52.91254992
v 67.98282081 1.68290708 52.91046459
v 67.94608251 1.6829784 52.897368
v 68.06824191 2.34671288 50.70639451
v 68.15190179 2.34675834 50.6459732
v 68.05449504 2.33518689 50.54848845
v 67.93501366 2.32907427 50.61528221
v 67.96946593 2.34442238 50.74218292
v 67.94049176 2.31970256 50.49260085
v 68.11182653 1.29244747 48.73517683
v 68.08557399 1.26403636 48.7325362
v 68.10307975 1.24957109 48.68744419
v 68.14454579 1.29595498 48.69883867
v 68.14337962 1.32444636 48.73509248
v 68.13700164 1.26599615 48.67093445
v 71.03157344 1.91773483 51.50613649
v 70.97025002 1.84742642 51.5891946
v 70.92963175 1.87731486 51.4996904
v 71.01112977 1.97929856 51.36541006
v 71.08625158 1.9797672 51.37220848
v 70.93758211 1.93810264 51.3656995
v 67.9461837 1.62883246 52.9580398
v 67.94866051 1.64465333 52.94174677
v 67.99896669 1.6533373 52.95527356
v 67.95391619 1.63308144 52.95729811
v 68.01168764 1.66961157 52.94791504
v 67.95961941 1.65026207 52.94203014
v 68.06219495 1.69044513 52.97018407
v 68.06088919 1.70344766 52.95300099
v 68.06063873 1.69025375 52.96397437
v 68.18815256 1.39156991 48.70193005
v 68.18104189 1.36413573 48.68872401
v 68.15882666 1.3454596 48.69947177
v 68.14881824 1.35228733 48.72572422
v 68.1678691 1.3876055 48.72843423
v 68.19013123 1.43059312 48.72582559
v 69.69421689 2.10627102 51.99319598
v 69.65412374 2.15208637 51.90954089
v 69.52033969 2.14312012 52.01192188
v 69.33267204 2.1319723 52.05169321
v 69.3648525 2.10586161 52.11507385
v 69.37532906 2.09125574 52.15305536
v 69.58303773 2.08924732 52.13869948
v 69.72705818 2.0325778 52.1322906
v 69.72449424 2.05014009 52.09752001
v 69.84773048 2.07145653 51.97303316
v 69.82160729 2.12160617 51.90158447
v 69.86202145 2.03209982 52.02244081
v 67.60608737 2.13187127 52.31811299
v 67.57267895 2.14197558 52.2167485
v 67.63803665 2.17155489 52.21674075
v 67.73218785 2.17888268 52.26428145
v 67.71461187 2.14884076 52.34098902
v 67.68173619 2.12281283 52.40117203
v 68.12795953 2.06193392 52.50936349
v 68.02639525 2.0288343 52.56637413
v 67.94233783 2.07670295 52.49505509
v 67.81728532 2.12867702 52.40954316
v 67.85387428 2.16374251 52.3264225
v 68.01993931 2.16730736 52.25937464
v 68.18679604 2.15987762 52.27055327
v 68.22671075 2.12240966 52.37036619
v 68.27392438 2.08914254 52.44510881
v 67.85809386 2.19861126 52.20492785
v 68.35159447 1.75059217 48.77976472
v 68.45434158 1.72441477 48.70579074
v 68.58426415 1.76402541 48.69723877
v 68.74989776 1.79830855 48.66715863
v 68.71042032 1.8398613 48.70325567
v 68.66166984 1.89510152 48.76013263
v 68.47597192 1.89816183 48.82996374
v 71.03581634 2.09394857 51.00594472
v 71.00840933 2.13278294 50.83071277
v 71.10404198 2.13762147 50.80592055
v 71.18135604 2.1505379 50.77296481
v 71.24097197 2.11289366 50.92110364
v 71.2566112 2.04362875 51.12189476
v 71.20438242 2.01196268 51.23104554
v 71.12438277 2.03974029 51.1995177
v 71.31873121 2.05126215 51.0638321
v 71.03860548 2.04333528 51.2041477
v 70.27123093 2.22371607 48.64888027
v 70.36108595 2.21494109 48.73873882
v 70.30379116 2.23391828 48.77899138
v 70.21003758 2.23686654 48.78532432
v 70.17198704 2.21734886 48.67068542
v 70.16026515 2.20652963 48.56594684
v 71.35153887 1.96978269 51.20464062
v 71.3190528 1.91611409 51.31142235
v 71.26773241 1.96063299 51.28880504
v 69.57844183 1.95479275 48.48490259
v 69.70477598 2.01125176 48.48656615
v 69.71865552 2.02464907 48.59292231
v 69.59298557 1.98314132 48.68226967
v 69.44374177 1.91839116 48.62639774
v 69.44918626 1.90246833 48.54611859
v 67.89529023 1.62567184 52.96387991
v 67.8973881 1.6333994 52.94995693
v 67.90346453 1.63808954 52.94762257
v 69.0364242 2.14469123 49.26690343
v 68.97690448 2.13744771 49.34796528
v 68.90130983 2.10835231 49.24782798
v 68.98706267 2.12163227 49.11357324
v 69.09382726 2.15505298 49.1524622
v 68.88345254 2.08951558 49.10783702
v 68.6648356 2.14942124 49.61513104
v 68.72066379 2.18520468 49.70852009
v 68.63499051 2.18976648 49.72655616
v 68.5309142 2.14359569 49.59700966
v 68.56617088 2.11159918 49.50898821
v 68.52150015 2.1804325 49.69277141
v 68.95863601 2.35070389 50.25050921
v 69.09830489 2.347176 50.35223172
v 69.26148474 2.33871234 50.22054702
v 69.37677901 2.33097691 50.0180778
v 69.32976916 2.34332811 49.87073698
v 69.14859892 2.326749 49.91898035
v 68.89747192 2.34194002 49.87411489
v 68.84778822 2.34226641 50.0107048
v 69.43460365 2.33184615 50.14895149
v 69.47699245 2.15106947 48.61835023
v 69.49761209 2.20103048 48.71804663
v 69.59088854 2.2308924 48.65673028
v 69.66292936 2.24060625 48.60300329
v 69.60800729 2.15029932 48.5027356
v 69.47611658 2.09495925 48.55548264
v 70.94221194 1.79900907 51.6926707
v 70.86665303 1.78871206 51.67902411
v 70.8600948 1.73246333 51.76750273
v 70.87535333 1.69565065 51.83090677
v 70.94826639 1.73216539 51.79241441
v 70.99888836 1.8013721 51.71411368
v 71.03467509 1.87706137 51.60715102
v 70.96971425 1.87076434 51.601352
v 70.98634774 1.72223746 51.8207517
v 71.04653278 1.80390308 51.72385741
v 71.09578434 1.87951015 51.60184281
v 71.13094824 1.94993473 51.47049482
v 71.0618068 1.95628435 51.48411203
v 71.09458314 1.7977572 51.72240517
v 71.14597981 1.86311928 51.59251556
v 71.18797304 1.92201772 51.4610045
v 71.25246108 1.9621519 51.34286431
v 71.16394011 2.00056571 51.34060218
v 71.18764033 1.83980889 51.5871709
v 71.24277207 1.88872391 51.46408055
v 71.30960272 1.9275446 51.34195853
v 71.34556288 1.99534177 51.20222948
v 71.28752547 2.01313824 51.21343883
v 71.28475654 1.85782799 51.4690739
v 71.35023092 1.90309671 51.33808227
v 71.38467721 1.98232204 51.19290896
v 71.36967545 2.06834032 51.03863797
v 71.3330103 2.07441376 51.05021295
v 71.385001 1.88213373 51.33335387
v 71.42225664 1.97137257 51.18578027
v 71.40519614 2.0651057 51.02845857
v 71.3625609 2.13876685 50.87021505
v 71.32867867 2.13899373 50.88149436
v 71.45638605 1.96316923 51.18162829
v 71.43845539 2.06240399 51.02024478
v 71.3940778 2.13657274 50.85941745
v 71.34012603 2.18975748 50.70494391
v 71.30927877 2.1907844 50.71596464
v 71.46999804 2.05978882 51.01227497
v 71.42489963 2.13789727 50.85031035
v 71.37047288 2.18919047 50.69443066
v 71.3127995 2.22955735 50.54287521
v 71.281896 2.23093913 50.55426702
v 71.45502439 2.13792564 50.84084162
v 71.40033531 2.18932559 50.68431153
v 71.34321084 2.22915443 50.53167859
v 71.27690771 2.25998056 50.38274617
v 71.24656524 2.26056642 50.39543676
v 71.4275566 2.18188777 50.67331315
v 71.3695362 2.22126401 50.52019606
v 71.30362825 2.25313399 50.36987707
v 71.23525393 2.27748068 50.22461566
v 71.20695251 2.28318525 50.23798251
v 71.34060624 2.21367541 50.53166604
v 71.27588264 2.24452376 50.3819676
v 71.20842832 2.26734464 50.23615927
v 71.14480051 2.28288352 50.09422202
v 71.16957496 2.2943925 50.08363286
v 71.24609176 2.24193372 50.39556273
v 71.17890601 2.26448175 50.24961947
v 71.11551257 2.27922236 50.1072907
v 71.05768581 2.28442214 49.9650425
v 71.08642585 2.28932936 49.95253017
v 71.14888665 2.26262625 50.26285097
v 71.0856035 2.27727316 50.12042532
v 71.02814279 2.28035578 49.97790644
v 70.97474666 2.27216296 49.83267352
v 71.00471786 2.27980553 49.81999071
v 71.054847 2.27433879 50.13347579
v 70.99738342 2.27637883 49.99092634
v 70.94208246 2.26588457 49.8461618
v 70.88695105 2.24792672 49.69752984
v 70.92321462 2.25690636 49.6831226
v 70.9642444 2.27285591 50.00474461
v 70.90608559 2.26251967 49.86065149
v 70.84691907 2.24364046 49.71295582
v 70.79058259 2.21876574 49.56058609
v 70.83290802 2.22455163 49.54449645
v 70.86752993 2.26172729 49.87565831
v 70.80358473 2.24381389 49.72872483
v 70.74484924 2.21906924 49.57627407
v 70.68384472 2.19778706 49.42098247
v 70.73195891 2.19802826 49.40494932
v 70.75512352 2.24720944 49.74346183
v 70.69524948 2.22386188 49.58843614
v 70.62957254 2.20473196 49.43374787
v 70.56194479 2.19654344 49.28049286
v 70.61998102 2.18360629 49.26502638
v 70.62033225 2.24473911 49.60623828
v 70.54409967 2.23907698 49.45620725
v 70.47456608 2.24470923 49.30899743
v 70.41043937 2.2541785 49.16565898
v 70.48948551 2.20462235 49.13699488
v 70.45514151 2.27690509 49.48977445
v 70.3838819 2.27419399 49.33908237
v 70.31010946 2.27094746 49.18869218
v 70.23142819 2.2559744 49.04428674
v 70.3414999 2.26137799 49.02875535
v 70.28643669 2.25121173 49.36619026
v 70.20274818 2.23667611 49.20836502
v 70.11316299 2.21802236 49.04924305
v 70.02470861 2.1941573 48.88857437
v 70.15317325 2.23523633 48.89680988
v 70.088533 2.2189262 49.23395812
v 69.99333105 2.19764428 49.07107977
v 69.89475233 2.15332073 48.90580021
v 69.79965953 2.08524296 48.7406253
v 69.94818668 2.15320641 48.72745294
v 69.87988804 2.18399886 49.12048506
v 69.78166935 2.13545128 48.97133286
v 69.68435588 2.0627412 48.82893614
v 69.67741081 2.14492805 49.05425264
v 69.58518347 2.08245723 48.92289413
v 69.49534213 2.00584139 48.80581378
v 69.34236214 1.96612788 48.74727395
v 69.47223712 2.13979916 49.03432715
v 69.35895258 2.1043118 48.95411106
v 69.24390812 2.08646752 48.89913271
v 69.11317272 2.0758604 48.85438999
v 69.18171995 1.96895672 48.74634014
v 69.27796272 2.18383225 49.10467501
v 69.16121808 2.14852598 49.03150476
v 69.03770676 2.11448459 48.97945833
v 68.90542041 2.07802499 48.96829435
v 68.95529216 2.04742756 48.83565652
v 68.78466051 2.02770206 48.87156448
v 68.82570418 1.96872895 48.77192785
v 69.0179117 1.98752628 48.74477206
v 68.77290132 2.04393356 49.00599854
v 68.78801878 2.07150204 49.14156965
v 68.70355859 2.06461362 49.18631733
v 68.66053436 2.03621421 49.06063114
v 68.63129749 2.00258681 48.94819931
v 68.56374833 2.03318546 49.11955899
v 68.52298787 1.99958501 49.00553029
v 68.49537081 1.96645247 48.89565625
v 68.61330432 1.96950946 48.84420865
v 68.87084744 1.91420344 48.70079082
v 68.90473714 1.86069063 48.66284653
v 69.08336614 1.84933976 48.6452538
v 69.05823505 1.90412145 48.69770029
v 69.26604511 1.84466123 48.57917831
v 69.23343637 1.89262867 48.64910438
v 69.0963468 1.81398184 48.60125252
v 69.27187151 1.82746464 48.54416224
v 69.44876863 1.89106842 48.49703928
v 69.27677843 1.81033916 48.51037884
v 69.44435275 1.87868119 48.4573294
v 69.56707328 1.94930653 48.4168689
v 69.57270691 1.95211213 48.44777829
v 69.69178045 2.01342991 48.40108301
v 69.69751275 2.01115709 48.44207136
v 69.83788589 2.11742393 48.38875286
v 69.84899405 2.11294922 48.43667644
v 69.86643163 2.11317017 48.50385681
v 70.00970112 2.17186925 48.45153593
v 70.02316073 2.17248693 48.53347661
v 70.0499578 2.17779119 48.63144632
v 69.89319367 2.11941165 48.59489079
v 70.09395975 2.19926674 48.75830457
v 70.27082784 2.25655816 48.90185627
v 70.36168881 2.23010516 48.88114076
v 70.42370973 2.21733673 49.0037088
v 70.42243925 2.2038698 48.84786762
v 70.48515817 2.19164177 48.97331338
v 70.55165317 2.18405636 49.11398416
v 70.5368346 2.18438747 48.94851358
v 70.60525724 2.17854155 49.0952687
v 70.67066057 2.1817369 49.24866262
v 70.65436753 2.1821362 49.07712244
v 70.7177933 2.18927567 49.23195412
v 70.77651599 2.20456527 49.38839614
v 70.76035159 2.20251328 49.21582508
v 70.81755604 2.2162114 49.37255915
v 70.87190786 2.23510483 49.52934895
v 70.85476975 2.23173344 49.35786778
v 70.90748412 2.24882753 49.51509991
v 70.9557458 2.2684587 49.66984071
v 70.93932278 2.26520298 49.50205796
v 70.9859923 2.27924551 49.65763301
v 71.03357307 2.28789708 49.80786004
v 71.00791346 2.29918599 49.64828076
v 71.05635749 2.30427573 49.79813168
v 71.10940559 2.30319249 49.94285865
v 71.03091122 2.31499857 49.80745771
v 71.08170544 2.30843697 49.95384051
v 71.14149159 2.29955599 50.09600805
v 71.0518915 2.30566542 49.96555485
v 71.11165677 2.29797116 50.10848208
v 71.17696009 2.28297689 50.25095248
v 71.08114862 2.2961719 50.12076946
v 71.14632717 2.2821771 50.26354968
v 71.21537954 2.26069557 50.40769823
v 71.11469393 2.28049798 50.27579482
v 71.18354274 2.26116172 50.41962818
v 71.24981388 2.23223082 50.56600102
v 71.15051871 2.26112829 50.43156024
v 71.21610962 2.23310419 50.57788419
v 71.27632024 2.19168858 50.72734865
v 71.18097686 2.23610254 50.59069415
v 71.24083676 2.1941552 50.74019811
v 71.29224959 2.14085344 50.89392903
v 71.19457403 2.20520678 50.75875491
v 71.24181014 2.15184105 50.91205547
v 71.27968102 2.08486008 51.0658111
v 71.1657232 2.16779877 50.93872832
v 71.19430817 2.10441161 51.08582684
v 71.19281636 2.04787186 51.21974433
v 71.07775838 2.14047897 51.10334136
v 71.07885164 2.08686379 51.22999134
v 71.07427216 2.02697295 51.35577578
v 70.97445402 2.12019686 51.25672585
v 70.98376621 2.03956972 51.37566187
v 70.98201392 1.95001585 51.49023922
v 70.88234732 2.04715067 51.38728172
v 70.88993079 1.95258509 51.48885484
v 70.8864897 1.86480009 51.58568052
v 70.80846493 1.95917022 51.49324305
v 70.80480663 1.86871116 51.5867066
v 70.79325707 1.79036332 51.68778478
v 70.72583054 1.90263793 51.6233342
v 70.70996299 1.8262544 51.70965273
v 70.69578138 1.77947459 51.79224082
v 70.78984326 1.73883385 51.7811777
v 70.7904878 1.70241001 51.84538674
v 70.68292657 1.742899 51.85859564
v 70.6741212 1.71178889 51.91499677
v 70.79370175 1.67320178 51.89809808
v 70.58037957 1.82078207 51.84153767
v 70.56528318 1.77873959 51.90316535
v 70.55276108 1.74742961 51.94699168
v 70.54167287 1.72013232 51.98512085
v 70.66899534 1.68601628 51.96113086
v 70.42766395 1.79554361 51.94021944
v 70.41461113 1.76565119 51.97582517
v 70.40245433 1.73884488 52.00885811
v 70.39088162 1.71425749 52.04019939
v 70.5325603 1.69703476 52.01509037
v 70.27625737 1.78817511 52.01649428
v 70.26589334 1.76532327 52.04566183
v 70.25561115 1.74240449 52.07482045
v 70.24699351 1.72244237 52.10387098
v 70.38192277 1.69157966 52.06916724
v 70.13537452 1.80314063 52.08421261
v 70.12630816 1.78223486 52.10904162
v 70.11804496 1.76345816 52.1365606
v 70.10980356 1.74472106 52.16416933
v 70.23874134 1.70310546 52.13312709
v 70.00013132 1.82491438 52.15052046
v 69.99496286 1.80403147 52.17586251
v 69.9897944 1.78314859 52.20120473
v 69.9861585 1.76198975 52.22735515
v 70.10277994 1.72607676 52.19220909
v 69.86449741 1.84020517 52.22725429
v 69.86313483 1.82027159 52.25218399
v 69.86216212 1.80035692 52.27855869
v 69.85904659 1.79024146 52.28867689
v 69.9822164 1.74656008 52.24612617
v 69.7577749 1.91720886 52.33445503
v 69.76206667 1.90411766 52.36322285
v 69.75870198 1.90291154 52.36187568
v 69.74811482 1.91163209 52.33179486
v 69.85005684 1.80272146 52.25882507
v 69.60588824 1.98955639 52.40462205
v 69.60399604 1.98626182 52.40364345
v 69.59981763 1.99038644 52.37554222
v 69.59337326 1.99702675 52.34734587
v 69.73784748 1.9207751 52.30196493
v 69.43237356 1.98727414 52.41969369
v 69.42801905 1.993804 52.39155357
v 69.42363543 2.00032919 52.36343433
v 69.4176414 2.00757044 52.33559864
v 69.58615537 2.00409436 52.31891783
v 69.27346641 1.9810998 52.410989
v 69.26754299 1.98848232 52.38343062
v 69.26055873 1.99679296 52.35602833
v 69.25336441 2.0054138 52.32882286
v 69.4116045 2.01485567 52.30777406
v 69.124465 1.9829202 52.42029108
v 69.11580128 1.99312393 52.39340671
v 69.10756289 2.00341808 52.36630295
v 69.09860685 2.01386457 52.33929364
v 69.24617008 2.01403463 52.30161757
v 68.98213333 1.9903909 52.43786479
v 68.97100348 1.99919328 52.41219323
v 68.95956544 2.00839644 52.38638983
v 68.94816589 2.01796894 52.36023317
v 69.08881874 2.0244876 52.31239378
v 68.84414502 1.99296599 52.47439574
v 68.83059898 2.00142902 52.44922694
v 68.81690142 2.00998764 52.42404569
v 68.80050329 2.02086571 52.39492479
v 68.93676634 2.02754147 52.33407652
v 68.70784703 2.00316346 52.52844819
v 68.69220039 2.01429279 52.50450164
v 68.67359686 2.02760655 52.47576446
v 68.64998394 2.04565233 52.4365688
v 68.78017185 2.03563196 52.35659357
v 68.56966093 2.0068351 52.59189854
v 68.54449075 2.02401964 52.55597711
v 68.51739586 2.04234392 52.51688769
v 68.41808517 1.99882248 52.6405926
v 68.38794727 2.01866542 52.60067242
v 68.35528745 2.04039068 52.55679406
v 68.48824932 2.0629057 52.47276906
v 68.62366371 2.06683172 52.39097368
v 68.59741972 2.08938307 52.34146316
v 68.73606187 2.07484653 52.26382868
v 68.7589945 2.05337493 52.3125113
v 68.45655223 2.08661771 52.42131346
v 68.42255988 2.11227218 52.36376132
v 68.56904703 2.11367942 52.28613711
v 68.31758637 2.06445758 52.50544336
v 68.23225427 1.99527489 52.62876169
v 68.18434517 2.02495695 52.57572993
v 68.13485359 1.95343745 52.68665681
v 68.0872692 1.988948 52.63027976
v 68.05010591 1.91335757 52.72845237
v 68.00614109 1.94989365 52.68109385
v 67.9474477 1.99272631 52.62179784
v 67.87331493 2.04854835 52.55410477
v 67.93843245 1.91309326 52.71752782
v 67.88351673 1.96298839 52.66761454
v 67.81541669 2.02165965 52.60149696
v 67.73137443 2.07026254 52.52391855
v 67.77586323 2.09497567 52.47317602
v 67.83097603 1.93492152 52.69768222
v 67.76543455 1.99847975 52.63635408
v 67.69128713 2.05027029 52.5550965
v 67.61429383 2.08389928 52.46674323
v 67.64655359 2.10098924 52.44273758
v 67.73240649 1.98511885 52.65623521
v 67.66082141 2.03768177 52.57598704
v 67.58898545 2.07299338 52.48210448
v 67.52566796 2.08287884 52.37362257
v 67.54803195 2.09599968 52.35977536
v 67.63287139 2.02827214 52.59243818
v 67.56272441 2.06212987 52.49653596
v 67.50037609 2.070829 52.38825913
v 67.45120332 2.0646792 52.27427303
v 67.4813424 2.07789842 52.25995184
v 67.536542 2.0523507 52.51142457
v 67.47470469 2.06004231 52.40318412
v 67.42137423 2.05438025 52.28898451
v 67.3761689 2.05136301 52.16598374
v 67.40916498 2.06269048 52.15375378
v 67.44684324 2.0543047 52.41889828
v 67.3900764 2.04964002 52.30422537
v 67.34143924 2.04539876 52.17846509
v 67.3012015 2.05025876 52.04281847
v 67.33735714 2.05656678 52.03273395
v 67.36150507 2.05602583 52.31908503
v 67.31040525 2.05373601 52.1909877
v 67.26749623 2.05436127 52.0518461
v 67.23519016 2.05674783 51.90916171
v 67.2698614 2.06310872 51.90247198
v 67.2796314 2.07022099 52.2029161
v 67.23534608 2.07041985 52.06127598
v 67.20257226 2.07200746 51.91606764
v 67.17953612 2.07687432 51.77282963
v 67.21089187 2.07298871 51.76795448
v 67.23441648 2.10427232 52.06119448
v 67.19868497 2.10300638 51.91605922
v 67.17539206 2.09886338 51.77176314
v 67.14541698 2.09617273 51.63141976
v 67.15612837 2.07928945 51.63109935
v 67.21947566 2.12885946 51.9095414
v 67.19573874 2.12391233 51.76530375
v 67.16705022 2.11893708 51.62425656
v 67.13414793 2.11219738 51.48373782
v 67.11260899 2.09023008 51.49087812
v 67.22085718 2.14447874 51.75783831
v 67.19267716 2.13792547 51.61649983
v 67.15953595 2.13011242 51.4761679
v 67.12171373 2.12285568 51.33370097
v 67.09655773 2.10518188 51.34120152
v 67.22050259 2.15409694 51.60853271
v 67.18876075 2.14395543 51.46802862
v 67.15146689 2.13589604 51.32555824
v 67.10896449 2.1324451 51.1806193
v 67.07979914 2.11815518 51.18836601
v 67.22052835 2.15413677 51.45938194
v 67.18433078 2.14660297 51.31735069
v 67.14273425 2.14212013 51.17231098
v 67.09402132 2.14455493 51.02496561
v 67.06218839 2.13026463 51.0321635
v 67.22046487 2.1530041 51.30829544
v 67.17946675 2.14774868 51.16375042
v 67.13284622 2.15475024 51.01654776
v 67.08620869 2.1635062 50.86329931
v 67.04758366 2.14837327 50.87049093
v 67.21776396 2.15457269 51.15469939
v 67.17188951 2.16532364 51.00817241
v 67.128489 2.17725988 50.85639898
v 67.098538 2.17861269 50.69914707
v 67.05572967 2.16509103 50.70380316
v 67.21480627 2.17552207 50.99886848
v 67.17101412 2.19102349 50.85000083
v 67.14496792 2.18964711 50.6942667
v 67.13911434 2.17039167 50.53511455
v 67.09359399 2.1566225 50.53826732
v 67.22878768 2.19995296 50.84014093
v 67.19972554 2.20546911 50.68805095
v 67.1947364 2.18871599 50.53029204
v 67.20549813 2.14635225 50.37390202
v 67.14949049 2.12501813 50.3771007
v 67.2764299 2.21841442 50.67902378
v 67.26477679 2.20507655 50.52495535
v 67.27470035 2.16175997 50.37175723
v 67.28617077 2.11146663 50.21835525
v 67.22468184 2.08815721 50.2197422
v 67.36190412 2.22017597 50.516319
v 67.35478974 2.19273975 50.36389717
v 67.36460301 2.14420319 50.21267544
v 67.38519115 2.09252479 50.06041247
v 67.30850547 2.05797819 50.06217494
v 67.464998 2.21808407 50.35546194
v 67.46545397 2.18518835 50.20405879
v 67.48779876 2.13388235 50.05504027
v 67.52824882 2.06610615 49.91448072
v 67.42194839 2.03460992 49.90735321
v 67.59158097 2.21091985 50.19876275
v 67.60696225 2.17045573 50.05388827
v 67.64301434 2.11939725 49.91536743
v 67.6932839 2.07340729 49.78930618
v 67.57763071 2.00884904 49.77579648
v 67.74354428 2.20258063 50.05986034
v 67.78178568 2.1670681 49.93813902
v 67.83246927 2.14961546 49.82617123
v 67.88810227 2.13714682 49.71635811
v 67.75741785 2.04629279 49.67048184
v 67.94356411 2.24407479 50.00085646
v 67.99500346 2.2369498 49.8975186
v 68.04655495 2.22552619 49.79071182
v 68.09396886 2.21918701 49.6765597
v 67.94686327 2.12344736 49.60478339
v 68.16869187 2.29839429 49.98591186
v 68.2156185 2.2987573 49.87284307
v 68.25613086 2.29658888 49.74921598
v 68.28987797 2.2949835 49.61654405
v 68.13642091 2.21650757 49.55382631
v 68.39076016 2.31965146 49.95585243
v 68.43354685 2.31578766 49.82681464
v 68.47356718 2.31106615 49.69683975
v 68.51396879 2.30941658 49.56797563
v 68.33268058 2.2871755 49.48484946
v 68.62483519 2.32982455 49.91720773
v 68.67270628 2.32104191 49.78652878
v 68.71117435 2.33305568 49.65368608
v 68.74195535 2.34401533 49.5171264
v 68.55109515 2.30256285 49.43670497
v 68.93495632 2.34310299 49.73861522
v 68.94891864 2.33902038 49.58961801
v 68.94540293 2.33067762 49.42629834
v 68.76520752 2.34165908 49.37899472
v 69.13089454 2.32943956 49.75169531
v 69.11194543 2.33427893 49.57950697
v 69.09359597 2.33062618 49.41193775
v 69.07017457 2.28876716 49.25277141
v 68.92959882 2.2998994 49.26167629
v 69.26720208 2.3371813 49.5482636
v 69.24073632 2.31400406 49.38887938
v 69.21021543 2.27958993 49.23234399
v 69.17863896 2.24362 49.08121169
v 69.04396646 2.2439496 49.09964015
v 69.38464331 2.30654047 49.35299196
v 69.34687394 2.28644997 49.19811373
v 69.31036305 2.24865923 49.05017349
v 69.27703993 2.20669287 48.90959439
v 69.14907875 2.19577674 48.94053552
v 69.47984762 2.28044889 49.15695817
v 69.43763616 2.26256757 49.00893434
v 69.40259687 2.22449245 48.87183792
v 69.37828021 2.17526724 48.75748661
v 69.25100886 2.14859081 48.78538712
v 69.56319689 2.26913279 48.96583026
v 69.52502638 2.24312532 48.83078945
v 69.6711381 2.2982212 48.91079777
v 69.62397347 2.2683197 48.7811092
v 69.76904968 2.32330227 48.84771609
v 69.70334621 2.28664899 48.72961909
v 69.86578936 2.33039989 48.76314117
v 69.77586826 2.29272213 48.65979724
v 69.71617694 2.22675996 48.53841827
v 69.62549638 2.12936896 48.46381186
v 69.83333167 2.29120263 48.58213549
v 69.74030997 2.2183469 48.49211901
v 69.63398386 2.11379573 48.43853042
v 69.48896949 2.02465509 48.48171709
v 69.48289572 2.05557008 48.51698725
v 69.75931398 2.21091792 48.44963631
v 69.64030102 2.1015033 48.41477026
v 69.49620333 2.00643752 48.45363944
v 69.50309773 1.9914009 48.42722232
v 69.3789632 1.91237177 48.47035696
v 69.37228597 1.93347905 48.50149635
v 69.36475293 1.96903927 48.53486908
v 69.6447482 2.08926626 48.38988097
v 69.77281578 2.19942678 48.40667577
v 69.78212207 2.18733413 48.36533871
v 69.64888692 2.07700523 48.36477633
v 69.5101328 1.97862759 48.39730584
v 69.51683162 1.96776008 48.37003656
v 69.3931901 1.87841448 48.40856932
v 69.38618431 1.89506995 48.43949185
v 69.65302559 2.06474424 48.33967152
v 69.78797602 2.17478644 48.328454
v 69.79339738 2.16327998 48.29083905
v 69.65435441 2.0546127 48.31064996
v 69.52048251 1.95805633 48.33837537
v 69.5237296 1.94833605 48.30602451
v 69.40103293 1.85330458 48.34420032
v 69.39782569 1.86438412 48.37691117
v 69.65437908 2.04546956 48.27981011
v 69.79542244 2.15586792 48.25222816
v 69.797374 2.14790653 48.21447867
v 69.65394105 2.03601354 48.24825129
v 69.52511996 1.94136433 48.27418451
v 69.52740515 1.93609729 48.25288145
v 69.40726161 1.83201735 48.28830331
v 69.40416053 1.8420549 48.31137869
v 69.6553757 2.0267994 48.22692517
v 69.79797611 2.14301496 48.18285183
v 69.80743048 2.13519223 48.22219499
v 69.66383859 2.02618453 48.26000795
v 69.53870084 1.93510947 48.28617656
v 69.54737505 1.93707829 48.31951831
v 69.42373538 1.8503876 48.35157568
v 69.41594472 1.84065582 48.32025057
v 69.67238681 2.02319128 48.29549851
v 69.81470865 2.13129753 48.26074123
v 69.82257095 2.12625889 48.3009953
v 69.68048606 2.02123143 48.32956141
v 69.55443462 1.9421506 48.35333807
v 69.56143964 1.94650092 48.38595951
v 69.43855991 1.86790006 48.41896736
v 69.43118274 1.85947487 48.38399759
v 69.68637243 2.01763568 48.36508345
v 69.82936305 2.1218946 48.3442372
v 70.00037681 2.17959382 48.31293903
v 70.00228274 2.17690629 48.35743835
v 70.00537285 2.1742404 48.40326465
v 70.17993791 2.20245123 48.40224109
v 70.17021304 2.20221854 48.44452662
v 70.16081431 2.20067596 48.48894647
v 70.31832308 2.20771996 48.53987135
v 70.29094536 2.2160442 48.5846916
v 70.42393923 2.20195553 48.6697336
v 70.39234446 2.20652693 48.70215887
v 70.50773617 2.19647693 48.79280458
v 70.46702016 2.19629533 48.81935506
v 70.5847666 2.1867896 48.92806377
v 70.54351995 2.20088138 48.76850056
v 70.62611562 2.19515627 48.9081094
v 70.6988645 2.19321398 49.05964631
v 70.66458996 2.20945355 48.88964844
v 70.73651448 2.21144645 49.04367057
v 70.79826962 2.21958303 49.20099716
v 70.77069069 2.23274041 49.02923421
v 70.83196966 2.2391913 49.18769658
v 70.88809028 2.25043434 49.34450381
v 70.85729404 2.26632874 49.17712073
v 70.91092976 2.2770041 49.33485934
v 70.96167397 2.2891902 49.492456
v 70.89756915 2.30738058 49.33855156
v 70.94528547 2.31574767 49.49704701
v 70.98759305 2.3180572 49.65469701
v 70.91237257 2.32030762 49.50930442
v 70.95663466 2.31859111 49.66622522
v 71.00069739 2.31221363 49.81891176
v 70.92449983 2.31451668 49.67835593
v 70.96948947 2.30844901 49.83070748
v 71.02124174 2.30234926 49.9775587
v 70.9370386 2.30531545 49.84284311
v 70.98951034 2.29842779 49.98963985
v 71.04977333 2.29299456 50.13295058
v 70.95589919 2.29605201 50.00231626
v 71.01713321 2.29025981 50.14535795
v 71.08139933 2.27810704 50.28824919
v 70.98276976 2.28940884 50.15835729
v 71.0455173 2.27834689 50.30179954
v 71.11540279 2.2627319 50.44435549
v 70.99653363 2.27959717 50.32034376
v 71.06482511 2.26626821 50.46325565
v 71.13437284 2.24282022 50.6085136
v 70.99432841 2.27252253 50.49037133
v 71.0623808 2.25273822 50.6360142
v 71.11955527 2.22204578 50.78818715
v 70.95667221 2.26807177 50.67693155
v 71.01357594 2.24684086 50.82637579
v 71.05330602 2.19436238 50.96873391
v 70.88582512 2.27041951 50.86158777
v 70.92751965 2.23224825 50.99870524
v 70.95846894 2.18597054 51.13142634
v 70.80435269 2.25629423 51.03611629
v 70.84384503 2.21377449 51.16347033
v 70.86720025 2.13506848 51.27711825
v 70.73481742 2.21508892 51.19670549
v 70.77860755 2.14794029 51.30468656
v 70.80316312 2.05992188 51.40689429
v 70.6690701 2.15932417 51.3736236
v 70.71207812 2.08186724 51.46021018
v 70.72759293 1.98899397 51.54023172
v 70.57707739 2.07837092 51.56209294
v 70.60570916 2.00719113 51.62892216
v 70.60813798 1.93590538 51.69719445
v 70.44703877 2.00759291 51.72966367
v 70.4584064 1.94670302 51.78762126
v 70.45296534 1.89177219 51.84054257
v 70.59652797 1.87177977 51.76687991
v 70.44163694 1.83831144 51.8944408
v 70.30446197 1.90681609 51.90010024
v 70.29637893 1.85490545 51.94338895
v 70.2863509 1.81952708 51.98076817
v 70.16474453 1.88769257 51.99541719
v 70.15461783 1.85182856 52.0306631
v 70.14503616 1.82475998 52.05935969
v 70.02429929 1.89427505 52.08619035
v 70.01607843 1.87027828 52.1075515
v 70.00738461 1.84732598 52.12824167
v 69.87093408 1.90171548 52.15828493
v 69.86751546 1.88028552 52.17812026
v 69.86585999 1.86013878 52.20232443
v 69.74611359 1.96081967 52.25527588
v 69.75030867 1.94666867 52.28185784
v 69.75404176 1.93193875 52.30815644
v 69.59978866 2.02058015 52.32218701
v 69.60276256 2.01009855 52.34997674
v 69.60551449 1.99966263 52.37768918
v 69.42751459 2.01350244 52.3628201
v 69.43065882 2.00264932 52.39007742
v 69.43287033 1.99099499 52.41687171
v 69.27280069 1.99159154 52.40823455
v 69.278871 1.97897713 52.43344089
v 69.27952984 1.97416833 52.43824178
v 69.13986075 1.97318901 52.47043369
v 69.14207321 1.96603115 52.47566142
v 69.1338353 1.97286666 52.44681075
v 69.01408937 1.96715333 52.51435919
v 69.00408792 1.97312469 52.48971691
v 68.99324564 1.98154688 52.46361245
v 68.88629634 1.96796873 52.54975664
v 68.8713646 1.97628944 52.52458869
v 68.8572459 1.98472236 52.49942798
v 68.75711291 1.97193129 52.60089215
v 68.74052483 1.9818894 52.57666862
v 68.72382929 1.99186625 52.55256464
v 68.62222658 1.97396089 52.66189381
v 68.60470432 1.98455563 52.63840204
v 68.58740751 1.99554551 52.61493535
v 68.48320281 1.96106205 52.7244292
v 68.46440017 1.97190995 52.70070759
v 68.44367427 1.984071 52.67404009
v 68.34504735 1.92776795 52.77515472
v 68.32332723 1.93941589 52.74568932
v 68.29970968 1.95246685 52.71340261
v 68.21586096 1.89212464 52.79670647
v 68.19831959 1.90655704 52.76939644
v 68.17014133 1.92666038 52.73072207
v 68.2692086 1.97182605 52.6739586
v 68.11276472 1.86210267 52.80253782
v 68.0860792 1.88317063 52.76705787
v 68.04394488 1.82162647 52.81931898
v 68.01778545 1.84432427 52.78917822
v 67.98064035 1.87518693 52.75638757
v 67.96049235 1.81324961 52.80440241
v 67.92680846 1.84435769 52.77553626
v 67.88540573 1.88285846 52.74471358
v 67.88244577 1.81771039 52.79618804
v 67.84346092 1.86269982 52.76608904
v 67.79285132 1.91853916 52.72085593
v 67.80888397 1.84468791 52.78747241
v 67.76036173 1.90700261 52.73956768
v 67.70159021 1.97299462 52.67416503
v 67.72841682 1.8981117 52.7579176
v 67.6713491 1.96582216 52.69188387
v 67.60421267 2.02012755 52.60825825
v 67.64168164 1.95920642 52.70960776
v 67.57691275 2.01411158 52.62454287
v 67.51026125 2.04476285 52.52682572
v 67.54996844 2.0088346 52.64091454
v 67.48398387 2.04043353 52.54304468
v 67.42112756 2.05276604 52.43486602
v 67.45975411 2.04653479 52.56052072
v 67.39726789 2.06646963 52.45103159
v 67.33505376 2.07156451 52.33349041
v 67.40629367 2.09632052 52.45357996
v 67.34186237 2.10552486 52.33437522
v 67.28336328 2.10496927 52.2032547
v 67.36502816 2.12788229 52.32736608
v 67.30151737 2.13410133 52.19739691
v 67.25276184 2.13390205 52.05513077
v 67.33187163 2.15498479 52.1873693
v 67.28176657 2.15589755 52.04606155
v 67.24717262 2.15007782 51.90121017
v 67.31493068 2.17134391 52.03566133
v 67.279526 2.16482542 51.8923984
v 67.24940359 2.16105599 51.74974752
v 67.31216494 2.17948387 51.88355329
v 67.28140557 2.1743575 51.74128193
v 67.25124663 2.16499817 51.60020704
v 67.31419168 2.18687177 51.73322667
v 67.28261771 2.17606828 51.59212611
v 67.25604281 2.16089966 51.4502016
v 67.31479076 2.18697684 51.58398969
v 67.29166975 2.17226948 51.44086146
v 67.26290766 2.16089216 51.29796122
v 67.33496789 2.18231662 51.43033024
v 67.30535044 2.16878014 51.287627
v 67.26216428 2.16507142 51.1449086
v 67.35491805 2.18141429 51.27582243
v 67.31435618 2.18004784 51.13362137
v 67.27104306 2.18554472 50.98822032
v 67.38276923 2.20413112 51.11974502
v 67.34024613 2.20631739 50.97612948
v 67.30346413 2.21154301 50.82935339
v 67.43034411 2.23027901 50.96228226
v 67.40154295 2.23145503 50.81657995
v 67.37936434 2.2336323 50.66746037
v 67.50986287 2.25270892 50.80287199
v 67.49112654 2.25134702 50.65571078
v 67.47587204 2.240245 50.50650192
v 67.610008 2.27495758 50.64313089
v 67.59583161 2.26430512 50.49527228
v 67.58978002 2.24059051 50.34691086
v 67.71608785 2.27761244 50.48539913
v 67.71469286 2.26042886 50.33880891
v 67.72302653 2.23757843 50.1955594
v 67.8370538 2.28373971 50.344108
v 67.86032248 2.26989124 50.21841806
v 67.89554809 2.25307244 50.10309002
v 68.0134198 2.3037435 50.28538217
v 68.06463959 2.30307277 50.19015618
v 68.11761722 2.30000143 50.09101403
v 68.22435206 2.32961155 50.28739133
v 68.28477223 2.32860113 50.18666561
v 68.34124862 2.32547633 50.07679706
v 68.44398231 2.34345792 50.28815328
v 68.5126443 2.34135256 50.17468902
v 68.57176011 2.3352124 50.04843418
v 68.679465 2.35720184 50.27854338
v 68.76161738 2.35226338 50.14715544
v 68.83589631 2.36401205 50.38623204
v 68.5940072 2.35966964 50.3965604
v 68.73279205 2.36371419 50.50641374
v 68.85922497 2.36465229 50.61524978
v 68.96923335 2.36725084 50.49380227
v 68.97928589 2.36401457 50.72669055
v 69.08604715 2.36657068 50.60162747
v 69.20766344 2.34752756 50.45353252
v 69.19047021 2.36306687 50.71399532
v 69.3077082 2.35079818 50.56844884
v 69.43403258 2.34898427 50.47763057
v 69.34316641 2.34623427 50.3408931
v 69.57763169 2.3425247 50.41260732
v 69.50193762 2.33833964 50.27903158
v 69.72625465 2.34860517 50.3453752
v 69.65913515 2.34563393 50.2130012
v 69.5979961 2.34372345 50.08096118
v 69.54411551 2.34674798 49.94599934
v 69.81393441 2.35073588 50.13950196
v 69.75644187 2.34712607 50.00938059
v 69.70367695 2.34274073 49.876589
v 69.6554675 2.33837812 49.74016002
v 69.49630217 2.35091191 49.80484738
v 69.90936422 2.36904951 49.92443566
v 69.85679389 2.36118948 49.79397044
v 69.80620513 2.35028842 49.66045251
v 69.75739644 2.33540637 49.52410759
v 69.61074411 2.33469675 49.59849675
v 70.00597817 2.37539407 49.70363939
v 69.95248842 2.3616664 49.57317663
v 69.90013142 2.34554023 49.44108981
v 69.84681233 2.33249499 49.30791746
v 69.7090302 2.31752277 49.38570272
v 70.09592048 2.3595639 49.48244152
v 70.03880889 2.3492668 49.35335953
v 69.98017493 2.3408971 49.22407557
v 69.91787392 2.33678351 49.09463519
v 69.79174162 2.32040284 49.17537013
v 70.17342775 2.34186029 49.24582103
v 70.10923276 2.34222062 49.11854125
v 70.03664526 2.34453949 48.99630617
v 69.95570793 2.34410356 48.87718932
v 69.84742361 2.33534466 48.96890118
v 70.21617252 2.33984846 49.0115381
v 70.13616849 2.33710856 48.88900946
v 70.04117491 2.33060834 48.77942882
v 69.93835219 2.32288074 48.6756254
v 70.2091132 2.32867943 48.80572993
v 70.10421525 2.31966939 48.70012153
v 69.99054325 2.30206344 48.60716251
v 69.87385186 2.27609613 48.52290952
v 70.15709472 2.30429636 48.63194741
v 70.03318329 2.27927397 48.5485166
v 69.90370654 2.25495749 48.46601556
v 70.06997531 2.26133354 48.48988938
v 69.92658728 2.23609041 48.41622436
v 70.09960631 2.24818669 48.44088246
v 69.94363742 2.22055793 48.37312356
v 70.1249247 2.23612695 48.40072858
v 69.95693943 2.20934453 48.32986162
v 70.1499614 2.22469534 48.36040682
v 69.96964582 2.19988948 48.28743618
v 70.17374741 2.21387821 48.32473206
v 69.98498526 2.19492484 48.25280552
v 70.19804418 2.20318426 48.28959442
v 69.99956768 2.1890322 48.22179678
v 70.20638964 2.1945321 48.28954256
v 70.00342096 2.1826809 48.23596256
v 70.19883622 2.19732781 48.32201077
v 70.00199128 2.1810176 48.27243559
v 70.19103664 2.20084535 48.36044319
v 70.38253919 2.19665818 48.4320259
v 70.36122864 2.19667426 48.46788621
v 70.33909289 2.20145521 48.50330622
v 70.48185271 2.20904322 48.60820913
v 70.45306232 2.204596 48.63723592
v 70.57848332 2.21295947 48.74654623
v 70.51164425 2.21721576 48.58188427
v 70.61041913 2.22747808 48.72491417
v 70.69847421 2.23057645 48.87256614
v 70.63852305 2.24873913 48.70520748
v 70.72638567 2.25707482 48.85788917
v 70.79817431 2.26052366 49.01715082
v 70.71258678 2.2907039 48.86181098
v 70.78493932 2.29360122 49.0213874
v 70.84404052 2.29740567 49.18112647
v 70.7515777 2.30888653 49.03465044
v 70.81130728 2.31268307 49.1935542
v 70.86385008 2.31690332 49.3512699
v 70.77364788 2.31887946 49.2081261
v 70.82749862 2.31954151 49.36541809
v 70.87779697 2.31853126 49.52277144
v 70.78758753 2.32758574 49.38048931
v 70.83989292 2.32102936 49.5366296
v 70.88980737 2.31208255 49.69118565
v 70.7997823 2.32515179 49.55081289
v 70.85105791 2.31199946 49.7049419
v 70.9026738 2.30329671 49.85551624
v 70.80895473 2.31278418 49.71983658
v 70.86414002 2.30314955 49.86938913
v 70.92042379 2.29486438 50.01562214
v 70.80846308 2.30593743 49.89077082
v 70.86892458 2.29731129 50.03521798
v 70.93124799 2.28971065 50.17799903
v 70.7970792 2.30077327 50.06463981
v 70.85955852 2.29139365 50.20649348
v 70.92576467 2.28341896 50.34797492
v 70.77006737 2.29693885 50.24531614
v 70.83249382 2.29005523 50.38664445
v 70.89466417 2.28304811 50.53042575
v 70.70828226 2.3071425 50.44339908
v 70.77117747 2.30026932 50.58160266
v 70.83149367 2.28759114 50.72162834
v 70.63564366 2.31942676 50.64687043
v 70.69790257 2.30508234 50.77703912
v 70.75519222 2.2868747 50.90654294
v 70.55902516 2.30332079 50.8492724
v 70.62111705 2.28209645 50.96924965
v 70.68071933 2.2580471 51.08576791
v 70.48206957 2.26886153 51.05801026
v 70.54533841 2.24831339 51.17181023
v 70.60817923 2.21004708 51.27560497
v 70.40838469 2.2306885 51.27574338
v 70.46841431 2.1961443 51.38647116
v 70.52469454 2.14215802 51.48137677
v 70.33170945 2.18507217 51.47691027
v 70.38441624 2.13934867 51.58118329
v 70.42463715 2.07363077 51.66522631
v 70.24073246 2.13641834 51.65243414
v 70.27673337 2.07477703 51.73508133
v 70.30382215 2.01168537 51.80938045
v 70.13793441 2.10027415 51.81123326
v 70.16210348 2.0406254 51.87391867
v 70.17055728 1.98246192 51.92125933
v 70.30618336 1.95905362 51.85465363
v 70.16870397 1.93346465 51.9594082
v 70.03023975 2.00235761 51.99432527
v 70.03587486 1.95668622 52.03247499
v 70.03054687 1.92409825 52.06065147
v 69.8767858 1.97042357 52.09243288
v 69.8758035 1.94602295 52.11596203
v 69.87399725 1.9228324 52.13825682
v 69.73434055 2.00390536 52.18312556
v 69.73800744 1.98925403 52.20640602
v 69.74167436 1.97460269 52.22968648
v 69.58960943 2.05350508 52.2354424
v 69.5934976 2.04179333 52.26605276
v 69.59681477 2.03106174 52.29439712
v 69.41535659 2.04413695 52.28012711
v 69.4193107 2.0340036 52.30787087
v 69.42340187 2.02376156 52.3353651
v 69.25258313 2.02564657 52.32810794
v 69.25963058 2.01393154 52.35457373
v 69.26667804 2.00221651 52.38103952
v 69.11451533 2.0144256 52.39289502
v 69.12339088 2.00151417 52.4188082
v 69.13205664 1.98824874 52.44470151
v 68.99005946 2.00067276 52.46467878
v 69.00155192 1.98803423 52.48905553
v 69.01198904 1.97385414 52.51028029
v 68.88373775 1.98097693 52.54922928
v 68.89857579 1.96669775 52.57117318
v 68.90053082 1.96098569 52.57439909
v 68.78786565 1.95943651 52.64711952
v 68.79079932 1.95432088 52.64987633
v 68.77370098 1.96197317 52.62511568
v 68.67611378 1.94560327 52.73298369
v 68.65787436 1.95322113 52.70896507
v 68.63991798 1.96366253 52.68540461
v 68.54008941 1.93178674 52.79629226
v 68.52112555 1.9415293 52.77240851
v 68.50210074 1.95091098 52.74829628
v 68.40114919 1.90084288 52.85178349
v 68.38237269 1.90869411 52.82561135
v 68.36375624 1.91777259 52.80078469
v 68.26658674 1.85764825 52.88041257
v 68.25064173 1.86839285 52.85308571
v 68.23426846 1.87986799 52.82557413
v 68.15871208 1.81872839 52.87776335
v 68.14343426 1.83230856 52.8515119
v 68.12815122 1.84680713 52.8263948
v 68.07390977 1.78812397 52.86303974
v 68.05943645 1.80416949 52.83944425
v 67.99905147 1.76550005 52.84867561
v 67.98527733 1.786518 52.8298438
v 67.94927685 1.73470208 52.85999786
v 67.93639325 1.75735443 52.84104853
v 67.91317138 1.78585351 52.82003441
v 67.90212678 1.72614013 52.85982999
v 67.87923401 1.75609702 52.84135582
v 67.84641372 1.79524996 52.81620117
v 67.85381509 1.73548944 52.86174392
v 67.81780594 1.77814817 52.83883877
v 67.77674855 1.83277559 52.80671286
v 67.79109601 1.76442293 52.86185639
v 67.74916045 1.82473064 52.82916828
v 67.69956094 1.89247987 52.77856045
v 67.72242013 1.81955503 52.85158733
v 67.67134506 1.88733801 52.79886689
v 67.61308674 1.95276075 52.72644398
v 67.64446658 1.88343545 52.82001016
v 67.58581359 1.94998264 52.74523134
v 67.52413928 2.00775506 52.65871858
v 67.5869567 1.95869292 52.75415423
v 67.53189163 2.02233399 52.66436843
v 67.47209302 2.06904809 52.56343295
v 67.56108073 2.03310174 52.65586815
v 67.49964281 2.08293542 52.55534603
v 67.43339524 2.11309028 52.44563718
v 67.52868087 2.09644748 52.54691243
v 67.4633028 2.12772334 52.43545651
v 67.39508321 2.14546079 52.31691669
v 67.4947424 2.14007774 52.42437571
v 67.42813232 2.15950643 52.30496909
v 67.36516471 2.17038308 52.17596421
v 67.46213612 2.17357809 52.29227525
v 67.40062328 2.18451417 52.16368188
v 67.34854536 2.18639931 52.0259208
v 67.43840442 2.19373636 52.15031824
v 67.38491652 2.19732041 52.01578694
v 67.34572827 2.19255975 51.8751074
v 67.42195917 2.20744096 52.0052111
v 67.38035876 2.20434436 51.86630085
v 67.34788028 2.19808567 51.72524853
v 67.42971303 2.21970351 51.85284107
v 67.39400746 2.21071376 51.71383804
v 67.3667365 2.19627243 51.57177193
v 67.45435464 2.23100244 51.6979321
v 67.4260778 2.21430782 51.55706802
v 67.39360353 2.19636866 51.41654667
v 67.49379883 2.23828309 51.54000458
v 67.46087432 2.22065643 51.40051655
v 67.42475084 2.20892098 51.26078337
v 67.54016696 2.25243388 51.38234175
v 67.503077 2.23811269 51.24421268
v 67.46733758 2.23133431 51.10442797
v 67.59851737 2.26991498 51.22528263
v 67.56333612 2.25920149 51.08760817
v 67.53128666 2.25191368 50.94745211
v 67.68719931 2.2935316 51.06554044
v 67.65574775 2.28588785 50.9282583
v 67.62881269 2.28187807 50.78828316
v 67.77802795 2.32549873 50.90843834
v 67.74781589 2.31004925 50.77224437
v 67.72679453 2.29274528 50.63067808
v 67.86357491 2.32540528 50.75787696
v 67.83644403 2.30731533 50.61922003
v 67.83051637 2.29621365 50.48165271
v 67.96726821 2.31185348 50.38268396
v 68.10592404 2.33225194 50.46841007
v 68.16376798 2.33030173 50.38141624
v 68.22352643 2.34634498 50.56763965
v 68.29633535 2.34385016 50.48276555
v 68.37032306 2.34131492 50.38967562
v 68.4194203 2.34827406 50.59023875
v 68.50739978 2.35603887 50.49911874
v 68.5359879 2.35800297 50.70174519
v 68.63518305 2.36202816 50.61093124
v 68.64641311 2.36022065 50.81280202
v 68.75557357 2.36083 50.72166075
v 68.7482398 2.35423616 50.92032461
v 68.87235232 2.35814777 50.82970037
v 68.83194881 2.34531073 51.02639773
v 68.97104402 2.3531024 50.94142894
v 69.08318267 2.36153894 50.85557912
v 69.03927711 2.34489863 51.07134628
v 69.16264427 2.35575633 50.98663523
v 69.28052747 2.35517106 50.83382044
v 69.23276849 2.33985199 51.12414729
v 69.35698334 2.34661918 50.96125218
v 69.47824729 2.34371899 50.83440963
v 69.39779938 2.3517804 50.69996167
v 69.60248074 2.34099307 50.754051
v 69.52112221 2.34806712 50.61659369
v 69.73378516 2.33862125 50.68355098
v 69.65639563 2.34151268 50.54841353
v 69.87124237 2.34247823 50.6082697
v 69.79837293 2.34785632 50.4775338
v 70.01230395 2.34798622 50.52421231
v 69.94348723 2.35409211 50.39616491
v 69.87690754 2.35285531 50.26822397
v 70.08957188 2.36594011 50.30564583
v 70.02605561 2.37487076 50.17915483
v 69.96543095 2.37356029 50.0525626
v 70.17579562 2.38467182 50.08650831
v 70.11719921 2.38918202 49.95940989
v 70.06119965 2.38304245 49.83227182
v 70.26887931 2.381307 49.86591959
v 70.21124686 2.38217532 49.7377198
v 70.15301675 2.3715184 49.61041846
v 70.3529188 2.35363682 49.63632545
v 70.29273747 2.34742856 49.50555385
v 70.23357406 2.34387423 49.37562897
v 70.41927918 2.34669335 49.4035023
v 70.35644198 2.3420876 49.26915789
v 70.28868778 2.33857941 49.13896799
v 70.45158777 2.34202538 49.19095086
v 70.37906956 2.3364732 49.05600333
v 70.29857943 2.33329696 48.9276776
v 70.4483297 2.3261101 48.99930864
v 70.36484931 2.31523682 48.86479687
v 70.26869318 2.31289539 48.73884018
v 70.42419373 2.29983348 48.81708721
v 70.32367119 2.28965929 48.68566884
v 70.20555837 2.2877037 48.57201999
v 70.36673486 2.27166726 48.65133064
v 70.24798566 2.26954834 48.52553719
v 70.40241451 2.25836474 48.6277232
v 70.2806337 2.25113352 48.49311966
v 70.43861291 2.24915948 48.60528091
v 70.31370251 2.23518927 48.46426327
v 70.47435477 2.2448302 48.58485846
v 70.34782653 2.21990168 48.43849978
v 70.51089877 2.24189617 48.56654795
v 70.37719604 2.21152323 48.41490581
v 70.53743721 2.23086412 48.55620951
v 70.40097363 2.19897091 48.4018316
v 70.61808258 2.27415257 48.71141532
v 70.58059711 2.27519894 48.7293342
v 70.6765815 2.30101345 48.87690754
v 70.54332581 2.27869568 48.74792135
v 70.63732152 2.30461029 48.89398807
v 70.71224111 2.31566146 49.04981611
v 70.59659936 2.31173839 48.91205478
v 70.67170366 2.32696292 49.0662521
v 70.73274421 2.33067181 49.22372072
v 70.62702619 2.33445825 49.0844142
v 70.68971278 2.34015793 49.24019004
v 70.74583138 2.33450312 49.39597018
v 70.64387335 2.343859 49.25890626
v 70.70189341 2.33965727 49.41317077
v 70.75680593 2.32745618 49.56665047
v 70.64766433 2.34181534 49.43790464
v 70.70182707 2.32932835 49.59036134
v 70.7553244 2.31508503 49.74113951
v 70.63044338 2.33373928 49.62643212
v 70.68382216 2.32111818 49.77442443
v 70.73855334 2.31068899 49.92077536
v 70.59490803 2.33168274 49.82304365
v 70.6509719 2.31970164 49.96447507
v 70.7082341 2.308202 50.10575725
v 70.52899461 2.33854952 50.03548957
v 70.58684722 2.32576686 50.17047897
v 70.64642458 2.31446061 50.30642094
v 70.4452683 2.35274409 50.25514382
v 70.50768894 2.34089558 50.38547767
v 70.57178382 2.33146478 50.51605457
v 70.36367582 2.35341709 50.47280046
v 70.42936236 2.34033018 50.60033475
v 70.4949062 2.3219247 50.72596965
v 70.28800999 2.31755594 50.6901436
v 70.35390818 2.30010818 50.81548648
v 70.41840119 2.28318079 50.93799925
v 70.21597594 2.28939907 50.90660515
v 70.28113875 2.26849515 51.03210937
v 70.34543619 2.25031462 51.15572261
v 70.14784669 2.26843799 51.11802018
v 70.21237666 2.24989469 51.24285288
v 70.27417448 2.22451636 51.36405178
v 70.07889265 2.24336348 51.3241768
v 70.14001613 2.21640115 51.44443019
v 70.19592694 2.18573557 51.55675543
v 70.00726472 2.23197801 51.53274229
v 70.05946126 2.19775692 51.64173622
v 70.10193679 2.14916665 51.7331701
v 69.92167248 2.19004582 51.73255822
v 69.96114764 2.14865058 51.82579607
v 69.99286145 2.10260085 51.89615048
v 70.01781573 2.05102234 51.9501829
v 69.87594519 1.99460008 52.06801622
v 69.72995087 2.01809412 52.15951155
v 69.58506977 2.07708003 52.17189406
v 69.58568918 2.06518623 52.20482733
v 69.38853094 2.07763899 52.18894968
v 69.3982588 2.06630975 52.21986664
v 69.40768571 2.05504248 52.25057921
v 69.22604347 2.05904767 52.24486605
v 69.23547541 2.04778965 52.27279048
v 69.24487621 2.03707991 52.30111985
v 69.08411549 2.05296287 52.3159327
v 69.09431776 2.04031213 52.3422456
v 69.10457858 2.02740483 52.36763362
v 68.95436938 2.03689339 52.3916221
v 68.96706732 2.02545142 52.41681699
v 68.97862784 2.01323687 52.44052445
v 68.84029576 2.01803999 52.47987518
v 68.85457279 2.00575665 52.50270406
v 68.86877391 1.99349011 52.5257461
v 68.73834824 1.99995165 52.5810112
v 68.75475994 1.98663751 52.60304955
v 68.77122005 1.97349621 52.62530191
v 68.63785121 1.97773999 52.6875684
v 68.65554943 1.96439252 52.70907452
v 68.67341282 1.95088399 52.7305941
v 68.53744385 1.94454078 52.7964571
v 68.55626349 1.93016895 52.8183094
v 68.55920526 1.92453241 52.82066464
v 68.43390196 1.89308278 52.90234282
v 68.4376995 1.88739076 52.90521986
v 68.4192233 1.89299055 52.87825989
v 68.31102183 1.83411797 52.96620367
v 68.29657814 1.84046821 52.93717116
v 68.2810758 1.84896024 52.90921204
v 68.19581668 1.78668781 52.95827014
v 68.18454208 1.79671883 52.9317956
v 68.17277936 1.80646761 52.9044066
v 68.10917983 1.74757229 52.9368014
v 68.0996874 1.75850221 52.91230393
v 68.08790835 1.77207735 52.88771738
v 68.04704004 1.70390821 52.93295924
v 68.05483819 1.69339907 52.95178515
v 67.99372448 1.66303694 52.93953785
v 67.9861022 1.6706231 52.92591743
v 68.11882574 1.7373839 52.95944944
v 68.12461887 1.72876837 52.98076075
v 68.20504897 1.77851279 52.9859351
v 68.20266814 1.78207448 52.98363189
v 68.12431243 1.73263196 52.97992157
v 68.30738432 1.83879881 52.96321853
v 68.2925282 1.85039497 52.93556788
v 68.19536081 1.79598391 52.9569686
v 68.41496113 1.90581547 52.87821493
v 68.39671577 1.91828003 52.85330375
v 68.27805337 1.86205805 52.90721241
v 68.51863544 1.95775208 52.77378734
v 68.49970425 1.9705682 52.75094247
v 68.37863745 1.92893391 52.82662901
v 68.61999123 1.99068855 52.665739
v 68.60238654 2.00345441 52.64393806
v 68.4806177 1.98335137 52.72726633
v 68.72175911 2.01302555 52.55942864
v 68.70609142 2.02588655 52.53829396
v 68.58546492 2.01611563 52.62250687
v 68.82597697 2.02919538 52.45544085
v 68.81116399 2.04072036 52.43126261
v 68.69036063 2.03889138 52.51670332
v 68.94240978 2.04873483 52.36625782
v 68.93001603 2.06082791 52.33994576
v 68.79511805 2.0537962 52.40519385
v 69.07390247 2.06561752 52.28962013
v 69.06109787 2.07962642 52.25920105
v 68.91575693 2.07374754 52.31029582
v 69.21474853 2.07200039 52.21435605
v 69.20200378 2.08608741 52.18127343
v 69.0479482 2.09390673 52.22769157
v 69.02936818 2.11270209 52.18472227
v 68.87735499 2.10447963 52.23365055
v 68.90092463 2.08661754 52.28098987
v 69.1867002 2.10233343 52.14234397
v 69.16134894 2.12650708 52.08211044
v 69.0043221 2.13597829 52.12912497
v 68.9716065 2.16346292 52.05831223
v 68.8169758 2.15297245 52.1151481
v 68.85133855 2.12417011 52.18207507
v 69.12864869 2.15665314 52.00689283
v 69.08713913 2.19248988 51.9139057
v 68.93069759 2.19442662 51.97040095
v 69.29510111 2.16554708 51.96857171
v 69.24867881 2.20015863 51.86944813
v 69.19766252 2.23259519 51.7583702
v 69.03896978 2.23026596 51.80764955
v 69.47225642 2.17570636 51.93316787
v 69.41738976 2.20930303 51.83423185
v 69.36078332 2.2386078 51.71851653
v 69.30156785 2.26484653 51.59534966
v 69.14332778 2.26418675 51.64127058
v 69.55481814 2.21727275 51.72782669
v 69.49979146 2.24813517 51.62054388
v 69.43520475 2.27384697 51.50321846
v 69.36656212 2.29771843 51.37993541
v 69.23676013 2.28624834 51.46830813
v 69.63208248 2.26130256 51.44311181
v 69.56405931 2.28253768 51.32658146
v 69.49500454 2.30441885 51.21000136
v 69.42633792 2.32703431 51.08900291
v 69.29889227 2.31946793 51.25458875
v 69.68987848 2.28954421 51.22262524
v 69.62198125 2.31232249 51.09401722
v 69.55200302 2.33387154 50.96465497
v 69.74887642 2.30636889 51.02040886
v 69.67777206 2.32562753 50.88871057
v 69.87922456 2.30509976 50.94517555
v 69.80797968 2.32285354 50.8156115
v 70.0134713 2.3124252 50.86541302
v 69.94331212 2.33447803 50.73812161
v 70.14935803 2.31068807 50.77976066
v 70.08123147 2.33014943 50.65194077
v 70.22159682 2.3363992 50.56255052
v 70.15518526 2.35129749 50.43355874
v 70.29909971 2.36581703 50.34401313
v 70.2365096 2.37679479 50.21502472
v 70.38533751 2.36662793 50.12477989
v 70.32684263 2.37899142 49.99535241
v 70.47057777 2.34782525 49.90115573
v 70.41267204 2.35630027 49.7677208
v 70.53787381 2.34263541 49.68148587
v 70.47905447 2.34723922 49.54136837
v 70.57727994 2.34568023 49.47706764
v 70.51573174 2.34441186 49.33264183
v 70.58869615 2.3435198 49.2858978
v 70.52128477 2.33744195 49.14018013
v 70.58090827 2.33793327 49.10573704
v 70.51031156 2.3234187 48.95701731
v 70.55464369 2.31818954 48.93236349
v 70.46721219 2.29295171 48.78912439
v 70.50514445 2.28585636 48.76764201
v 70.08153354 2.28968278 50.99200827
v 69.94801721 2.28679295 51.07334558
v 70.01454386 2.26600066 51.19990783
v 69.81749909 2.28683572 51.15010248
v 69.88382862 2.26879494 51.27964128
v 69.94721675 2.25080956 51.40858764
v 69.75680767 2.26955053 51.35235834
v 69.81886967 2.25294078 51.48596989
v 69.87429864 2.23033651 51.61705017
v 69.69427982 2.24036716 51.56224608
v 69.74640172 2.20809855 51.68503436
v 69.78889506 2.16935792 51.80554401
v 69.60377298 2.18746361 51.82381967
v 69.10243928 2.32747697 51.20374519
v 69.16885318 2.30713568 51.33673712
v 68.96017086 2.32535072 51.26503603
v 69.02309526 2.30969894 51.39093901
v 69.08428939 2.2884022 51.51720669
v 68.87493768 2.30837837 51.45720291
v 68.93259822 2.28809887 51.57740073
v 68.98757529 2.26296923 51.69551877
v 68.777172 2.28817279 51.64589216
v 68.83068187 2.26089383 51.75847999
v 68.88208813 2.22737613 51.86622424
v 68.67283908 2.26484005 51.82873068
v 68.72458218 2.22854037 51.93227733
v 68.7739053 2.18780945 52.02974208
v 68.57105874 2.23796486 52.00804654
v 68.62152353 2.20173319 52.10051609
v 68.66764129 2.1655624 52.18329899
v 68.46987752 2.2048244 52.16835498
v 68.51730313 2.17239475 52.24815291
v 68.55854645 2.14279229 52.31489416
v 68.70297172 2.13569281 52.24502197
v 68.59359422 2.11615076 52.37080295
v 68.73255645 2.10927185 52.29749001
v 68.62191463 2.09369546 52.41455015
v 68.75853555 2.08573761 52.34318244
v 68.64865533 2.07281907 52.45648983
v 68.77817091 2.0682172 52.37639454
v 68.67130825 2.0547136 52.48918215
v 68.51968754 2.06443283 52.53654285
v 68.54529024 2.04589164 52.57080208
v 68.56804052 2.02889706 52.60101675
v 68.42014137 2.02387715 52.65010583
v 68.44131655 2.00980301 52.67804187
v 68.46151017 1.99626548 52.70374661
v 68.32110593 1.96613698 52.74658306
v 68.34093334 1.95306429 52.77491041
v 68.35976397 1.9407469 52.80126439
v 68.23171336 1.90082373 52.82054509
v 68.2482428 1.88727378 52.84958248
v 68.26431198 1.87395577 52.87833549
v 68.16022645 1.83875053 52.87007582
v 68.17436377 1.82274714 52.89972829
v 68.18511102 1.80949921 52.92854544
v 68.10471544 1.77642413 52.90708714
v 68.11119369 1.76029185 52.93186126
v 68.11973101 1.74625675 52.95740688
v 68.05574262 1.72070009 52.93174256
v 68.05188303 1.73936389 52.90932755
v 68.00938502 1.68846352 52.92864074
v 67.96226787 1.66556946 52.92768252
v 67.92045414 1.67141811 52.91239317
v 67.91497654 1.65356023 52.92773134
v 67.86942874 1.67680489 52.91785291
v 67.85734231 1.65985603 52.93811675
v 67.88846815 1.69621416 52.8974766
v 67.85523189 1.73052668 52.88548674
v 67.83035026 1.71415415 52.90434414
v 67.90828529 1.71777189 52.88042452
v 67.87740797 1.75121457 52.86536012
v 67.8419463 1.79531037 52.84680361
v 67.81434304 1.77852188 52.86761753
v 67.93114254 1.745007 52.86397052
v 67.90746387 1.77537456 52.84759211
v 67.8752691 1.81128004 52.82839763
v 67.83863123 1.86195875 52.80097462
v 67.80602731 1.85027938 52.81953585
v 67.94679566 1.80386132 52.82910144
v 67.9117311 1.83599737 52.80734579
v 67.87580251 1.87538705 52.78315728
v 67.83158193 1.93306724 52.74357519
v 67.7951723 1.9246168 52.76093859
v 67.95580662 1.86295036 52.78362553
v 67.91655161 1.89775668 52.75738974
v 67.87237455 1.94477133 52.72178166
v 67.81816635 2.00805279 52.66232485
v 67.77641205 2.00111845 52.68126189
v 67.97030646 1.92315741 52.7278319
v 67.92760581 1.96165301 52.69332432
v 67.86975724 2.02055001 52.63569186
v 67.80916314 2.08521173 52.55741099
v 67.76000477 2.07760515 52.57932104
v 68.00009893 1.98553562 52.65670279
v 67.94187935 2.03223519 52.59513152
v 67.87930161 2.09267182 52.52080512
v 67.8223786 2.158076 52.42935289
v 67.75315281 2.14877501 52.4587496
v 68.04029054 2.05937638 52.55035656
v 67.97784531 2.1079155 52.47255573
v 67.91697112 2.1654298 52.38504636
v 67.85887007 2.21942897 52.28478169
v 67.76579647 2.20590798 52.32009158
v 68.10383441 2.13701296 52.42806802
v 68.04412706 2.17804282 52.33717665
v 67.98241865 2.22949935 52.23965449
v 67.9183486 2.26443309 52.12797934
v 67.79981382 2.25425377 52.16977304
v 68.18173938 2.20109396 52.29390243
v 68.12038717 2.23581908 52.19063983
v 68.05783755 2.26852579 52.08011822
v 67.99667165 2.30029003 51.96672598
v 67.85663581 2.28988601 52.01083855
v 68.26573812 2.2334582 52.13599857
v 68.2051202 2.26196984 52.02714607
v 68.14651798 2.29004218 51.91375904
v 68.09017511 2.31382878 51.79917588
v 67.9389763 2.31840287 51.84806543
v 68.35920252 2.26494183 51.96984952
v 68.30121816 2.28825639 51.85750187
v 68.24522938 2.31005826 51.74437246
v 68.19131348 2.32357015 51.62896182
v 68.03752926 2.33190289 51.6810527
v 68.45905572 2.29430394 51.79329249
v 68.40345821 2.31082807 51.68075989
v 68.34885668 2.32291955 51.56839297
v 68.29536045 2.33026258 51.45531348
v 68.13908554 2.33418152 51.51203444
v 68.56379771 2.3125519 51.60884968
v 68.50859314 2.32511811 51.49729265
v 68.4533562 2.33524801 51.38646982
v 68.39704941 2.34300701 51.27717895
v 68.24162985 2.33643464 51.34225757
v 68.66489744 2.32338982 51.41809792
v 68.60638879 2.33579574 51.30592564
v 68.54520306 2.3458385 51.19647162
v 68.47870731 2.3527052 51.08794652
v 68.33793306 2.3476514 51.16731199
v 68.75335413 2.33417605 51.22222813
v 68.68804122 2.345674 51.11215153
v 68.61489218 2.35497389 51.00489961
v 68.52907393 2.35563763 50.89705863
v 68.40557233 2.35369188 50.97900664
v 68.32612529 2.35428448 50.86782929
v 68.21039389 2.35091301 50.94102639
v 68.27636347 2.34994047 51.05530194
v 68.43271478 2.35290843 50.78621332
v 68.33142946 2.352628 50.67536582
v 68.24026053 2.35448358 50.75614842
v 68.13988061 2.35547498 50.82198738
v 68.02416705 2.36035863 50.86382153
v 68.08113072 2.36077166 50.98589573
v 67.9023104 2.34527242 50.88937784
v 67.94506459 2.36510977 51.01738526
v 67.99191318 2.36663584 51.14472599
v 68.13499409 2.35446666 51.10818477
v 68.0399441 2.36039929 51.2708966
v 68.18820821 2.34434552 51.22686612
v 68.08922496 2.34762303 51.39251703
v 67.89541659 2.35438887 51.30570465
v 67.93969981 2.35505463 51.43475894
v 67.98744407 2.34623528 51.55966816
v 67.7989791 2.32499528 51.46828312
v 67.84085126 2.32825621 51.59855208
v 67.88728127 2.32682292 51.72546203
v 67.71183485 2.30597877 51.63062234
v 67.75432857 2.30658105 51.76131021
v 67.79998397 2.30219301 51.88878405
v 67.64868388 2.28569388 51.79065472
v 67.69196013 2.28147186 51.92104095
v 67.74172953 2.27270547 52.04804687
v 67.60919491 2.25932002 51.94685782
v 67.6575428 2.25148938 52.07572884
v 67.71176212 2.23756909 52.20077419
v 67.58628622 2.23241376 52.09975891
v 67.64112415 2.21930563 52.22541513
v 67.69627896 2.19303036 52.34652487
v 67.58168216 2.20339919 52.24653566
v 67.64137167 2.18108621 52.36750094
v 67.70138731 2.14491096 52.48263857
v 67.59751116 2.17159421 52.38469024
v 67.6610073 2.13671569 52.4988395
v 67.71983775 2.07227699 52.59722611
v 67.62341002 2.12793507 52.51344289
v 67.68588143 2.0650591 52.61042642
v 67.74290378 1.99427629 52.6942945
v 67.65304481 2.05831662 52.62296266
v 67.70988995 1.98803415 52.70687856
v 67.76219711 1.91812256 52.77550528
v 67.67851062 1.98259999 52.72025314
v 67.730536 1.91164586 52.78962408
v 67.7758405 1.84060552 52.83661823
v 67.70007314 1.90492073 52.80404983
v 67.74689462 1.83501877 52.85472905
v 67.7887683 1.76787031 52.88735722
v 67.71832725 1.8282004 52.87348543
v 67.76381065 1.75913581 52.90875895
v 67.80887808 1.70029607 52.93004954
v 67.73891883 1.75188134 52.93254083
v 67.78959342 1.68967959 52.95539109
v 67.84155726 1.64427282 52.96472432
v 67.79654102 1.6905528 52.93627405
v 67.84902885 1.65438574 52.94300352
v 67.811851 1.70348178 52.90894668
v 67.85778194 1.66634409 52.9199726
v 67.90344163 1.64842351 52.92950316
v 67.87016791 1.68418425 52.8994476
v 67.90836392 1.66066522 52.91401664
v 67.9527554 1.65948053 52.92642694
v 67.91712089 1.67655942 52.89683946
v 67.94791376 1.66970533 52.91239367
v 67.92648762 1.70117133 52.87812249
v 67.88746867 1.70449696 52.87922434
v 67.83236084 1.71937724 52.88176025
v 67.76845352 1.75394489 52.8876736
v 67.7457607 1.74846592 52.91417879
v 67.69706848 1.81627314 52.87592283
v 67.6897172 1.82132794 52.89117918
v 67.64035602 1.88985847 52.83225057
v 67.67030635 1.89886712 52.81945216
v 67.61709627 1.96853065 52.74419734
v 67.64734749 1.9772054 52.73368346
v 67.59053973 2.04387467 52.64663965
v 67.62136999 2.05180453 52.63551372
v 67.55930453 2.1074829 52.53629635
v 67.59102061 2.11769207 52.52514971
v 67.52746183 2.15115357 52.41184486
v 67.56048417 2.1622795 52.39903282
v 67.49874907 2.18354904 52.27795052
v 67.53792049 2.19254561 52.2628777
v 67.47722494 2.20365091 52.13663789
v 67.52703517 2.21659883 52.11966697
v 67.47355031 2.22124987 51.98920968
v 67.53675297 2.23869417 51.96953465
v 67.492289 2.23801082 51.83564284
v 67.56384293 2.26052761 51.8153497
v 67.52800653 2.25242176 51.67855383
v 67.61078269 2.28037994 51.65633094
v 67.5740443 2.26868508 51.52033578
v 67.67191787 2.2994676 51.49713168
v 67.63380857 2.28598719 51.36179756
v 67.75974311 2.31695846 51.33529877
v 67.72299227 2.30451272 51.20091657
v 67.85352877 2.34857166 51.17449523
v 67.81487671 2.33523858 51.04198014
v 68.89824664 2.33724495 51.14069239
v 68.81466958 2.32228856 51.33806855
v 68.7217693 2.30903428 51.5314926
v 68.61875598 2.29303893 51.71996052
v 68.51559231 2.26752741 51.90317293
v 68.41664589 2.23654486 52.07509676
v 68.32446376 2.20443815 52.23665807
v 68.23718212 2.16116763 52.38046637
v 68.37570746 2.17126646 52.31876798
v 68.28626758 2.12546307 52.45578214
v 68.41992114 2.14082684 52.38825913
v 68.32879691 2.0949675 52.52013262
v 68.45667897 2.1125351 52.44417012
v 68.36486255 2.06704332 52.57358785
v 68.48999403 2.08677788 52.49347539
v 68.39440473 2.04344699 52.61505844
v 68.24553911 2.02470097 52.63420191
v 68.27511471 2.00047092 52.67796341
v 68.30130276 1.97945448 52.71690668
v 68.16822202 1.95607363 52.71635575
v 68.19670192 1.93277709 52.75996084
v 68.21398383 1.91561123 52.79025953
v 68.11075533 1.8950537 52.78057473
v 68.12891363 1.87441952 52.81099668
v 68.14454857 1.85576926 52.83997362
v 68.06458411 1.84008444 52.82252064
v 68.07910811 1.81859647 52.85083503
v 68.09343949 1.79773472 52.87992546
v 68.02748675 1.78583675 52.85870356
v 68.04272794 1.76013168 52.8837065
v 68.01224555 1.81154182 52.83370078
v 67.96503327 1.77734637 52.84800463
v 67.99277131 1.83720269 52.80919388
v 68.04517545 1.8646214 52.79497001
v 68.01115692 1.89122686 52.75965389
v 68.07911114 1.92081821 52.74040232
v 68.04188009 1.9510892 52.6995852
v 68.13496421 1.98464571 52.67125667
v 68.0956197 2.01742315 52.61989654
v 68.20829694 2.05591635 52.5779311
v 68.15913394 2.09446187 52.50646709
v 69.73294152 2.30836768 49.04382228
v 69.60914475 2.29000068 49.10582316
v 69.6597003 2.30247504 49.24607873
v 69.52347366 2.30099561 49.30542685
v 69.56731064 2.32182637 49.45274578
v 69.4209146 2.3264088 49.5069347
v 69.45639226 2.34265351 49.65794539
v 69.29413155 2.35347863 49.70971653
v 69.27679637 1.7953943 48.47494099
v 69.27467789 1.77954632 48.44097558
v 69.2698542 1.76196624 48.40956543
v 69.11078092 1.74269091 48.50860197
v 69.10611751 1.72184106 48.48166524
v 69.10172716 1.70111282 48.45462124
v 69.26522839 1.74486389 48.37861934
v 69.09777909 1.68371631 48.42838074
v 69.25717389 1.73411478 48.34633634
v 69.09834144 1.69545807 48.4314371
v 69.25573267 1.74538962 48.36253812
v 69.10090717 1.71925721 48.45415265
v 69.25577048 1.76378499 48.39293127
v 69.10637107 1.74503803 48.47730346
v 69.25598873 1.78373614 48.42308415
v 69.11030908 1.77141403 48.50162095
v 69.2551512 1.80362884 48.45417993
v 69.10962657 1.79947943 48.52977218
v 69.25218517 1.82505864 48.48604519
v 69.10963485 1.82745808 48.55782356
v 69.24835367 1.85049772 48.51591099
v 69.11204173 1.85621706 48.58620328
v 69.24418749 1.8776719 48.54635045
v 69.11369929 1.89433869 48.62047547
v 69.2413639 1.91843535 48.58105098
v 69.1159239 1.93343872 48.6549748
v 69.23934328 1.96245696 48.61765753
v 69.35908515 2.00745729 48.57201359
v 69.24091309 2.01050451 48.65864976
v 69.35907658 2.05110952 48.61832851
v 69.24218549 2.07507867 48.70632364
v 69.36763874 2.10826876 48.681317
v 69.11837772 1.97803082 48.69198983
v 69.1198863 2.04345524 48.73377191
v 69.1281951 2.12651634 48.82112806
v 68.98986865 2.04012713 48.7400668
v 69.00063618 2.11870215 48.83855628
v 69.01997248 2.1831505 48.96180953
v 68.87538781 2.09687839 48.85255167
v 68.89125838 2.17139998 48.97488996
v 68.90868258 2.24523801 49.1092805
v 68.76519776 2.1637697 48.9779661
v 68.76826283 2.24302109 49.10211679
v 68.77515265 2.30659208 49.24172344
v 68.60200315 2.19296276 49.02251139
v 68.59336266 2.2606523 49.15742718
v 68.57746409 2.29621534 49.29870951
v 68.43719534 2.1937521 49.08059333
v 68.41096557 2.24291855 49.21671174
v 68.37590042 2.27204417 49.35243043
v 68.2776081 2.15550549 49.1605338
v 68.23214878 2.1982873 49.29267265
v 68.1824048 2.21644123 49.4256863
v 68.12487859 2.08392896 49.24980177
v 68.06878138 2.09730977 49.37118941
v 68.00561736 2.11318688 49.48836169
v 67.96078002 2.0027495 49.31873552
v 67.89197617 2.02265904 49.43416115
v 67.82613313 2.03561736 49.55308647
v 67.80066513 1.94216411 49.39765116
v 67.72566169 1.95794693 49.51890141
v 67.64652918 1.97784342 49.64069758
v 67.6444947 1.89698101 49.49494055
v 67.5661554 1.92122719 49.62802289
v 67.48852244 1.96613319 49.76661466
v 67.49382627 1.88174234 49.61574254
v 67.40934497 1.94103284 49.75411428
v 67.34379111 2.00087611 49.90480135
v 67.34729871 1.91762387 49.74748744
v 67.28252595 1.97698773 49.9024523
v 67.24708977 2.03113326 50.06262739
v 67.23763818 1.96196905 49.89852545
v 67.197554 2.0083847 50.06265243
v 67.17079153 2.06460533 50.22118035
v 67.16371133 1.99648542 50.06125481
v 67.13452223 2.04638582 50.22311791
v 67.1119961 2.10532546 50.38046412
v 67.10108536 2.03427056 50.2231038
v 67.07496878 2.0924129 50.38105791
v 67.05564548 2.13931525 50.54097983
v 67.03911588 2.07780577 50.38239537
v 67.01868349 2.11944178 50.5446167
v 67.01937905 2.14201498 50.7090931
v 66.98485144 2.09873764 50.54848517
v 66.98703072 2.11911025 50.71431986
v 67.01508278 2.12954112 50.87690457
v 66.95623785 2.09900224 50.71925958
v 66.98602417 2.10803989 50.88320729
v 67.0321399 2.11337841 51.03909031
v 66.96583509 2.08116975 50.8885509
v 67.00900459 2.09100023 51.04566858
v 67.05542979 2.09836385 51.19522606
v 67.0044869 2.06505367 51.04946057
v 67.04013825 2.07580723 51.20108477
v 67.0754835 2.08347742 51.3481535
v 67.07021031 2.07454778 51.19754038
v 67.1022197 2.08382474 51.34491016
v 67.13088886 2.08564959 51.48906859
v 67.13300702 2.09319421 51.34090577
v 67.16162196 2.09488563 51.48487385
v 67.18733848 2.08670434 51.62685131
v 67.19294269 2.10535687 51.48084529
v 67.21855111 2.09768832 51.62280255
v 67.24407383 2.0825612 51.76310156
v 67.24920626 2.11530799 51.61954549
v 67.27664037 2.09769135 51.75903664
v 67.30482713 2.07384827 51.89608431
v 67.30942732 2.11494287 51.75543154
v 67.33995585 2.09068668 51.89070976
v 67.37308595 2.06922855 52.02374286
v 67.37570015 2.10962662 51.88580734
v 67.40862129 2.08470879 52.01536869
v 67.44337083 2.07771885 52.14114328
v 67.44648443 2.1113949 52.0082065
v 67.47631285 2.10070654 52.1292957
v 67.50907538 2.09450097 52.24519085
v 67.51080207 2.12411884 52.11782006
v 67.53920334 2.11590808 52.23085248
v 67.57039594 2.10912053 52.34592815
v 67.56260436 2.15971337 52.11358137
v 67.54278823 2.17652391 51.99995946
v 67.61907536 2.21067445 52.0100849
v 67.63266311 2.19253433 52.12269874
v 67.48724144 2.14057587 52.00116823
v 67.46190292 2.15984184 51.87918276
v 67.52238211 2.18918365 51.87770998
v 67.41400813 2.13151971 51.8821876
v 67.38037358 2.14745629 51.74882432
v 67.43847884 2.16815842 51.74549654
v 67.34427872 2.1323775 51.75232737
v 67.31862821 2.13967473 51.61196472
v 67.36106595 2.15012934 51.60816944
v 67.2825416 2.12816962 51.61575266
v 67.26162463 2.12271711 51.47246212
v 67.2979995 2.13424697 51.46812914
v 67.22550082 2.11652434 51.47689444
v 67.20265224 2.10242406 51.33266251
v 67.23932614 2.10845915 51.3281274
v 67.16674916 2.10036032 51.33689026
v 67.13752521 2.07963643 51.19055414
v 67.17645147 2.07988302 51.18664412
v 67.10284185 2.07525488 51.19426169
v 67.06867961 2.05417471 51.04351126
v 67.10385833 2.05315511 51.04079073
v 67.03489453 2.05700435 51.04652948
v 66.99959171 2.03684498 50.88915209
v 67.0343133 2.02828375 50.88712072
v 66.96910612 2.05284193 50.89097164
v 66.94369453 2.03979459 50.72650862
v 66.97426347 2.02113991 50.72653569
v 66.93526784 2.07001899 50.72428897
v 66.9295961 2.05465551 50.55599123
v 66.93924841 2.02618352 50.55959228
v 66.95259285 2.08098453 50.55182008
v 66.97383479 2.04752354 50.38628486
v 66.94502251 2.03042882 50.38888347
v 67.00647643 2.06022727 50.38487666
v 67.0351604 2.01192724 50.22306186
v 67.00324934 2.00170675 50.22320881
v 67.06795543 2.02274285 50.22295427
v 67.09908691 1.97233968 50.05985718
v 67.06654275 1.9635799 50.05840581
v 67.13143928 1.98410485 50.06060166
v 67.16875738 1.94139123 49.89264661
v 67.13652388 1.93296634 49.88860555
v 67.20201881 1.94919717 49.89630398
v 67.26144414 1.88760481 49.73640415
v 67.22676869 1.88161257 49.72918702
v 67.29684225 1.89869045 49.7411744
v 67.38063877 1.8271108 49.59621964
v 67.33799983 1.80936312 49.58945784
v 67.43282445 1.85101417 49.60477009
v 67.52573817 1.8047831 49.46858252
v 67.47452487 1.77208774 49.45762968
v 67.58040402 1.84653045 49.48041579
v 67.66333509 1.81750779 49.3527804
v 67.61242065 1.77481265 49.33724202
v 67.72538733 1.87501367 49.37170809
v 67.80179098 1.85220117 49.25140058
v 67.75145154 1.79203693 49.23697407
v 67.87155355 1.92485278 49.27786662
v 67.95232243 1.89322737 49.17488757
v 67.88497082 1.82758444 49.14422165
v 68.03772062 1.9701295 49.21636161
v 68.1004115 1.93984272 49.10479026
v 68.03266203 1.84955279 49.08317167
v 68.17457424 2.0500908 49.12499045
v 68.22338929 1.98247686 49.00700947
v 68.15327439 1.88506503 48.9917085
v 68.31215786 2.09600928 49.029361
v 68.34252752 2.00690855 48.91112593
v 68.25768169 1.89595026 48.89343513
v 68.45974252 2.10441468 48.95894243
v 68.4704787 2.00274155 48.85716516
v 68.36307651 1.88800415 48.8247446
v 68.6127062 2.10123419 48.91675061
v 68.6230661 2.01747791 48.83046583
v 68.48159183 1.91272287 48.78215987
v 68.75497298 2.07389609 48.8595273
v 68.74922661 1.99162602 48.77219371
v 68.62670778 1.9430403 48.75950139
v 68.86542907 2.02298034 48.75693181
v 68.8606122 1.95649617 48.69323126
v 68.74393532 1.92724426 48.70804023
v 68.98744475 1.97648177 48.69125419
v 68.98577456 1.92729284 48.66096998
v 68.85851462 1.91048466 48.65922881
v 68.85642787 1.87292253 48.63170562
v 68.74104389 1.83018261 48.64193629
v 68.74266956 1.87355121 48.67085397
v 68.98394162 1.88185133 48.63445435
v 68.98179647 1.84508991 48.60859118
v 68.8548464 1.83639735 48.60689361
v 68.85322404 1.800607 48.58323313
v 68.74032598 1.75996754 48.60572845
v 68.74072444 1.79459224 48.62470523
v 68.97975673 1.81327782 48.58521171
v 68.97707582 1.78544115 48.56132594
v 68.85161151 1.76987327 48.56598726
v 68.84952064 1.73881836 48.54872589
v 68.73803081 1.69910326 48.56783585
v 68.73969407 1.72908039 48.58698387
v 68.97389346 1.75849425 48.53606774
v 68.97002926 1.73107438 48.51301543
v 68.84652073 1.70897398 48.53068999
v 68.84320024 1.68000925 48.51219949
v 68.73421908 1.63962719 48.5317154
v 68.73618394 1.66942503 48.54988111
v 68.96416619 1.70350215 48.49089946
v 68.95962575 1.67610769 48.470624
v 68.84032379 1.65165679 48.49656715
v 68.83733182 1.65237567 48.51640079
v 68.72115481 1.62501124 48.54798807
v 68.73230604 1.61234739 48.51870872
v 68.95893421 1.67048175 48.4797732
v 68.95788246 1.68793743 48.50881901
v 68.83300518 1.67055952 48.54481115
v 68.82295915 1.69016047 48.5724938
v 68.69328384 1.66195858 48.60024951
v 68.70725469 1.64248244 48.57518595
v 68.95679879 1.70778132 48.53757807
v 68.95499975 1.72786725 48.56478909
v 68.81177568 1.71401671 48.59293191
v 68.79669137 1.73912979 48.6153587
v 68.65347281 1.7049791 48.64924935
v 68.67375543 1.68268888 48.62518628
v 68.94911336 1.75153533 48.59280125
v 68.94032291 1.77829874 48.6162452
v 68.77884361 1.76742433 48.63910472
v 69.10621178 1.7666325 48.54066288
v 69.10132353 1.79036581 48.57130506
v 68.92721403 1.81226765 48.64147343
v 68.62688621 1.72921947 48.67142611
v 68.50316147 1.68805847 48.68165931
v 68.53467083 1.66059817 48.66482006
v 68.40898084 1.63980253 48.68580589
v 68.44312132 1.61103269 48.66766779
v 68.46991359 1.58726505 48.6592416
v 68.56031507 1.64002153 48.64474227
v 68.48946436 1.57012879 48.63615747
v 68.58305837 1.61979153 48.62327168
v 68.50808141 1.55335457 48.614025
v 68.60249447 1.60225607 48.59939433
v 68.52783435 1.53742825 48.58974338
v 68.619796 1.58568719 48.57374432
v 68.5426834 1.526193 48.56655535
v 68.63380978 1.57565804 48.55026215
v 68.54724933 1.53349045 48.55157969
v 68.63672394 1.58881704 48.54483288
v 68.54586915 1.5556285 48.56628208
v 68.63659353 1.61695857 48.56366014
v 68.54283069 1.58109008 48.58679074
v 68.63659054 1.64617448 48.58245237
v 68.54053695 1.60711831 48.60754472
v 68.63602754 1.67608138 48.60009612
v 68.5347841 1.63789848 48.62435518
v 68.63561699 1.70665781 48.61848274
v 68.52912845 1.67244916 48.63878043
v 68.63491815 1.74093244 48.63775232
v 68.52262317 1.70862917 48.65501521
v 68.63361968 1.77777303 48.65647974
v 68.51528266 1.74827107 48.67200566
v 68.63203792 1.82424492 48.67996966
v 68.50506841 1.79130551 48.69003246
v 68.62942809 1.87932687 48.70963829
v 68.49249163 1.84593794 48.7235968
v 68.39782562 1.68448206 48.68359361
v 68.38096524 1.73250661 48.71060156
v 68.36627118 1.79645936 48.75382595
v 68.3037267 1.62460934 48.71161788
v 68.29678777 1.68502657 48.75338262
v 68.2886751 1.78168722 48.81186571
v 68.24981433 1.59592278 48.75410545
v 68.23605703 1.69137313 48.80831484
v 68.19891227 1.80145406 48.88607905
v 68.19157311 1.61646339 48.8062615
v 68.14767707 1.71894445 48.88009228
v 68.09629884 1.79987343 48.98114621
v 68.10648667 1.64887907 48.87743952
v 68.04880858 1.73298233 48.96888409
v 67.97493721 1.78135826 49.06153144
v 68.00867691 1.67760238 48.95573942
v 67.92842959 1.72476181 49.04391379
v 67.83501486 1.76658843 49.12713152
v 67.88882208 1.67752154 49.02690625
v 67.79916465 1.71343952 49.11839013
v 67.70962223 1.73936257 49.22610382
v 67.76985003 1.66989385 49.11181228
v 67.66939796 1.69844419 49.21335602
v 67.56902789 1.73528131 49.32513068
v 67.64057862 1.66764707 49.20428107
v 67.53261901 1.71089509 49.31380758
v 67.42855326 1.74333137 49.44719553
v 67.50045084 1.69206059 49.30243414
v 67.39655482 1.73052607 49.43708718
v 67.30393238 1.80053839 49.58100976
v 67.36461429 1.71819556 49.42716809
v 67.27095584 1.79152709 49.57271141
v 67.19363084 1.87651647 49.72181356
v 67.23834333 1.78468094 49.56368412
v 67.16109831 1.87024275 49.71525575
v 67.10477413 1.9242375 49.88484817
v 67.13128807 1.86470075 49.7080137
v 67.07293682 1.91867112 49.88020016
v 67.03430825 1.95534157 50.05634893
v 67.04165885 1.91202092 49.8756477
v 67.00286729 1.94960375 50.05313803
v 66.97197306 1.9918865 50.22326753
v 67.00641143 1.94015602 50.05667771
v 66.97703443 1.97680239 50.22701093
v 66.95491239 2.00780397 50.39297971
v 67.00935312 1.9712614 50.23027025
v 66.98686369 1.99597722 50.39519561
v 66.97136101 2.01042533 50.56090193
v 67.02077388 1.98946652 50.39683837
v 67.00673438 2.00073388 50.56133364
v 67.01108689 2.01238821 50.72510268
v 67.0459792 1.99426644 50.56134501
v 67.05027497 2.00253167 50.72367242
v 67.07202406 2.02485032 50.88463293
v 67.09128892 1.99308701 50.72213801
v 67.1143744 2.01973612 50.88201709
v 67.14469482 2.04723692 51.03765179
v 67.16202539 2.01372806 50.87949936
v 67.18987388 2.04539396 51.03428352
v 67.21638546 2.07869854 51.18251639
v 67.2394866 2.05103711 51.03023316
v 67.26013249 2.08482021 51.17817634
v 67.28071843 2.1153133 51.32352443
v 67.30971238 2.09189666 51.17363887
v 67.32700271 2.12030505 51.31956592
v 67.34154801 2.1396419 51.46453373
v 67.38090497 2.1305688 51.31531376
v 67.39823571 2.15061292 51.46015933
v 67.41759268 2.16387654 51.60432585
v 67.46339355 2.16741504 51.45711073
v 67.48198458 2.1847201 51.6018642
v 67.50294398 2.18982929 51.74373398
v 67.55475586 2.21195031 51.60158554
v 67.57710436 2.22111828 51.74558409
v 67.59937103 2.21917396 51.88269996
v 67.67859144 2.24923912 51.75432801
v 67.7006276 2.24324209 51.89832101
v 67.71976434 2.22851763 52.03104261
v 67.83518677 2.25710765 51.92244588
v 67.85045634 2.23310562 52.06938007
v 67.73288661 2.20808904 52.1548164
v 67.9847126 2.2589384 51.9491814
v 68.0019482 2.21659815 52.10873434
v 68.1301213 2.24428105 51.96602469
v 68.15454941 2.20191049 52.12625382
v 68.27357559 2.23646985 51.95711324
v 68.30646861 2.2032261 52.09458018
v 68.34676798 2.17014862 52.21272954
v 68.46571472 2.20492113 52.03463642
v 68.50366916 2.17207652 52.13898504
v 68.53777841 2.1407967 52.21930915
v 68.38652534 2.13898279 52.29781093
v 68.65629138 2.16170887 52.07339431
v 68.68585823 2.12660987 52.15006669
v 68.71173689 2.09976124 52.20926117
v 68.83684894 2.12007437 52.09098064
v 68.86220438 2.09435356 52.15565878
v 68.8832193 2.07410622 52.20861932
v 69.01973433 2.10074645 52.12246217
v 69.03979924 2.07808414 52.17793488
v 69.055449 2.06077811 52.22068512
v 68.90405227 2.05509985 52.25884477
v 69.06786565 2.04739431 52.25411913
v 68.92110083 2.04138671 52.29736238
v 69.0791144 2.035098 52.28545957
v 69.21825487 2.04081225 52.2135827
v 69.22829967 2.03061226 52.2441651
v 69.23732517 2.02233955 52.27296946
v 69.38852881 2.03726706 52.22296745
v 69.39691301 2.02971583 52.25144365
v 69.40533535 2.02216663 52.2798892
v 69.55827304 2.02774323 52.22876277
v 69.5691323 2.01931826 52.26036503
v 69.5782796 2.01148618 52.29027124
v 69.70557206 1.94927567 52.21191527
v 69.71738921 1.94018957 52.24241181
v 69.72761441 1.93041469 52.27218315
v 69.8255528 1.83744873 52.17092237
v 69.83364704 1.82577516 52.20023421
v 69.84174127 1.81410164 52.22954606
v 69.95909388 1.78851073 52.15451904
v 69.96588767 1.77537078 52.18519641
v 69.97269847 1.76160731 52.21572797
v 70.08576381 1.73639209 52.16195805
v 70.09106882 1.72158522 52.19241619
v 70.09648488 1.70758554 52.21979946
v 70.21996476 1.67176579 52.17277063
v 70.22589217 1.669229 52.18193952
v 70.23200976 1.68415771 52.16035915
v 70.35996153 1.63018075 52.1460617
v 70.36618285 1.64744643 52.1251082
v 70.37397056 1.66939396 52.09727705
v 70.50783711 1.62573733 52.09666012
v 70.51540972 1.6496306 52.070539
v 70.52301912 1.67335999 52.04457665
v 70.65915142 1.62609688 52.0578827
v 70.66306851 1.6462872 52.02809974
v 70.66632945 1.6658682 51.99555357
v 70.81050396 1.61187318 52.01023189
v 70.80304879 1.63036588 51.97700026
v 70.79720413 1.6489684 51.94347785
v 70.93978413 1.63741852 51.94038883
v 70.91781751 1.65233837 51.91241507
v 70.89560741 1.67004598 51.87769197
v 71.02379937 1.71762584 51.83795329
v 71.06249698 1.71122054 51.84558374
v 71.1351903 1.77881515 51.71551759
v 71.08939499 1.69468171 51.85053937
v 71.16365471 1.7519895 51.71561963
v 71.22198374 1.81207254 51.58961782
v 71.19307701 1.72592074 51.71876236
v 71.25445481 1.78140191 51.59221669
v 71.31542886 1.82577243 51.46631717
v 71.28019002 1.74941312 51.58974687
v 71.34574573 1.79785962 51.46229072
v 71.41704861 1.86234181 51.32851264
v 71.36960221 1.76929473 51.45565032
v 71.4537439 1.84460347 51.32886253
v 71.49319212 1.95703118 51.17966335
v 71.48596998 1.82610581 51.32863808
v 71.52618247 1.94907716 51.17643096
v 71.50133915 2.05919887 51.00507615
v 71.55744865 1.93999918 51.1706023
v 71.5313479 2.05611389 50.99779601
v 71.48330207 2.13180409 50.82987885
v 71.5167408 2.04481467 50.99689099
v 71.4590085 2.12196414 50.83513019
v 71.39951667 2.17387511 50.68262976
v 71.42913041 2.12024696 50.84593305
v 71.37007702 2.17281964 50.69490081
v 71.31031562 2.21176232 50.54476756
v 71.33958066 2.1720809 50.70790505
v 71.27940758 2.20965737 50.55795664
v 71.21556458 2.24062805 50.4089682
v 71.24689593 2.20653005 50.57131628
v 71.18389531 2.23835751 50.42183865
v 71.11806111 2.26023346 50.27560873
v 71.15166704 2.23614901 50.43451909
v 71.08618103 2.25702953 50.28829659
v 71.02270375 2.27047247 50.14659787
v 71.05225351 2.25304273 50.30125552
v 70.98798233 2.26800088 50.16052835
v 70.92838089 2.27071535 50.01935867
v 70.94541596 2.26631788 50.17614685
v 70.88567729 2.27037868 50.03532062
v 70.8221441 2.26366546 49.89202164
v 70.82681367 2.27204821 50.05559703
v 70.76253273 2.26917194 49.91128062
v 70.69544951 2.25761076 49.75923783
v 70.66250429 2.28297537 49.94546365
v 70.59583006 2.28160631 49.79350909
v 70.52629916 2.27913312 49.64019704
v 70.49716075 2.28160134 49.83519179
v 70.43290027 2.27651951 49.68008241
v 70.36207103 2.2639879 49.52543952
v 70.33085233 2.26051246 49.72103356
v 70.25904618 2.24605674 49.56068105
v 70.17812636 2.23163671 49.39683176
v 70.14653816 2.23271591 49.60118369
v 70.06465001 2.22223478 49.43678032
v 69.97409396 2.20862422 49.27619549
v 69.95342964 2.22649696 49.48837061
v 69.86474349 2.21435042 49.33655589
v 69.77262492 2.18966529 49.19109869
v 69.76542758 2.23263139 49.41940378
v 69.67486779 2.21509969 49.28167772
v 69.57695419 2.18317946 49.1491825
v 69.58149448 2.24605733 49.39853126
v 69.48829991 2.23659823 49.28440902
v 69.38754451 2.21750881 49.1872865
v 69.39866176 2.23239381 49.40411325
v 69.3040005 2.20997889 49.30769933
v 69.20228251 2.18250326 49.22185444
v 69.22560093 2.19690393 49.41164116
v 69.1328246 2.17200866 49.32781433
v 69.14764846 2.18471622 49.50618097
v 69.06402486 2.16398683 49.42427371
v 69.06707552 2.18229279 49.58883742
v 68.99051488 2.15811801 49.49684513
v 68.9097226 2.12924874 49.39886313
v 68.91672441 2.15582961 49.55178652
v 68.84149906 2.12333337 49.44383113
v 68.765341 2.09169411 49.32105632
v 68.83517453 2.09907713 49.27992089
v 68.77536674 2.12518836 49.49505201
v 68.694321 2.08908601 49.37178681
v 68.61981199 2.06188194 49.24296917
v 68.62534275 2.09508014 49.43511365
v 68.53693342 2.06800997 49.31942392
v 68.45861933 2.04113107 49.21762358
v 68.46985319 2.09049367 49.41484164
v 68.37862069 2.07503927 49.33899784
v 68.29619694 2.07202716 49.27651675
v 68.38665651 2.0218132 49.13091526
v 68.21490131 2.05255957 49.2365762
v 68.31951158 1.99865768 49.06199035
v 68.14268869 1.98617583 49.20041736
v 68.26197484 1.93437421 49.03075288
v 68.07598634 1.92082254 49.1767796
v 68.21565251 1.87180532 48.99686298
v 68.0060415 1.86650237 49.15699008
v 68.1441459 1.81023956 48.99529675
v 67.93975563 1.82122835 49.13708067
v 68.08481908 1.75497127 48.99575903
v 68.2633881 1.69099269 48.82552939
v 68.36063195 1.65438306 48.71955376
v 68.0295741 1.71116891 48.99913917
v 68.18221572 1.64588839 48.8553861
v 68.29140253 1.60554293 48.75017759
v 68.3325207 1.57291299 48.69607782
v 68.11987127 1.60371279 48.87731711
v 68.23826637 1.55633716 48.78438782
v 68.2719857 1.52405409 48.72330096
v 68.29451335 1.49774062 48.68938472
v 68.36373469 1.55590818 48.67255119
v 68.18321116 1.51003909 48.8048234
v 68.23017996 1.47813288 48.74479378
v 68.24335056 1.44799424 48.7088087
v 68.25866761 1.4234397 48.67896361
v 68.31673523 1.47750811 48.66490845
v 68.19244361 1.43271747 48.76218227
v 68.20557136 1.40366732 48.72307433
v 68.21324264 1.37450915 48.69242996
v 68.22012204 1.35102701 48.66504265
v 68.27377949 1.40140083 48.65688704
v 68.17587739 1.36004445 48.73490221
v 68.17765762 1.3343541 48.7008213
v 68.17365449 1.30590725 48.66985769
v 68.12507332 1.25089644 48.65761139
v 68.17451304 1.28620212 48.6486767
v 68.22856617 1.33099398 48.64429439
v 68.17670116 1.26935375 48.63138587
v 68.23917122 1.31082946 48.62818724
v 68.3083167 1.36049356 48.62621304
v 68.29070739 1.38072409 48.64096544
v 68.37784751 1.41692481 48.61902912
v 68.35997806 1.43469456 48.6382258
v 68.3397223 1.45506547 48.65240218
v 68.43270817 1.49400899 48.62927798
v 68.4132133 1.51172165 48.6488631
v 68.38912641 1.53326721 48.66045172
v 68.44618685 1.48223246 48.60210063
v 68.38809637 1.40697168 48.59274349
v 68.46118689 1.46964663 48.57821537
v 68.39682732 1.39828357 48.56552826
v 68.46964794 1.46623944 48.55700526
v 68.39289996 1.41385106 48.57805289
v 68.46400487 1.48719437 48.56820038
v 68.38675888 1.43321398 48.59870567
v 68.45940502 1.50757803 48.58985636
v 68.3767311 1.45524809 48.61458889
v 68.45254497 1.53281857 48.60787895
v 68.36484285 1.47983217 48.62607951
v 68.44331205 1.55967921 48.62416239
v 68.35128996 1.50481885 48.63306491
v 68.43169022 1.58915222 48.63861676
v 68.3408148 1.52699452 48.6510801
v 68.42072202 1.62098897 48.64697965
v 68.33125157 1.55450781 48.66731892
v 68.40781063 1.65084757 48.66162142
v 68.31646095 1.58667386 48.68007657
v 68.26612471 1.47327501 48.67007877
v 68.25954729 1.50350585 48.68976508
v 68.25360253 1.53898379 48.71531019
v 68.21704254 1.4357746 48.6971039
v 68.21680563 1.47446558 48.72167058
v 68.21640389 1.52874979 48.75678296
v 68.18770578 1.47099931 48.75973947
v 68.15769341 1.55382047 48.80728876
v 68.15978051 1.42582077 48.76172007
v 68.1276839 1.49800849 48.80854922
v 68.07347384 1.5920445 48.87508614
v 68.10400885 1.45550314 48.80931061
v 68.04941944 1.55032511 48.87379638
v 67.97521621 1.62789492 48.94599485
v 68.02954211 1.51489376 48.87233682
v 67.95426481 1.59223572 48.94040478
v 67.86357474 1.64088342 49.01772633
v 67.9339907 1.55712683 48.93502501
v 67.84055164 1.60530148 49.0101304
v 67.74661865 1.63282538 49.10718094
v 67.82373335 1.57240413 49.00592041
v 67.72342196 1.5989985 49.10142653
v 67.61206134 1.64343648 49.1929999
v 67.6995761 1.56842776 49.09167615
v 67.5849931 1.61928234 49.18188593
v 67.46898329 1.67876933 49.2871586
v 67.5564972 1.60106839 49.16625419
v 67.4375947 1.66516761 49.27315
v 67.33266602 1.70637567 49.41721456
v 67.40513996 1.66010342 49.25337394
v 67.30218347 1.70165743 49.40620347
v 67.20860045 1.78174539 49.55356264
v 67.27606335 1.69872704 49.39580812
v 67.18170799 1.77718393 49.54605519
v 67.10299642 1.86193198 49.70159026
v 67.18283089 1.77313411 49.55265905
v 67.10946474 1.85599068 49.70884371
v 67.04809249 1.9051362 49.88044253
v 67.13627822 1.85615674 49.72135183
v 67.07926219 1.905691 49.88979677
v 67.03806538 1.93873093 50.06263989
v 67.11082117 1.90899668 49.89808165
v 67.07044486 1.94223597 50.06776507
v 67.04266153 1.96979746 50.2329058
v 67.10371926 1.94578398 50.07177361
v 67.07726862 1.96950718 50.2353985
v 67.05705176 1.98468911 50.39821289
v 67.11321564 1.9701963 50.23800071
v 67.09612804 1.98465918 50.39903037
v 67.08953378 1.98937804 50.5606401
v 67.14022175 1.98352795 50.39993083
v 67.13752909 1.98392502 50.56006074
v 67.14279655 1.99343147 50.71982377
v 67.18795961 1.98504657 50.55988187
v 67.19536208 1.99416508 50.71816565
v 67.21435149 2.01521309 50.87670353
v 67.25007406 2.00318669 50.71796865
v 67.2666429 2.02299537 50.87364141
v 67.28917864 2.05662618 51.02622136
v 67.319839 2.04070108 50.87066613
v 67.34116815 2.07396887 51.02095019
v 67.36310918 2.10599126 51.16865874
v 67.39360488 2.09341769 51.01505174
v 67.41872534 2.12429925 51.16364485
v 67.44409198 2.14877114 51.31114133
v 67.48809224 2.16062276 51.15898253
v 67.51411066 2.18513641 51.30744296
v 67.53536303 2.19999345 51.45498599
v 67.61510793 2.23312422 51.30805054
v 67.63878339 2.24485689 51.45701063
v 67.66035804 2.24996204 51.60598081
v 67.77685639 2.2616729 51.46618213
v 67.7989312 2.26570096 51.61744703
v 67.81772251 2.26698617 51.76993509
v 67.94379412 2.29226432 51.63315311
v 67.96536943 2.27843369 51.78979449
v 68.08925157 2.29476773 51.64578187
v 68.11021391 2.27729252 51.80526114
v 68.22971861 2.29154746 51.64922313
v 68.25129267 2.26726222 51.80519194
v 68.37163184 2.28648011 51.63149528
v 68.39709765 2.26566442 51.77441994
v 68.42849537 2.23644905 51.90960067
v 68.5518126 2.26047693 51.73531756
v 68.58520179 2.23216709 51.85944156
v 68.62113362 2.20085671 51.97568643
v 68.74390615 2.22065912 51.81602236
v 68.77651424 2.18482281 51.91989869
v 68.80790719 2.14954727 52.01173599
v 68.93594748 2.18794458 51.87734073
v 68.96602045 2.15771559 51.96813394
v 68.99449951 2.12805487 52.051344
v 69.12294368 2.13698089 51.9260476
v 69.14998426 2.1081325 52.00877595
v 69.17346139 2.08391688 52.07923846
v 69.30580968 2.10459463 51.96782362
v 69.32812371 2.08595494 52.03670829
v 69.34836861 2.06975034 52.09778016
v 69.1943214 2.06449538 52.14177318
v 69.36423248 2.05738079 52.14611188
v 69.20657375 2.05243042 52.17858077
v 69.37881783 2.04582656 52.19073143
v 69.51545347 2.05819114 52.11198079
v 69.53294218 2.04669458 52.15779648
v 69.54774493 2.03609866 52.19755536
v 69.66388839 1.97861092 52.11004279
v 69.68086924 1.96694396 52.15040159
v 69.69322128 1.95813097 52.18117577
v 69.79719379 1.86777617 52.07864174
v 69.80668689 1.85794994 52.10986279
v 69.81655821 1.84818108 52.14081933
v 69.93917235 1.82190282 52.05820211
v 69.94561129 1.81189558 52.09112393
v 69.95212566 1.80146782 52.12374014
v 70.07183805 1.77991587 52.07042484
v 70.07655181 1.76686924 52.10130224
v 70.08115781 1.75163065 52.13163023
v 70.20723994 1.72600939 52.08934925
v 70.21087475 1.70694062 52.11860822
v 70.21505821 1.68807406 52.14718679
v 70.34508815 1.66139016 52.09861429
v 70.34907024 1.63986035 52.12624069
v 70.35389454 1.62285979 52.14907091
v 70.49030028 1.60279952 52.11253121
v 70.49431655 1.58775704 52.13133237
v 70.50105368 1.60173659 52.1220153
v 70.64078349 1.55655981 52.13594637
v 70.64730889 1.58202688 52.11276424
v 70.65329296 1.60413966 52.08537744
v 70.82108435 1.55920836 52.10080519
v 70.81669328 1.57675207 52.07075266
v 70.81237478 1.59429489 52.04069525
v 70.99833996 1.58654805 52.00756263
v 70.98212825 1.60689364 51.98705784
v 70.95944064 1.62367503 51.96490836
v 71.11084116 1.66912568 51.85664282
v 71.13055812 1.63950768 51.86143563
v 71.21557065 1.69768804 51.72104217
v 71.14887251 1.611139 51.86668576
v 71.23361951 1.66648906 51.71987229
v 71.29944209 1.71715952 51.58455392
v 71.2500065 1.63554174 51.71695384
v 71.3187041 1.6865272 51.57855175
v 71.39385436 1.74288215 51.4496186
v 71.32996523 1.65858671 51.56949423
v 71.41595265 1.71826866 51.44541586
v 71.52061193 1.80852874 51.33114444
v 71.41675665 1.70994036 51.43757225
v 71.52321653 1.80064628 51.32524186
v 71.55321181 1.93267021 51.16701144
v 71.48626161 1.81268783 51.31553442
v 71.5185436 1.93324252 51.16900079
v 71.48670276 2.04257295 51.00403728
v 71.48715569 1.9378992 51.17394557
v 71.45583108 2.04185858 51.01275072
v 71.39814491 2.11955207 50.857509
v 71.42518301 2.044252 51.02277715
v 71.36583345 2.11902859 50.86958318
v 71.30709106 2.17001602 50.72136685
v 71.33123394 2.11844168 50.88246328
v 71.27221238 2.16567732 50.73502809
v 71.21248466 2.20259343 50.58477962
v 71.23569204 2.1612471 50.74974534
v 71.17614835 2.19719766 50.59895059
v 71.11843894 2.23202936 50.4472473
v 71.12507395 2.18674616 50.61784697
v 71.06679476 2.22324554 50.46503487
v 71.00645971 2.24817255 50.31726121
v 70.99892843 2.21487626 50.4858573
v 70.94021887 2.24416664 50.33801346
v 70.88316782 2.26505683 50.19685099
v 70.84888435 2.24698255 50.36787694
v 70.78410703 2.26691149 50.22949013
v 70.72322897 2.2775285 50.09149103
v 70.67219296 2.27250409 50.28824271
v 70.61007969 2.27756403 50.14485436
v 70.55529328 2.28130517 49.99165292
v 70.50135869 2.2679992 50.20711538
v 70.4487333 2.2681557 50.04050781
v 70.3941215 2.26648079 49.87937032
v 70.34111861 2.25012587 50.08824166
v 70.28313012 2.24631225 49.92528724
v 70.21911438 2.24129987 49.76432353
v 70.17101905 2.23301217 49.97230608
v 70.1064608 2.23325472 49.81112026
v 70.03452062 2.23218216 49.64824948
v 69.99771218 2.23389429 49.86582584
v 69.92917462 2.2390385 49.71055117
v 69.85090158 2.23909449 49.56295497
v 69.82540623 2.25605497 49.79471155
v 69.75134455 2.25781129 49.65582596
v 69.66934507 2.25531268 49.52345934
v 69.64872503 2.26486606 49.75091759
v 69.57115538 2.25940733 49.62674787
v 69.48781894 2.2491226 49.51052237
v 69.47321023 2.25073059 49.72416404
v 69.39504084 2.23615962 49.61187129
v 69.31277553 2.21785281 49.50702638
v 69.30346414 2.2242451 49.70476548
v 69.22756581 2.20446088 49.60108397
v 69.20895726 2.22170179 49.78767429
v 69.1403494 2.20356613 49.68366835
v 69.11379206 2.22523481 49.8592059
v 69.05116157 2.2073497 49.75322012
v 68.98561368 2.18540783 49.65192845
v 68.96462199 2.21544663 49.81106179
v 68.9080192 2.19567133 49.70468769
v 68.84662428 2.16237017 49.60349233
v 68.83230825 2.20461048 49.75739445
v 68.7825724 2.17307372 49.65837547
v 68.71478167 2.1335701 49.55284999
v 68.75092451 2.21460374 49.79600459
v 68.87886746 2.22794785 49.86545651
v 68.77973645 2.23992475 49.89586385
v 68.66258147 2.24786467 49.8972801
v 68.64564031 2.21833192 49.80495169
v 68.5479158 2.25173335 49.88932275
v 68.53386936 2.21746672 49.78973903
v 68.4390753 2.25949732 49.87417778
v 68.42777102 2.22339396 49.75857434
v 68.4193857 2.18056012 49.64038907
v 68.425224 2.13090202 49.52044559
v 68.33292497 2.23817078 49.72547636
v 68.32424967 2.18681259 49.59248208
v 68.33447075 2.12938445 49.46033481
v 68.23061707 2.18960164 49.5594259
v 68.24649918 2.131237 49.41313768
v 68.13269543 2.16180754 49.53986662
v 68.15724494 2.09797856 49.38556263
v 68.03253372 2.11139452 49.51417486
v 68.06944992 2.04790347 49.35488551
v 67.93427239 2.04969857 49.48317463
v 67.97968692 1.99352959 49.32231434
v 67.84327183 1.9848923 49.45647513
v 67.90426238 1.93906857 49.29673505
v 67.76800379 1.91623544 49.43643052
v 67.83546855 1.87950893 49.27771954
v 67.69677298 1.85368503 49.41899959
v 67.77867527 1.81939415 49.26591927
v 67.88347085 1.77472484 49.12368874
v 67.73092924 1.76157879 49.25854156
v 67.83700506 1.7247639 49.11819692
v 67.97838487 1.67421203 48.99537799
v 67.79604785 1.67373637 49.11529134
v 67.93360368 1.63530204 48.9958076
v 68.0719316 1.56922298 48.89247985
v 67.90028113 1.60149612 48.9977648
v 68.03236973 1.53819905 48.9053552
v 68.13526215 1.47141436 48.82171215
v 67.99709023 1.5128503 48.91123891
v 68.09295112 1.43921269 48.83477153
v 68.15484819 1.39029108 48.77587929
v 68.06347039 1.41879991 48.84103309
v 68.12030921 1.35566259 48.78264075
v 68.03574052 1.39874259 48.84753475
v 68.0880204 1.32877149 48.78592239
v 68.00802985 1.37942785 48.85455854
v 68.05889327 1.30612038 48.790432
v 67.98069583 1.36289003 48.85771221
v 68.03228015 1.28766462 48.7943474
v 68.06446835 1.24932331 48.72830576
v 68.08730876 1.23433077 48.67660618
v 68.00668798 1.2752268 48.79478973
v 68.04339134 1.23490771 48.72454896
v 68.07366798 1.22220794 48.66933236
v 68.02583119 1.22777343 48.7267759
v 68.05542263 1.20945752 48.6589823
v 68.11410743 1.22154748 48.62311812
v 68.11772684 1.23645075 48.64238484
v 68.18156604 1.25212216 48.61602698
v 68.11355289 1.22099685 48.6177695
v 68.18308083 1.24367703 48.60255575
v 68.25699724 1.28056525 48.59293578
v 68.24922005 1.29382428 48.61221732
v 68.32891469 1.33400352 48.5819102
v 68.3199555 1.34566894 48.60621876
v 68.24966305 1.29855164 48.60229039
v 68.32381754 1.34845047 48.59229595
v 68.24209061 1.31587455 48.61413293
v 68.31524124 1.36749772 48.60663297
v 68.23646383 1.33365287 48.62896362
v 68.3039514 1.38927943 48.61600004
v 68.23115696 1.35016508 48.64232962
v 68.29379287 1.41007458 48.62745363
v 68.22708581 1.36660668 48.65326006
v 68.2884424 1.42392376 48.64307956
v 68.2247549 1.38220604 48.66410614
v 68.27865287 1.44807008 48.65849789
v 68.21983589 1.40776775 48.67877924
v 68.17767589 1.34532442 48.67875382
v 68.17481931 1.32614703 48.66710576
v 68.14141207 1.3071273 48.68198798
v 68.14958384 1.32494996 48.69001107
v 68.12306123 1.3110243 48.71288777
v 68.13593969 1.33165581 48.71930591
v 68.10425965 1.33416335 48.75324303
v 68.11940091 1.3569049 48.75766576
v 68.1345708 1.37935428 48.76218227
v 68.08309491 1.41933894 48.80892621
v 68.06654695 1.39320192 48.80672352
v 68.0110122 1.48132589 48.86972522
v 68.04999899 1.36706491 48.804521
v 67.99354003 1.45139022 48.86717526
v 67.91807903 1.52620351 48.93068984
v 67.97722544 1.42406731 48.8647323
v 67.90155995 1.49513753 48.92541278
v 67.80616933 1.54079222 49.00065421
v 67.88557579 1.46827754 48.9185476
v 67.78949669 1.51083733 48.99255189
v 67.67661235 1.53923331 49.07774669
v 67.77399544 1.48241256 48.97839091
v 67.65535072 1.51315439 49.06034077
v 67.52997333 1.58608519 49.14831663
v 67.63276868 1.49036161 49.04327076
v 67.50266128 1.57416276 49.12910951
v 67.37275206 1.65490452 49.23379791
v 67.48786881 1.56707932 49.11970346
v 67.36325702 1.6484965 49.23248517
v 67.2729122 1.69366474 49.39990647
v 67.38980077 1.6490505 49.2597329
v 67.29337742 1.69761406 49.41738167
v 67.20886614 1.7764022 49.56820993
v 67.32219609 1.70418568 49.43684371
v 67.23712766 1.78098602 49.58509716
v 67.16619824 1.86139074 49.73426237
v 67.26827682 1.78957932 49.60074987
v 67.19795422 1.86867761 49.74515493
v 67.14309508 1.9153055 49.90584112
v 67.22990653 1.87583257 49.75694598
v 67.17642992 1.92250432 49.91335277
v 67.13809079 1.9506356 50.07579651
v 67.21165714 1.92924179 49.92072361
v 67.17265898 1.95766065 50.07952256
v 67.14981024 1.97690481 50.23946356
v 67.20759137 1.96742972 50.08268425
v 67.19078226 1.98213712 50.24218152
v 67.18632233 1.98516688 50.40123413
v 67.23785016 1.9885514 50.24629228
v 67.23709365 1.99137451 50.40336021
v 67.24230285 1.99411768 50.55982502
v 67.29109071 2.00625454 50.40724306
v 67.2981374 2.00723663 50.56212431
v 67.30499483 2.01454775 50.71801188
v 67.35730696 2.02827336 50.56735162
v 67.36535212 2.04559412 50.71781286
v 67.37616453 2.06782505 50.86628571
v 67.44550549 2.09209105 50.7184377
v 67.45052123 2.11264677 50.86208259
v 67.46851453 2.13774279 51.00906422
v 67.56676778 2.17585663 50.86401882
v 67.57765697 2.19588526 51.00962836
v 67.59455313 2.21809838 51.15839995
v 67.71037756 2.25241056 51.01872923
v 67.7302597 2.25602887 51.16646548
v 67.75322672 2.25753465 51.31574396
v 67.87328824 2.29382786 51.17913541
v 67.89745528 2.2916431 51.32812538
v 67.920917 2.29379578 51.47939154
v 68.04148516 2.31624042 51.3391044
v 68.06598247 2.3082723 51.49099548
v 68.18480155 2.31404472 51.34286296
v 68.20757166 2.30394614 51.4933876
v 68.32687364 2.31063082 51.3372798
v 68.34850772 2.30134482 51.48442942
v 68.47255739 2.30596757 51.3228841
v 68.49537595 2.29650233 51.46380484
v 68.52221616 2.28045571 51.60150884
v 68.64994795 2.29034795 51.43733526
v 68.67884799 2.27356014 51.57063565
v 68.71070256 2.24764199 51.6980604
v 68.8386368 2.2646268 51.54029082
v 68.87179987 2.24250426 51.66494698
v 68.9050619 2.2188756 51.77929425
v 69.03323602 2.23023119 51.6312103
v 69.0649334 2.19898202 51.7394431
v 69.0943364 2.16735047 51.83556825
v 69.22416304 2.17803415 51.70330396
v 69.25321806 2.15007546 51.79944528
v 69.28094587 2.12513819 51.88995392
v 69.40732126 2.13854383 51.76884923
v 69.43192763 2.11748076 51.85698698
v 69.45389159 2.1005279 51.93130479
v 69.57147916 2.06156783 51.83376124
v 69.59362536 2.04186552 51.90443423
v 69.61308335 2.02349928 51.96638535
v 69.47511672 2.08465807 51.99981095
v 69.62952452 2.00658518 52.01855588
v 69.49592787 2.07108543 52.05758754
v 69.64624279 1.99076596 52.06832216
v 69.75450934 1.91628869 51.94487772
v 69.77130502 1.89618477 51.9941606
v 69.78509899 1.88125923 52.03761819
v 69.91299347 1.8598336 51.93741498
v 69.92266025 1.8457105 51.98113557
v 69.93181442 1.83258907 52.02304679
v 70.05732575 1.82041328 51.96247887
v 70.06380863 1.80389681 52.00750286
v 70.06772867 1.79177978 52.03896974
v 70.1985366 1.77627967 51.99283178
v 70.20132616 1.7592584 52.02609338
v 70.20409358 1.74331698 52.05838328
v 70.33716642 1.72533677 52.01343658
v 70.33848825 1.70472601 52.04300385
v 70.34130248 1.68331 52.0712327
v 70.48070388 1.66974854 52.03158916
v 70.48343594 1.64749404 52.05843969
v 70.48641089 1.62530032 52.08512891
v 70.63352431 1.61467806 52.05539899
v 70.63636582 1.59350986 52.08338842
v 70.63920261 1.57235052 52.11138339
v 70.81305704 1.56149959 52.07898287
v 70.81828224 1.54368503 52.10846056
v 70.82128202 1.53581552 52.12515568
v 71.03056874 1.52785914 52.02999313
v 71.02969066 1.53526593 52.0319478
v 71.01591855 1.56237653 52.0228279
v 71.16794745 1.58338278 51.87040231
v 71.18221796 1.55400187 51.86824693
v 71.26268956 1.60702396 51.71066012
v 71.1637261 1.58088073 51.85864329
v 71.25300847 1.61764832 51.70381919
v 71.32471242 1.65575055 51.55984109
v 71.23959179 1.64711403 51.69820134
v 71.31360114 1.6859267 51.55952648
v 71.39389898 1.73391827 51.42969639
v 71.29715117 1.71794721 51.55749797
v 71.3729746 1.76291687 51.42760786
v 71.45280268 1.83138977 51.31144306
v 71.35210259 1.79219255 51.42728382
v 71.41832759 1.84873415 51.3111234
v 71.45286026 1.94342693 51.17840912
v 71.38683764 1.86969965 51.31347257
v 71.42174006 1.94831656 51.18601347
v 71.39380115 2.04638393 51.03239561
v 71.38929407 1.95659168 51.19420697
v 71.36017401 2.04863763 51.04406993
v 71.29349624 2.11660045 50.89644174
v 71.35713651 1.88962611 51.31621053
v 71.32632849 1.82079234 51.42492235
v 71.30105429 1.85068402 51.41989651
v 71.26066063 1.8888438 51.41117221
v 71.2332937 1.81810338 51.540169
v 71.19507276 1.85346176 51.52984337
v 71.14998227 1.88552802 51.5236564
v 71.21200125 1.93145332 51.39710232
v 71.09468265 1.90988663 51.51839003
v 71.15237741 1.96213347 51.38024733
v 71.0788178 1.82937941 51.65426565
v 71.02144228 1.8396164 51.63412043
v 70.9827051 1.74595052 51.75504647
v 70.93980484 1.76324773 51.70077075
v 70.8992194 1.7944655 51.62338471
v 70.86879948 1.83831864 51.51659254
v 70.83657491 1.73076868 51.72914204
v 70.80537894 1.77373534 51.63873846
v 70.77427238 1.82023131 51.53127851
v 70.75051222 1.86870986 51.40477301
v 70.85732872 1.88973594 51.38462038
v 70.69473913 1.79340983 51.66339514
v 70.66616915 1.83316938 51.55688483
v 70.63862997 1.87834549 51.43361466
v 70.61353459 1.92739483 51.30051657
v 70.73676788 1.91815716 51.26492895
v 70.54793224 1.86766673 51.5808079
v 70.52020826 1.90469935 51.46602689
v 70.49219249 1.95730997 51.34154324
v 70.4623144 2.01980613 51.21283782
v 70.5876566 1.99177305 51.17091354
v 70.3939059 1.93801235 51.49429943
v 70.36706109 1.99262394 51.37605772
v 70.33774942 2.05643423 51.25028431
v 70.3055224 2.12430481 51.1215309
v 70.43086258 2.0947673 51.08542072
v 70.2384274 2.03356557 51.40603465
v 70.21198392 2.10272629 51.28549443
v 70.18051375 2.16680543 51.15867583
v 70.14681775 2.22788109 51.02754201
v 70.26809502 2.18325523 50.98707436
v 70.07946934 2.14205034 51.32018529
v 70.04883777 2.20374865 51.19798144
v 70.01187645 2.2487148 51.06626866
v 69.97171296 2.28094594 50.93041654
v 70.10248368 2.25902318 50.88571188
v 69.90559681 2.21221289 51.24416116
v 69.87007957 2.25027522 51.11642339
v 69.8329926 2.28444015 50.98521397
v 69.79332814 2.30148667 50.84984681
v 69.92902931 2.30317371 50.79135943
v 69.72309562 2.24730171 51.17374276
v 69.68918515 2.28503132 51.04528426
v 69.65292112 2.30652818 50.91374095
v 69.61464643 2.31252765 50.7802995
v 69.75206609 2.31759736 50.7141128
v 69.54287963 2.2759962 51.10356926
v 69.50916611 2.30582546 50.97408051
v 69.47373348 2.31509942 50.84312681
v 69.43747254 2.32062922 50.71327918
v 69.57504064 2.31668266 50.64785021
v 69.36375442 2.30966266 51.02653471
v 69.32923874 2.32033153 50.89798491
v 69.29540568 2.32337425 50.77054184
v 69.26193557 2.32130373 50.64442966
v 69.40015128 2.31538356 50.58445568
v 69.17939699 2.32754685 50.93959874
v 69.14683714 2.33115522 50.81284075
v 69.1152816 2.33131703 50.68795337
v 69.08440324 2.3244569 50.5651463
v 69.22779261 2.31049486 50.5206873
v 68.99587203 2.32329031 50.84096891
v 68.9665361 2.32576459 50.7141687
v 68.93818492 2.32566365 50.5885575
v 68.91079557 2.32285758 50.46453076
v 69.05358391 2.31494755 50.44383626
v 68.82019314 2.32604418 50.73436402
v 68.79493542 2.3282579 50.60673178
v 68.77105121 2.32702791 50.48024084
v 68.74810805 2.32168864 50.3551829
v 68.8845131 2.31495748 50.34211234
v 68.6544757 2.33087092 50.62115859
v 68.63471189 2.33006937 50.49183112
v 68.61591262 2.32675666 50.36406904
v 68.59779953 2.31681046 50.23872387
v 68.72627007 2.31366545 50.23267066
v 68.50123075 2.32520617 50.50017601
v 68.48638254 2.32183226 50.37025305
v 68.47348042 2.31308271 50.24169104
v 68.46159853 2.30325546 50.11534648
v 68.58027579 2.30011458 50.1170457
v 68.35883656 2.31173873 50.37290232
v 68.35098924 2.30807109 50.24157955
v 68.34466539 2.30078101 50.11153704
v 68.34085311 2.29113233 49.98320371
v 68.4506936 2.28653542 49.99187126
v 68.22662244 2.29807538 50.23757371
v 68.22545619 2.29210301 50.10457397
v 68.22630446 2.28509101 49.97325226
v 68.23003718 2.26770446 49.84192366
v 68.33812702 2.27150293 49.85582269
v 68.10236382 2.27530249 50.09303262
v 68.10834427 2.25625256 49.95985884
v 68.11472512 2.23694147 49.82565975
v 68.12321748 2.21054631 49.68870443
v 68.23299083 2.23628834 49.70734252
v 67.98598047 2.22239415 49.93861895
v 67.99983475 2.18890802 49.80423386
v 68.01661229 2.14999195 49.66652157
v 67.88384969 2.13605533 49.77654394
v 67.90573011 2.09530821 49.63564438
v 67.77976567 2.06161523 49.75271777
v 67.80666074 2.02642855 49.60870086
v 67.67121086 1.99344679 49.72482866
v 67.71460345 1.95351945 49.5848659
v 67.57772803 1.93357506 49.70163614
v 67.6267346 1.8917966 49.55962887
v 67.50235585 1.88887187 49.68191026
v 67.5549564 1.84251532 49.53861963
v 67.63805736 1.80453874 49.40210335
v 67.51311556 1.81199193 49.52436032
v 67.59209114 1.76712454 49.38652229
v 67.69100897 1.71666519 49.25222654
v 67.56156144 1.74058119 49.37464617
v 67.65840623 1.69007933 49.24474082
v 67.76988783 1.63896617 49.11326216
v 67.63265772 1.66675739 49.23705438
v 67.7439552 1.60474933 49.11126346
v 67.87113219 1.57095501 48.99609435
v 67.72434946 1.57808598 49.10674283
v 67.84842463 1.5459655 48.9938723
v 67.97302244 1.49324908 48.91215362
v 67.82688787 1.52140739 48.99020954
v 67.94708552 1.47282178 48.91345634
v 67.80592889 1.49713957 48.98206554
v 67.92175804 1.45245716 48.91274562
v 67.78496983 1.47287175 48.97392155
v 67.89612293 1.43412071 48.90948924
v 67.76428943 1.44985983 48.96309289
v 67.87076421 1.41357905 48.90401728
v 67.95111846 1.34798096 48.85733438
v 67.84887015 1.40107042 48.89445186
v 67.92709622 1.33797886 48.85326709
v 67.98056037 1.26312964 48.79608033
v 67.92703813 1.34897432 48.85426573
v 67.98071637 1.27412269 48.79505037
v 68.02470527 1.23776635 48.72760313
v 68.05498729 1.21494617 48.66114879
v 67.99803667 1.29567786 48.79699814
v 68.03850272 1.24958781 48.73023315
v 68.06862816 1.23315917 48.67359361
v 68.11447533 1.23794164 48.63423243
v 68.05677864 1.26771466 48.73841587
v 68.08204239 1.25131185 48.68607108
v 68.12089087 1.25316331 48.65041603
v 68.09590367 1.26994677 48.69882571
v 68.12739151 1.27063551 48.66385762
v 68.17476097 1.29415628 48.64336614
v 68.17623224 1.27677127 48.63006328
v 68.17826899 1.26140682 48.61568973
v 68.13324029 1.28930464 48.67396488
v 68.17398762 1.31179723 48.65571514
v 68.11018268 1.29039279 48.70646963
v 68.07378736 1.28826373 48.74476987
v 68.08902973 1.31112982 48.7488885
v 68.03345103 1.34092789 48.80231831
v 68.01616517 1.3173239 48.79947949
v 67.9607844 1.39699496 48.86145798
v 67.94372643 1.3728665 48.85835844
v 67.86821172 1.44034629 48.91049385
v 67.85225131 1.41416376 48.9002705
v 67.75830948 1.45393413 48.96233276
v 67.74427529 1.43039805 48.94482893
v 67.61247285 1.47574813 49.02491243
v 67.63589845 1.48930156 49.05009065
v 67.50999404 1.57542523 49.14437133
v 67.65875881 1.50868494 49.0687694
v 67.533702 1.58741798 49.16706593
v 67.41737497 1.65564525 49.28400669
v 67.55724429 1.6024018 49.18827192
v 67.44552486 1.66583846 49.30700891
v 67.35197922 1.71374796 49.45517056
v 67.47312971 1.68080931 49.32695309
v 67.38163 1.72870309 49.47215612
v 67.30016481 1.80071661 49.61449463
v 67.41184333 1.74539284 49.48710216
v 67.33264649 1.81026713 49.63024166
v 67.26441563 1.88519581 49.76808289
v 67.36583771 1.82224664 49.64284374
v 67.30022795 1.89409741 49.7782841
v 67.24804867 1.94132682 49.92721502
v 67.3358394 1.90368182 49.78972148
v 67.28473099 1.95121742 49.93535608
v 67.25456161 1.97750385 50.08944577
v 67.34321021 1.96681111 49.94781874
v 67.31285528 1.99101776 50.09883249
v 67.29551225 2.00224598 50.25250355
v 67.38409031 2.01553305 50.11042656
v 67.37026532 2.02514637 50.2616138
v 67.36126564 2.02661717 50.41433488
v 67.47278757 2.05595377 50.27629355
v 67.46032457 2.06435361 50.42498727
v 67.45037811 2.07764219 50.57258911
v 67.57791206 2.12686909 50.43626591
v 67.56794877 2.1420362 50.58033713
v 67.56431219 2.15764218 50.72197186
v 67.69342062 2.21260639 50.59035575
v 67.69168433 2.22723082 50.73034266
v 67.69792618 2.23947426 50.87311582
v 67.82612622 2.28753313 50.745754
v 67.83491821 2.29300509 50.88805874
v 67.85163547 2.29520382 51.03228835
v 67.98122183 2.31641621 50.90265354
v 67.99725549 2.32064951 51.04498986
v 68.01807421 2.3213566 51.1905996
v 68.14300212 2.31489518 51.05240445
v 68.16278736 2.31615573 51.19593416
v 68.28661477 2.31732249 51.05196726
v 68.3059666 2.31526671 51.19319915
v 68.43024134 2.31818592 51.04417669
v 68.45075105 2.31355803 51.18298557
v 68.57553109 2.32510936 51.03197871
v 68.59897479 2.31537868 51.16682151
v 68.6233057 2.30430932 51.30260847
v 68.75049503 2.31018218 51.14640554
v 68.77809847 2.29768837 51.27880403
v 68.80734075 2.28308776 51.41057405
v 68.93427379 2.29544291 51.25378795
v 68.96628832 2.28046438 51.38363395
v 68.99964546 2.25863852 51.51077811
v 69.12494984 2.27145662 51.3541704
v 69.15923616 2.24043526 51.47964124
v 69.19313015 2.20833992 51.59844104
v 69.31625078 2.22832476 51.44777766
v 69.35021152 2.18993663 51.56771602
v 69.38036406 2.16156701 51.67345542
v 69.49569804 2.16797337 51.5351653
v 69.52385209 2.1294619 51.64635628
v 69.54911589 2.09535653 51.74472824
v 69.65582842 2.08952202 51.58269673
v 69.67710222 2.03999104 51.67879444
v 69.69723708 1.99516258 51.76561575
v 69.82883389 2.0194663 51.59837941
v 69.84855156 1.96920659 51.68011215
v 69.86727957 1.93130527 51.75363851
v 69.71707678 1.96566515 51.83160233
v 69.88497972 1.90399331 51.82129084
v 69.73629745 1.93897946 51.89256998
v 69.8995203 1.8813949 51.88025852
v 70.0276849 1.88676688 51.78984854
v 70.03926233 1.86225088 51.85253698
v 70.04967139 1.83924496 51.9118766
v 70.18118279 1.84443885 51.84545729
v 70.18945913 1.8199063 51.90502691
v 70.19459678 1.79765769 51.95143882
v 70.32985504 1.79993897 51.90064931
v 70.33343025 1.77343239 51.94432831
v 70.33586849 1.74598243 51.98398364
v 70.47570102 1.74610079 51.93783996
v 70.47809305 1.71568807 51.97521851
v 70.47932379 1.69253778 52.0036282
v 70.62366306 1.67539796 51.96578223
v 70.62683845 1.65550668 51.996367
v 70.63047099 1.63582737 52.02713664
v 70.78850484 1.61451815 51.98732573
v 70.79836391 1.59645525 52.01877426
v 70.80579415 1.57898643 52.048897
v 70.98548094 1.60120538 51.97428588
v 71.00208228 1.57924569 51.99491543
v 71.01653851 1.55538895 52.01459854
v 71.14684324 1.6079342 51.84875307
v 71.12997251 1.63780768 51.83799774
v 71.22307077 1.67868853 51.69289565
v 71.11556898 1.66962325 51.82602085
v 71.2074935 1.70949113 51.68561239
v 71.27943334 1.7500286 51.55333572
v 71.18620829 1.73816142 51.67920511
v 71.25791931 1.78207562 51.54672092
v 71.16110702 1.76882084 51.67112468
v 71.09758006 1.69693338 51.81675547
v 71.06624603 1.71782848 51.80890513
v 71.02591299 1.73210089 51.78846668
v 71.1280345 1.80505721 51.66198264
v 70.92263204 1.64900826 51.88967139
v 70.90020221 1.66702953 51.85376528
v 70.86861679 1.69469264 51.79816209
v 70.75738632 1.67667112 51.8808879
v 70.73829758 1.71058033 51.82164426
v 70.71845282 1.75068364 51.75142808
v 70.60311096 1.76055422 51.83108542
v 70.59110308 1.79850492 51.76532126
v 70.57342818 1.83652287 51.68255402
v 70.45488499 1.83130891 51.77969178
v 70.44009378 1.8697612 51.69682941
v 70.41889032 1.90195049 51.60063169
v 70.30053596 1.88695736 51.70488012
v 70.28271567 1.92762075 51.61564372
v 70.26222982 1.97396223 51.51756129
v 70.14297878 1.94962181 51.62744155
v 70.1245366 2.00347634 51.53530513
v 70.10345436 2.06855353 51.43210484
v 69.97974886 2.01509401 51.5530851
v 69.95887752 2.07668447 51.45786168
v 69.93452299 2.14508413 51.35553576
v 69.80691988 2.07643128 51.50656392
v 69.78185418 2.13654892 51.40437724
v 69.75427901 2.20077834 51.29540452
v 69.63231029 2.14190259 51.47568222
v 69.60550679 2.19568977 51.35870265
v 69.5757783 2.24295315 51.23384066
v 69.46454734 2.21263148 51.4120619
v 69.43248346 2.2569413 51.28511466
v 69.39803715 2.28524449 51.1555102
v 69.28177368 2.26636823 51.32260855
v 69.24711105 2.29240567 51.19479502
v 69.21299019 2.31542969 51.06739948
v 69.09104182 2.29173082 51.22584787
v 69.05815232 2.3093121 51.09747431
v 69.02651909 2.31820958 50.96890183
v 68.90360707 2.30762658 51.1234753
v 68.87445074 2.31552121 50.99304066
v 68.84667162 2.32208264 50.86331918
v 68.72444529 2.32061095 51.01423747
v 68.69980263 2.32739935 50.88253753
v 68.67662434 2.32997609 50.75130231
v 68.55450661 2.32631703 50.89766735
v 68.53557256 2.32702042 50.76445287
v 68.5178128 2.32604872 50.63191455
v 68.39536641 2.31984375 50.77254029
v 68.38165255 2.31821227 50.63882729
v 68.3690237 2.31561886 50.50557901
v 68.24377571 2.31736467 50.64031616
v 68.23563643 2.31054714 50.50590825
v 68.23033512 2.30396735 50.37170465
v 68.10005337 2.29841895 50.5006341
v 68.09986353 2.29148996 50.36464665
v 68.10065136 2.28401711 50.22837195
v 67.96479165 2.28291189 50.34849357
v 67.97188532 2.26370419 50.21181863
v 67.97857505 2.24283958 50.07521071
v 67.8406791 2.22935059 50.18755683
v 67.85350798 2.20295324 50.05160861
v 67.86732059 2.17044268 49.91512127
v 67.73730462 2.13015662 50.03074255
v 67.75529741 2.09776847 49.89255434
v 67.6214407 2.06242958 50.00925163
v 67.64312092 2.02873365 49.86806524
v 67.50779236 2.020003 49.98465001
v 67.53626653 1.9762694 49.8435798
v 67.41460704 1.99293438 49.96278016
v 67.45273723 1.94138079 49.82235647
v 67.38712073 1.92091187 49.80382559
v 67.44136278 1.86214081 49.66406917
v 67.40201053 1.8407776 49.65326106
v 67.47425294 1.78507397 49.5112149
v 67.44287715 1.76370586 49.49877572
v 67.53034072 1.71895746 49.36107383
v 67.50164884 1.69905889 49.34480781
v 67.60694221 1.64281961 49.22332907
v 67.58244911 1.620922 49.2071198
v 67.70322867 1.55386344 49.09782616
v 67.68130801 1.53082597 49.08506379
v 67.48651136 2.04505637 50.12910352
v 67.60237384 2.09183251 50.14923138
v 67.59026545 2.11020916 50.29222753
v 67.72035626 2.16032432 50.16779382
v 67.7063352 2.18295459 50.30660139
v 67.69830116 2.19764301 50.4488469
v 67.82830677 2.25055792 50.32344104
v 67.81991013 2.26948511 50.46311348
v 67.82138241 2.28102162 50.60446919
v 67.96064616 2.29280009 50.48489432
v 67.96260353 2.30224192 50.62254019
v 67.97000557 2.31051018 50.76222324
v 68.10528093 2.30336777 50.63579114
v 68.11370156 2.30893772 50.77291661
v 68.12643758 2.31267372 50.911742
v 68.25467988 2.31948292 50.77549739
v 68.26905184 2.31857318 50.91262976
v 68.41107712 2.32044872 50.9072345
v 69.9981897 1.96018229 51.64139829
v 70.1588167 1.90296803 51.70937188
v 70.01459007 1.9140003 51.72182309
v 70.17105239 1.87225181 51.77995798
v 70.31328401 1.85308308 51.78048298
v 70.32256741 1.82467971 51.84413689
v 70.46460649 1.80063154 51.84317782
v 70.4719534 1.77515113 51.8959582
v 70.61273177 1.72857504 51.88539397
v 70.61878572 1.70008482 51.92868318
v 70.76857573 1.65384698 51.91933766
v 70.77991061 1.63270815 51.95565713
v 70.94608997 1.6310217 51.92271242
v 70.96511877 1.61686901 51.95001554
v 68.56364091 2.28006466 49.99943323
v 68.68273919 2.27352074 50.00275591
v 68.70411015 2.29651269 50.11518537
v 68.80700619 2.26514355 50.00007455
v 68.83361977 2.28973338 50.10818187
v 68.85900956 2.30402376 50.22277641
v 68.96160536 2.27059277 50.08990392
v 68.99450619 2.28624304 50.2058136
v 69.02321469 2.3013731 50.32392936
v 69.11327281 2.26936085 50.15758586
v 69.15300873 2.28455777 50.2782051
v 69.19108578 2.2982691 50.39834686
v 69.27352112 2.27309989 50.20902439
v 69.31844026 2.28748245 50.33204507
v 69.36052436 2.30164301 50.45739938
v 69.43958858 2.2897242 50.26002242
v 69.48751385 2.30207473 50.38746948
v 69.53257058 2.30979399 50.51685082
v 69.61091017 2.30835783 50.31057571
v 69.66059644 2.31524364 50.44331364
v 69.70760288 2.31747243 50.57818794
v 69.7847984 2.31616061 50.36999922
v 69.83571452 2.31739287 50.5093798
v 69.88400525 2.31547507 50.65051673
v 69.95541445 2.28790036 50.44701712
v 70.00672399 2.28641992 50.59464944
v 70.056964 2.28232477 50.74162202
v 70.12321165 2.25867843 50.54555371
v 70.17514947 2.24886634 50.69755857
v 70.22384119 2.22502249 50.84513377
v 70.29457192 2.23708029 50.66004995
v 70.34684212 2.21552998 50.81150216
v 70.39199803 2.16064398 50.95184992
v 70.47065169 2.21819233 50.78144989
v 70.51936571 2.15427559 50.91983165
v 70.55781639 2.07269292 51.04589243
v 70.65106148 2.16429419 50.88703897
v 70.69412086 2.07024478 51.00458366
v 70.72166274 1.98760529 51.1315937
v 70.81874713 2.12519173 50.9552924
v 70.84899699 2.03161894 51.09674129
v 70.86062905 1.94609682 51.2419844
v 70.9445697 2.08739746 51.04989043
v 70.95016499 2.01808006 51.22301621
v 70.91522907 2.14109742 50.87584338
v 70.86938374 2.18967607 50.7186925
v 70.96503812 2.17458616 50.66780386
v 70.77307489 2.20480942 50.80687137
v 70.71515182 2.25170675 50.66092588
v 70.81492837 2.23654023 50.56943596
v 70.5972626 2.2343633 50.75084117
v 70.53544053 2.27333317 50.59901218
v 70.64460714 2.27623151 50.51655008
v 70.41436295 2.25112392 50.62937603
v 70.3534938 2.25392434 50.46845911
v 70.46411795 2.26629995 50.43455893
v 70.23884514 2.2458594 50.50373665
v 70.18060703 2.2398068 50.34310436
v 70.29181267 2.24094191 50.30042046
v 70.06876199 2.25640637 50.39174128
v 70.0123415 2.25512612 50.23754955
v 70.12154911 2.23504202 50.18308301
v 69.90102996 2.28339286 50.30078754
v 69.84428846 2.27885236 50.1576749
v 69.95355803 2.25388587 50.08572796
v 69.73050529 2.30881152 50.23227172
v 69.67298926 2.30124287 50.09824195
v 69.78329047 2.27595933 50.01722312
v 69.55730862 2.29800677 50.18090072
v 69.50072178 2.28571998 50.05409314
v 69.61048456 2.28651101 49.96861105
v 69.388667 2.27475022 50.13517731
v 69.33402344 2.25869846 50.01477204
v 69.43999973 2.26545454 49.93104112
v 69.22501715 2.25846106 50.08858744
v 69.17195916 2.24244996 49.97150821
v 69.27359812 2.24008218 49.89891911
v 69.06896581 2.25352807 50.03770116
v 69.01875171 2.23464836 49.92181007
v 68.9225122 2.25087758 49.976527
v 69.37405741 2.24469727 49.81485571
v 69.54467409 2.26936548 49.84309959
v 69.71861405 2.26989629 49.88166124
v 69.89178673 2.25394926 49.93756747
v 70.06107101 2.23270623 50.02443082
v 70.23187725 2.23586302 50.13431301
v 70.39820267 2.25343538 50.25866454
v 70.5661552 2.27141428 50.36698067
v 70.74692952 2.25942896 50.42495626
v 70.91167802 2.21729994 50.5138125
v 71.05481416 2.17719918 50.64127375
v 70.02813884 1.85026435 49.23532786
v 66.89393061 1.99686865 52.06763031
v 66.77071381 1.44056296 51.97363713
v 68.2983178 1.47596448 51.17486793
v 71.47750944 2.23727872 49.49410928
v 71.4069917 1.81572785 49.41425064
v 70.07875324 2.31377936 49.72900745
v 67.74131196 2.19772072 51.37631727
v 70.01391691 1.85858648 49.13089303
v 70.14812729 1.86377822 49.16267343
v 70.10283163 1.85151269 49.27659
v 69.94565018 1.84618284 49.27638113
v 69.89457099 1.86072199 49.1584467
v 70.04166328 1.84033881 49.38169058
v 66.97614608 2.02291552 52.10670693
v 66.98639409 2.02635468 51.97936628
v 66.8780878 1.99070782 51.98062404
v 66.83935383 1.97516498 52.12176678
v 66.92335964 1.99888335 52.20524305
v 66.77802098 1.95323797 52.00616494
v 66.83736531 1.44440136 52.04745335
v 66.77091738 1.45775294 52.12502889
v 66.7068528 1.44958152 52.00168767
v 66.77174814 1.43237362 51.87098287
v 66.88118305 1.43242858 51.92210828
v 66.68547903 1.44483364 51.86753891
v 68.23252047 1.4895046 51.14462648
v 68.29774835 1.50902555 51.0647995
v 68.36783859 1.48168813 51.13610541
v 68.40547249 1.45711482 51.22794658
v 68.3012935 1.45404921 51.24696554
v 68.19723104 1.46040988 51.23319906
v 71.45609964 2.23898462 49.61701264
v 71.58527946 2.21650176 49.61166646
v 71.55808696 2.22416176 49.47936521
v 71.40612457 2.24897233 49.42323492
v 71.3446188 2.25393217 49.52181465
v 71.4819059 2.24017647 49.33715792
v 71.48812132 1.80518943 49.39984139
v 71.47747611 1.75472276 49.516652
v 71.36750694 1.78997046 49.48991555
v 71.26699459 1.83776136 49.43065936
v 71.34688732 1.86037299 49.34713367
v 71.44486124 1.86400776 49.2948319
v 70.01064916 2.31329688 49.80452742
v 70.09127079 2.3119513 49.87769931
v 70.14864976 2.31282854 49.78097988
v 70.07099609 2.31400616 49.64304954
v 69.97238226 2.31321134 49.65952152
v 70.17600583 2.31388342 49.64543938
v 67.74139741 2.19499733 51.45546022
v 67.85188804 2.20489807 51.4199173
v 67.80835485 2.2043985 51.33919936
v 67.6678777 2.19216003 51.34792257
v 67.63318154 2.18608402 51.43395806
v 67.73448921 2.20098502 51.2678916
v 67.81747483 2.21006442 51.19137463
v 67.72226328 2.20497333 51.11285838
v 67.63848503 2.19443268 51.1954958
v 67.57221372 2.18408406 51.28525921
v 67.90350115 2.21396249 51.27203002
v 68.00039965 2.22254131 51.2036291
v 67.91097442 2.21892957 51.11330693
v 67.95990943 2.21413642 51.36988928
v 68.06562097 2.22169648 51.31271539
v 68.17224384 2.22864543 51.25047137
v 68.10030391 2.23005171 51.13517791
v 67.99230247 2.21038156 51.48088655
v 68.11041184 2.21768232 51.43198159
v 68.22609786 2.22491515 51.3725571
v 68.34110567 2.23204982 51.3053306
v 68.27931728 2.23538383 51.18237201
v 68.14241601 2.2115894 51.55279263
v 68.26814716 2.2185109 51.49561083
v 68.39190419 2.22554909 51.43058508
v 68.5122663 2.23228209 51.35763094
v 68.45370268 2.23898302 51.23111668
v 68.30446831 2.20963262 51.61799938
v 68.4354383 2.21671736 51.55527457
v 68.56268091 2.22344667 51.48504391
v 68.68620319 2.22950314 51.40932151
v 68.62939231 2.23848632 51.27991093
v 68.47668608 2.20433165 51.68173647
v 68.60946872 2.21117772 51.6139055
v 68.73864109 2.21794028 51.54023879
v 68.86387378 2.22439007 51.46164491
v 68.8068705 2.23573506 51.32930342
v 68.65459672 2.19544782 51.74459573
v 68.78833737 2.20201935 51.67326743
v 68.91815508 2.2095028 51.59563969
v 69.04485242 2.21708838 51.51406067
v 68.98626182 2.23116223 51.37979919
v 68.83648721 2.18156954 51.80789841
v 68.97123799 2.1908776 51.73132285
v 69.1019947 2.2000853 51.64904524
v 69.23019243 2.20935388 51.56235856
v 69.16902295 2.22513808 51.42962247
v 69.02337029 2.16636446 51.86815045
v 69.15873023 2.17790072 51.78376024
v 69.29138147 2.19044866 51.69364745
v 69.42150181 2.20144578 51.6011039
v 69.356488 2.21857059 51.47299175
v 69.21517884 2.14712299 51.91514747
v 69.35198637 2.16217889 51.82128545
v 69.48649736 2.17556383 51.72440631
v 69.61854428 2.19010736 51.6285961
v 69.54970693 2.2120691 51.50732607
v 69.41184936 2.1211247 51.9394833
v 69.55008001 2.13692524 51.84139068
v 69.68603206 2.15315859 51.74260351
v 69.81966958 2.16950744 51.64348371
v 69.74810438 2.20157012 51.5306807
v 69.61073889 2.0955425 51.94479589
v 69.74900994 2.11143923 51.84485417
v 69.88639929 2.1284652 51.74490605
v 70.02221126 2.14437418 51.6441019
v 69.95023261 2.18259595 51.54237641
v 69.8017806 2.07216691 51.92666756
v 69.94394571 2.0908878 51.83171565
v 70.08513476 2.10601875 51.73195223
v 70.22289205 2.12235241 51.6275797
v 70.15483529 2.16082178 51.53996333
v 69.99113779 2.03892539 51.89908729
v 70.13879911 2.05622191 51.80267944
v 70.28483947 2.07403685 51.70092296
v 70.42478035 2.0921901 51.59361169
v 70.35715732 2.14052839 51.51910849
v 70.18418308 1.99198062 51.85905042
v 70.33710193 2.00786964 51.7579363
v 70.48317319 2.0221524 51.64779413
v 70.62292422 2.04148988 51.53305968
v 70.55929557 2.10928899 51.47878665
v 70.37071796 1.92595211 51.79157472
v 70.52599398 1.93685393 51.68284573
v 70.67027432 1.95328162 51.56220298
v 70.80375108 1.97760033 51.43225477
v 70.75690258 2.06551275 51.40910169
v 70.54664871 1.84211055 51.69105985
v 70.6950252 1.85587803 51.56229769
v 70.82948848 1.87834233 51.42826629
v 70.94804599 1.89745684 51.29011424
v 70.92358925 1.99555965 51.28958066
v 70.7026932 1.75831485 51.54625839
v 70.83318029 1.77728298 51.40286034
v 70.94802595 1.79565394 51.26704383
v 71.06327554 1.80776212 51.13709748
v 71.06004879 1.90901318 51.15254039
v 70.8159888 1.67974511 51.3643583
v 70.92673923 1.69798571 51.22502729
v 71.0416519 1.71302152 51.09811599
v 71.16311759 1.72501235 50.97143441
v 71.1790658 1.81918174 51.005824
v 70.88695391 1.61125248 51.16365411
v 71.00170259 1.63033492 51.03388026
v 71.12027676 1.6506723 50.90942784
v 71.24275843 1.66880545 50.77712251
v 71.2797312 1.74603997 50.8359221
v 70.94695323 1.56700036 50.95227561
v 71.06522517 1.59719377 50.82860707
v 71.18387275 1.61830843 50.70100055
v 71.29326607 1.65285007 50.56565021
v 71.34923313 1.70254275 50.63641266
v 70.99870803 1.5619987 50.73643643
v 71.11106712 1.59881996 50.61429246
v 71.22160978 1.62876248 50.48588271
v 71.33117737 1.65273267 50.35173882
v 71.40386143 1.67667958 50.42713098
v 71.02563837 1.58761621 50.52445752
v 71.13656997 1.61738496 50.40160537
v 71.24672553 1.63412467 50.27330111
v 71.34904489 1.6403177 50.13699869
v 71.43993575 1.65803999 50.21226221
v 71.03975145 1.61051441 50.31372579
v 71.14693518 1.62955138 50.18883652
v 71.24641892 1.63235681 50.05692774
v 71.33047389 1.63926205 49.91863628
v 71.43671724 1.63996676 49.99431747
v 71.0417531 1.62841893 50.10354532
v 71.13789694 1.64200524 49.9746289
v 71.21711415 1.66511777 49.84229215
v 71.28024154 1.69877442 49.71203771
v 71.39579388 1.66148875 49.777589
v 71.0244786 1.67115578 49.89600259
v 71.09719229 1.7079354 49.76777329
v 71.15729112 1.7565239 49.64490697
v 71.20834582 1.80310039 49.52989533
v 71.32976806 1.74576444 49.59187012
v 70.97646039 1.76350837 49.69533464
v 71.04189504 1.8166367 49.56967101
v 71.10815153 1.85857061 49.45099956
v 71.1842127 1.88977399 49.34877095
v 70.93276101 1.86141519 49.4861116
v 71.00880636 1.89994379 49.36374317
v 71.08644235 1.92687552 49.25654723
v 70.90101766 1.93077893 49.27512631
v 70.97557995 1.95302329 49.16387016
v 71.04659558 1.96780516 49.06750633
v 71.16454609 1.94621624 49.16853029
v 71.26625003 1.90871259 49.26490599
v 71.2394192 1.958639 49.09942926
v 71.35131072 1.91934096 49.20099463
v 71.30010852 1.96792525 49.05054804
v 71.42742021 1.92613888 49.15972534
v 71.53432949 1.85780232 49.27310496
v 71.58043411 1.79447093 49.40743412
v 71.48393213 1.93498399 49.13347238
v 71.60394912 1.86369584 49.25871599
v 71.65888807 1.80101704 49.42260679
v 71.66949001 1.87837483 49.25125342
v 71.73136284 1.82069897 49.43437962
v 71.74192387 1.76920107 49.60812165
v 71.66168462 1.74278438 49.5819956
v 71.57288802 1.73271466 49.54647882
v 71.64418315 1.69018497 49.73827556
v 71.54851935 1.68213731 49.69248543
v 71.44410186 1.69969287 49.64240369
v 71.50367519 1.65475783 49.84470497
v 71.60381509 1.66219159 49.90498568
v 71.53331284 1.6551691 50.06415969
v 71.69384202 1.68672302 49.95857075
v 71.61714186 1.68288601 50.12833727
v 71.5159619 1.68474932 50.28205492
v 71.69463422 1.71732083 50.18939482
v 71.58198805 1.72255001 50.34882147
v 71.46354774 1.7200668 50.49525818
v 71.6304794 1.78289329 50.40423035
v 71.5076305 1.7824386 50.55242615
v 71.38381547 1.77459174 50.68984916
v 71.5271646 1.86486264 50.58692192
v 71.40629176 1.85614744 50.72950983
v 71.29157642 1.83860438 50.86765485
v 71.4075566 1.94797371 50.74812607
v 71.29176181 1.93313665 50.8863704
v 71.17151246 1.91811384 51.0160987
v 71.26452654 2.02585452 50.88023487
v 71.14979773 2.01464305 51.01345419
v 71.038509 2.00644779 51.150129
v 71.10884658 2.10296959 50.99377882
v 70.99310701 2.09089449 51.12718916
v 70.88077352 2.08324999 51.27091176
v 70.92783417 2.15375624 51.08588982
v 70.81184945 2.14117058 51.22381448
v 70.68950568 2.12645699 51.35655881
v 70.73423939 2.17956603 51.16275751
v 70.61485667 2.16621839 51.2889314
v 70.4884633 2.15595893 51.40688503
v 70.53364497 2.19852143 51.20920014
v 70.41160142 2.18762954 51.32332608
v 70.28416025 2.17585596 51.43279172
v 70.32541607 2.21437501 51.2265132
v 70.20358947 2.20656238 51.3344489
v 70.0783626 2.19545918 51.43915481
v 70.11975043 2.22894834 51.22837906
v 69.99851475 2.22140848 51.33111624
v 69.87459119 2.2119408 51.4316631
v 69.91768854 2.2383208 51.21925057
v 69.7974051 2.23012865 51.316561
v 69.67464755 2.22121788 51.41292761
v 69.71979117 2.24517672 51.19909398
v 69.60117052 2.23653543 51.29131686
v 69.48010908 2.22763594 51.38262925
v 69.52671431 2.24858044 51.16732857
v 69.40964989 2.24114606 51.25540688
v 69.29059871 2.23339455 51.34273719
v 69.33840365 2.25209233 51.12586287
v 69.22302873 2.24510878 51.21103283
v 69.10558854 2.23801015 51.29600671
v 69.15293302 2.25557939 51.07937048
v 69.03923151 2.2489198 51.16327476
v 68.92393152 2.24234506 51.24681661
v 68.9689118 2.25754206 51.03223944
v 68.85702083 2.25122738 51.11578373
v 68.74407996 2.24489697 51.19882046
v 68.78426392 2.25744996 50.98761737
v 68.6745808 2.25118066 51.07097417
v 68.56483423 2.2451023 51.1526937
v 68.59756393 2.2545363 50.94729936
v 68.49119093 2.2481824 51.02883396
v 68.38524745 2.24187883 51.10761625
v 68.40767661 2.24939302 50.9105648
v 68.30433816 2.24301402 50.98953938
v 68.20216402 2.2365143 51.06507497
v 68.21276664 2.24244213 50.87997684
v 68.11033986 2.23515315 50.95839304
v 68.00944993 2.22742201 51.0360699
v 68.0123837 2.23110119 50.86261811
v 67.91181284 2.22269411 50.94617583
v 67.81459157 2.21402007 51.0299018
v 67.81232641 2.21670507 50.85639107
v 67.7141288 2.20791553 50.94316333
v 67.61873406 2.19707559 51.02988092
v 67.60965575 2.198931 50.85538869
v 67.51038518 2.18651784 50.94762706
v 67.41815977 2.17155977 51.05017734
v 67.53075088 2.18428232 51.11969779
v 67.34620006 2.15577826 51.16911622
v 67.46189501 2.1722342 51.22136924
v 67.29934852 2.13963499 51.29782349
v 67.4170229 2.16155498 51.33808244
v 67.52890902 2.17565172 51.38509629
v 67.3923163 2.15233035 51.45933707
v 67.5070281 2.16923375 51.49284896
v 67.62328879 2.18199831 51.52685966
v 67.74807813 2.192896 51.53644226
v 67.50007705 2.16381163 51.60735089
v 67.62469507 2.17881634 51.62884353
v 67.7540532 2.18977111 51.63560802
v 67.88407624 2.19840037 51.62301959
v 67.8712211 2.20254687 51.51551999
v 67.62726953 2.17363441 51.74165168
v 67.76164365 2.18451662 51.74720791
v 67.8975489 2.19232975 51.7373741
v 68.03413531 2.19757566 51.71221726
v 68.01284952 2.20488056 51.59551408
v 67.76973848 2.17716744 51.86744412
v 67.9129924 2.18336114 51.85656267
v 68.05681981 2.18750032 51.83036662
v 68.19993886 2.19273781 51.79130549
v 68.17051521 2.20336846 51.67105261
v 67.93119549 2.17009314 51.98019603
v 68.08121096 2.17205 51.95272756
v 68.22970809 2.17608908 51.91460967
v 68.37468037 2.18147449 51.86696475
v 68.34005156 2.19819293 51.74100125
v 68.10729108 2.14848498 52.07840079
v 68.25948457 2.1515554 52.04188399
v 68.40880447 2.15757483 51.99548959
v 68.5548453 2.16451872 51.94059627
v 68.51693514 2.1879013 51.80996151
v 68.28882503 2.12174601 52.17211514
v 68.44204805 2.12830685 52.12780793
v 68.59293364 2.13852935 52.07492771
v 68.74026978 2.14683196 52.01376475
v 68.69784421 2.17365807 51.87809253
v 68.47380997 2.09060762 52.26023201
v 68.6303633 2.10019548 52.20834234
v 68.78362104 2.11094896 52.14868298
v 68.93143916 2.12085968 52.08007697
v 68.88381651 2.15656297 51.94492386
v 68.66696963 2.05500792 52.33629251
v 68.82646932 2.0678197 52.27728459
v 68.97929698 2.08019658 52.20873449
v 69.126587 2.09166165 52.1279726
v 69.07538333 2.13207939 52.00225543
v 68.86435092 2.0222155 52.3879148
v 69.02414797 2.03548489 52.32245624
v 69.17650502 2.04790078 52.2400234
v 69.32364782 2.06364475 52.14202978
v 69.27080202 2.10530143 52.03754191
v 69.05777104 1.99404962 52.40331949
v 69.21467028 2.01258218 52.3132003
v 69.36438042 2.02859075 52.2117245
v 69.5120607 2.04393516 52.11389269
v 69.46947183 2.07909565 52.04465494
v 69.24890452 1.9706361 52.37527181
v 69.40317979 1.98956291 52.27571146
v 69.55165263 2.00320669 52.17788756
v 69.6977718 2.01243965 52.08327948
v 69.65787982 2.05692113 52.0202659
v 69.43136865 1.93528471 52.32301054
v 69.58140949 1.9462676 52.22723375
v 69.73045187 1.9548359 52.13530991
v 69.8800176 1.96423387 52.04534646
v 69.84417144 2.02390014 51.99083097
v 69.59859408 1.87829767 52.25741441
v 69.75045898 1.88559368 52.1684225
v 69.90571425 1.89508081 52.08597113
v 70.06040374 1.90549926 51.99557428
v 70.0317308 1.97735008 51.95581608
v 69.75341978 1.80727421 52.17387484
v 69.91018875 1.81347524 52.09225743
v 70.06546124 1.82123933 52.00177354
v 70.22321761 1.8289373 51.90551032
v 70.21609313 1.91649786 51.89824626
v 69.89583439 1.73239504 52.06975538
v 70.05380965 1.73632029 51.98613144
v 70.21679812 1.73965125 51.89826074
v 70.37907806 1.74342055 51.79159544
v 70.3837158 1.83466965 51.79920046
v 70.02135196 1.66044553 51.94207831
v 70.18675232 1.66109045 51.85701493
v 70.35778343 1.65934147 51.76231693
v 70.53059569 1.6590255 51.64876658
v 70.5468644 1.74732987 51.67701858
v 70.14880087 1.59483188 51.79957021
v 70.32087708 1.59538554 51.70436237
v 70.49055562 1.58897622 51.59325195
v 70.64185722 1.59144547 51.45723465
v 70.68677294 1.66532072 51.51094934
v 70.27608689 1.54293218 51.63124718
v 70.43576013 1.53993603 51.5192932
v 70.58128358 1.53441721 51.38843021
v 70.7130084 1.53126796 51.24197665
v 70.77337746 1.594507 51.30966686
v 70.37442155 1.49705178 51.43391294
v 70.51310626 1.48954534 51.30842972
v 70.64175098 1.48747652 51.16420478
v 70.76360359 1.49410727 51.01066437
v 70.83270917 1.54082639 51.09085387
v 70.43630549 1.47136307 51.21087834
v 70.55878758 1.47740312 51.07495862
v 70.67926878 1.48525059 50.92771883
v 70.7983991 1.50211068 50.77895469
v 70.88192824 1.52187523 50.86458654
v 70.47362983 1.48611399 50.97710656
v 70.59002632 1.49279428 50.84000366
v 70.70587398 1.50430843 50.69766061
v 70.82152852 1.5283722 50.56060584
v 70.91368203 1.54528534 50.646701
v 70.49929398 1.50960095 50.74719104
v 70.61233946 1.52611015 50.61349848
v 70.72280954 1.53819233 50.47738813
v 70.83130054 1.56575437 50.34789901
v 70.93078967 1.57342166 50.43508843
v 70.51707066 1.55938683 50.52816945
v 70.62350748 1.56536574 50.39492786
v 70.72780138 1.57334378 50.26251188
v 70.83161187 1.60410845 50.13813167
v 70.93719485 1.6007329 50.22526282
v 70.52271108 1.59436624 50.31044346
v 70.62326535 1.59261448 50.17851253
v 70.7251865 1.6107905 50.05102033
v 70.82213855 1.65648946 49.9339234
v 70.93355271 1.63955121 50.01904255
v 70.51782204 1.61954021 50.09519128
v 70.61627103 1.63931765 49.96935588
v 70.7085887 1.69151732 49.85396685
v 70.78948007 1.7524968 49.73908562
v 70.90651209 1.71309955 49.82010878
v 70.50848957 1.68030092 49.89018264
v 70.59744259 1.72949548 49.77428497
v 70.67593797 1.79069801 49.65709139
v 70.75021066 1.84678171 49.53015379
v 70.86113418 1.80920418 49.61398996
v 70.48666589 1.76745784 49.69567905
v 70.56456809 1.82312304 49.57580729
v 70.63943043 1.87257235 49.44625978
v 70.71304039 1.91185052 49.31387198
v 70.82539948 1.8933385 49.39946297
v 70.45167045 1.84320276 49.49554746
v 70.52302603 1.88523332 49.36635148
v 70.59139083 1.9205142 49.23485371
v 70.40053341 1.8854147 49.29219328
v 70.45891245 1.91155944 49.16321905
v 70.51083462 1.9222683 49.04158381
v 70.65370195 1.94067037 49.10984549
v 70.78409963 1.94311156 49.18794005
v 70.71212207 1.95055023 48.99488289
v 70.85107727 1.96082595 49.07366215
v 70.76417439 1.95546886 48.88720531
v 70.91377262 1.96953088 48.96997087
v 70.80338975 1.95978008 48.79990077
v 70.96954032 1.97540071 48.88183093
v 71.11329776 1.97705189 48.98489333
v 71.00920827 1.97934247 48.81910384
v 71.16104472 1.98261902 48.93372026
v 71.04348063 1.98644796 48.76850427
v 71.20505491 1.99144291 48.88960172
v 71.34970896 1.97871358 49.0139095
v 71.24638895 2.00559775 48.8526963
v 71.394706 1.99192211 48.9845128
v 71.53843247 1.94950487 49.11039043
v 71.43929945 2.00670086 48.95688724
v 71.58761954 1.9715207 49.0895047
v 71.72727418 1.90782487 49.24547704
v 71.63219615 1.99769192 49.07299471
v 71.77385918 1.95049273 49.24356572
v 71.85043322 1.89662216 49.44835808
v 71.79810864 1.84940963 49.44190011
v 71.87353402 1.85599754 49.64614984
v 71.81179354 1.80723932 49.62828914
v 71.87029953 1.81245151 49.84007569
v 71.80656968 1.75775618 49.81138978
v 71.73140241 1.71718278 49.77949679
v 71.77504353 1.72418153 50.00639145
v 71.83933272 1.78007006 50.04450307
v 71.74705007 1.78338836 50.23518162
v 71.86892693 1.86314917 50.07167564
v 71.78130744 1.861577 50.2701466
v 71.65032482 1.86663046 50.43634846
v 71.78957233 1.95247014 50.2888925
v 71.64342193 1.95548772 50.44407384
v 71.52466389 1.95511077 50.60025197
v 71.62391123 2.04310936 50.43954549
v 71.50321771 2.04343575 50.5925049
v 71.38393485 2.03783996 50.74102521
v 71.45758033 2.12024148 50.5657481
v 71.34159578 2.11849657 50.71673572
v 71.2228374 2.1102441 50.85820119
v 71.27606953 2.17659513 50.67313682
v 71.15986946 2.17314065 50.81522301
v 71.04306424 2.16652012 50.95166344
v 71.08015807 2.20983333 50.75892674
v 70.96236903 2.20070189 50.89418631
v 70.84761345 2.18916968 51.02902725
v 70.87602684 2.22378316 50.82809108
v 70.76192742 2.21534822 50.96050055
v 70.64880205 2.20722131 51.08828807
v 70.66830281 2.2355815 50.87576185
v 70.55632138 2.22872381 50.99855337
v 70.44275841 2.22175567 51.11504583
v 70.4639436 2.24796805 50.90285555
v 70.35261968 2.24263156 51.01572288
v 70.23777208 2.23610195 51.1235717
v 70.26212232 2.25743051 50.91365361
v 70.15045323 2.25223991 51.01839997
v 70.0352416 2.24552105 51.12001922
v 70.06279316 2.26586529 50.91252153
v 69.95108804 2.25918886 51.00997109
v 69.83642288 2.25246486 51.10547914
v 69.86655126 2.26927363 50.89861711
v 69.75517228 2.26277181 50.98924135
v 69.64186742 2.2557582 51.07875582
v 69.67399236 2.27220228 50.87037787
v 69.56393736 2.26565389 50.95539599
v 69.4520878 2.25893529 51.04050837
v 69.48504849 2.2742504 50.83056161
v 69.37589588 2.26819822 50.9127826
v 69.26524208 2.26207322 50.99572718
v 69.29804961 2.27543433 50.78465686
v 69.18970147 2.26974542 50.86609624
v 69.07992775 2.26372162 50.9487377
v 69.11129155 2.27553872 50.73743729
v 69.00319627 2.26972134 50.82000391
v 68.89405619 2.26354709 50.90373472
v 68.92261443 2.27329461 50.69413373
v 68.81455384 2.26731298 50.77871547
v 68.70593458 2.26100353 50.86344049
v 68.73026579 2.26838209 50.65798844
v 68.62208191 2.26220438 50.7437518
v 68.51425873 2.25584879 50.82805719
v 68.5328924 2.26160353 50.62929016
v 68.42486149 2.25541405 50.71494892
v 68.31768151 2.24907251 50.7984682
v 68.33090842 2.25272669 50.60797263
v 68.22255103 2.24618546 50.69437354
v 68.11613686 2.23893175 50.77899813
v 68.12554039 2.24150091 50.59418611
v 68.01811328 2.23400239 50.68170239
v 67.91345324 2.22548452 50.76910745
v 67.91919031 2.22738901 50.5870742
v 67.81297541 2.21848 50.67637953
v 67.71009065 2.20905779 50.76576292
v 67.71337549 2.20987803 50.58511822
v 67.60667146 2.20019794 50.67627088
v 67.50312145 2.18824538 50.77014216
v 67.50752717 2.18882484 50.59242278
v 67.39920101 2.17555053 50.6911667
v 67.29721689 2.16019164 50.80349375
v 67.40136901 2.17478408 50.87089036
v 67.20280327 2.13465318 50.93213355
v 67.30737971 2.15528391 50.98814051
v 67.1246369 2.10493109 51.07364823
v 67.2319496 2.13277217 51.11992392
v 67.06740585 2.0705588 51.21574187
v 67.17743142 2.1083215 51.25752842
v 67.02244063 2.03638212 51.35084422
v 67.14131232 2.08772899 51.38729679
v 67.26897709 2.12635672 51.42481796
v 67.11552559 2.07232872 51.51088511
v 67.24892322 2.11557525 51.54589765
v 67.37779592 2.14397782 51.57918088
v 67.23655956 2.10746876 51.66446172
v 67.36886948 2.13747229 51.69825134
v 67.49698231 2.15838429 51.72441389
v 67.36195564 2.13100305 51.82090021
v 67.49359038 2.15232176 51.8473532
v 67.62880411 2.16698341 51.86329012
v 67.48741486 2.14583526 51.97621832
v 67.63020061 2.15988663 51.99087256
v 67.77939592 2.16725154 51.99301969
v 67.63169815 2.14999312 52.12108486
v 67.79071674 2.15289718 52.12022513
v 67.95091152 2.1505454 52.10530655
v 67.80383522 2.13313418 52.24763987
v 67.97118824 2.12476658 52.23178242
v 68.13276884 2.12096171 52.20693135
v 67.98957874 2.09410828 52.35747047
v 68.15603019 2.08574321 52.33590373
v 68.31644251 2.08474373 52.30349142
v 68.17463545 2.04350887 52.45886291
v 68.34072986 2.03973359 52.43107538
v 68.50406885 2.0457518 52.38785267
v 68.35777402 1.99585671 52.52923602
v 68.52743341 2.00060309 52.49032643
v 68.69660295 2.00902116 52.44197618
v 68.54734223 1.9538384 52.57265657
v 68.71891643 1.96171101 52.52052073
v 68.89020037 1.97866939 52.4685169
v 68.73877705 1.90793608 52.58590335
v 68.91353393 1.92718697 52.53412515
v 69.08649979 1.94871468 52.46747364
v 68.93284381 1.86597556 52.5796812
v 69.10920536 1.89122678 52.51113716
v 69.27669073 1.91756149 52.4226177
v 69.12137083 1.82099624 52.52444742
v 69.29053033 1.84886115 52.44090531
v 69.44643223 1.86753729 52.34691281
v 69.28569078 1.77447699 52.42545685
v 69.44192296 1.79399152 52.33681734
v 69.59820901 1.80224416 52.2566377
v 69.42688548 1.71932572 52.30879525
v 69.58354471 1.72620786 52.23136131
v 69.73967574 1.72955481 52.15242883
v 69.55630662 1.65765359 52.18412942
v 69.71119239 1.65832038 52.10665338
v 69.86530654 1.65872949 52.02538603
v 69.67037212 1.59969932 52.04173582
v 69.82350552 1.59277601 51.96625688
v 69.98159485 1.59196932 51.8861424
v 69.7756918 1.53762627 51.89042942
v 69.93952922 1.53380396 51.81434854
v 70.10864993 1.53982623 51.72840136
v 69.89810418 1.48816483 51.72561693
v 70.06713363 1.49338244 51.64111441
v 70.22585328 1.49911093 51.54300647
v 70.0154993 1.47071614 51.5339567
v 70.16502395 1.47942211 51.43736784
v 70.3050331 1.47608953 51.33034541
v 70.09609904 1.47844572 51.32419726
v 70.22998808 1.47918253 51.21990715
v 70.35500826 1.48007596 51.10512135
v 70.15152974 1.50597742 51.11005703
v 70.27149242 1.5051167 50.99903829
v 70.38605925 1.50479601 50.87696279
v 70.1848453 1.52877531 50.89186643
v 70.29623143 1.52626292 50.77564404
v 70.40697732 1.53639375 50.65320599
v 70.20510628 1.55684906 50.67429011
v 70.31267315 1.56869783 50.55844808
v 70.4196262 1.59072476 50.43897882
v 70.21660036 1.60218293 50.46159151
v 70.31975225 1.61871912 50.34739433
v 70.42059933 1.62374446 50.22489041
v 70.21849854 1.65139595 50.2557659
v 70.31733825 1.65779753 50.13846836
v 70.41414069 1.66229497 50.01464759
v 70.21627337 1.71055922 50.05751382
v 70.31291679 1.71934214 49.93942347
v 70.40300298 1.73389038 49.81638372
v 70.20763915 1.76564858 49.86185592
v 70.29541279 1.77939361 49.74167671
v 70.37702363 1.80523472 49.61946036
v 70.18473847 1.80705301 49.66287451
v 70.2629184 1.82304663 49.54250751
v 70.33496145 1.85185613 49.41981773
v 70.14777504 1.83559104 49.46637486
v 70.21796227 1.85309281 49.34800939
v 70.27593712 1.87684956 49.22360605
v 70.17382453 1.87069534 49.04817858
v 70.31949859 1.89080941 49.10018552
v 70.19365261 1.87587449 48.93543138
v 70.35606566 1.89788599 48.98368414
v 70.21051745 1.87983212 48.82856251
v 70.38535384 1.90006646 48.87615322
v 70.55488043 1.92367542 48.93040941
v 70.41044443 1.90757184 48.77932526
v 70.59319683 1.93165175 48.8258126
v 70.4253711 1.92695916 48.70846185
v 70.6178972 1.94343198 48.74575537
v 70.43426158 1.94998819 48.65626893
v 70.6315427 1.96361601 48.68904931
v 70.82825143 1.96802741 48.7374861
v 70.6444662 1.98381339 48.63453163
v 70.85151791 1.9803534 48.68358805
v 70.65973771 2.00362636 48.58537554
v 70.87309727 1.99997956 48.63541746
v 71.07694815 2.00551171 48.72745193
v 70.89395076 2.03040108 48.59501724
v 71.10440938 2.03111213 48.69026987
v 71.28494327 2.0290691 48.82272038
v 71.12907776 2.06978027 48.66278675
v 71.31587067 2.06001002 48.79885937
v 71.46500402 2.04582538 48.95117779
v 71.32549553 2.10936686 48.80564002
v 71.48741195 2.09270394 48.95100284
v 71.65051812 2.0500879 49.08536964
v 71.80612399 2.00407256 49.24907371
v 71.50007498 2.14046096 48.96322675
v 71.66083231 2.10405827 49.10330047
v 71.80860501 2.0651294 49.27030664
v 71.64314815 2.14763073 49.14200178
v 71.7857007 2.11976894 49.30331458
v 71.86624706 2.08933205 49.50316982
v 71.88681061 2.02671849 49.47954478
v 71.87893551 1.95855877 49.46104788
v 71.92224257 1.99696471 49.68685082
v 71.91442607 1.92135175 49.66619205
v 71.91660552 1.96911209 49.88958024
v 71.91203379 1.88475181 49.86653104
v 71.86816234 1.95091068 50.08899211
v 71.8831875 2.05117939 49.90363114
v 71.83286625 2.03493097 50.092374
v 71.7557662 2.04325871 50.28118236
v 71.77715648 2.11099749 50.08394945
v 71.68896889 2.10820258 50.2527747
v 71.57733667 2.11950871 50.41292076
v 71.61423889 2.16564061 50.21842516
v 71.50772614 2.1750571 50.37230189
v 71.39304447 2.17965275 50.52508163
v 71.42276816 2.20942695 50.32412046
v 71.31109402 2.21312709 50.47279623
v 71.19645378 2.21236266 50.61867885
v 71.21902033 2.23618614 50.41474594
v 71.10708638 2.23388217 50.55679184
v 70.99214289 2.22994133 50.69420007
v 71.00272985 2.24981067 50.48227305
v 70.89232964 2.24617999 50.61747804
v 70.78020055 2.24166222 50.74864934
v 70.78990606 2.2594575 50.53470872
v 70.68209985 2.25639845 50.66200084
v 70.57340899 2.25229042 50.78490694
v 70.58317646 2.26907276 50.57317026
v 70.47783139 2.26540924 50.69189631
v 70.37093314 2.26120246 50.80527496
v 70.38193994 2.27643263 50.59909786
v 70.27825136 2.27283663 50.70746327
v 70.17178053 2.2698845 50.81172934
v 70.18541971 2.28288664 50.61026697
v 70.0815859 2.27900027 50.70976762
v 69.97547161 2.27481269 50.80551603
v 69.99213642 2.28596278 50.60656753
v 69.88834294 2.28224605 50.69699409
v 69.78258299 2.27789203 50.78393831
v 69.80124672 2.28859179 50.58546408
v 69.6976254 2.28448267 50.66789853
v 69.59234541 2.27978853 50.74909903
v 69.6119847 2.28998855 50.54921283
v 69.50899765 2.28573993 50.62656555
v 69.40449577 2.28080838 50.70485088
v 69.42327037 2.29057164 50.5023706
v 69.32139447 2.28611499 50.57817559
v 69.21753649 2.28096143 50.65657653
v 69.23490062 2.28877541 50.45054278
v 69.13322606 2.28386162 50.5288877
v 69.02902111 2.27870882 50.61051693
v 69.04494936 2.28499925 50.4025888
v 68.94231259 2.27985503 50.48605712
v 68.83721606 2.27427405 50.57151054
v 68.85103615 2.27950111 50.3643962
v 68.74723351 2.27367287 50.45253313
v 68.64089826 2.26767036 50.54148561
v 68.65323641 2.27143566 50.33748
v 68.54728877 2.26531176 50.42939587
v 68.43951396 2.2591338 50.51963034
v 68.45126544 2.26160884 50.32148645
v 68.34342623 2.25512747 50.41435481
v 68.23449459 2.24839977 50.50532361
v 68.24791228 2.24942147 50.31267528
v 68.13806619 2.24233673 50.40573339
v 68.02826784 2.23510053 50.4971037
v 68.04579533 2.23507738 50.31074264
v 67.9341472 2.22765681 50.40324655
v 67.82270028 2.21926059 50.49447331
v 67.84545752 2.21811716 50.31228444
v 67.73129159 2.20884471 50.40487479
v 67.61868069 2.19953353 50.49746945
v 67.64789555 2.19537019 50.31796079
v 67.53242386 2.18580503 50.41496261
v 67.41849821 2.17539781 50.51517106
v 67.46883865 2.17182379 50.35062438
v 67.35064854 2.16155952 50.45545464
v 67.23711503 2.14757374 50.57333695
v 67.30686986 2.16169624 50.62421999
v 67.12876783 2.12509601 50.70162973
v 67.20145189 2.14281216 50.74546485
v 67.03552392 2.090571 50.84320764
v 67.10809517 2.11367332 50.88218778
v 66.94876365 2.04243876 50.98800842
v 67.028734 2.07110076 51.02860741
v 66.87894147 1.99076638 51.13327577
v 66.96872425 2.02854714 51.17533845
v 66.82037234 1.94042193 51.27844513
v 66.9182885 1.98699384 51.31464388
v 66.77455614 1.90907952 51.42460244
v 66.87636162 1.95794651 51.45089446
v 66.98486187 2.01557926 51.47935694
v 66.84766064 1.95373556 51.58690722
v 66.9650545 2.00674514 51.60358786
v 67.10008302 2.06275779 51.63109211
v 66.95848229 2.00842633 51.72892248
v 67.09457225 2.05923671 51.75126458
v 67.23074925 2.10114146 51.78435511
v 67.09838831 2.06061769 51.87482436
v 67.22500461 2.09642799 51.91197796
v 67.35330113 2.12368687 51.949552
v 67.21239143 2.08885483 52.04984041
v 67.338756 2.11480939 52.08487046
v 67.47996458 2.13659051 52.10860368
v 67.31974723 2.10261697 52.22133286
v 67.46969602 2.1250529 52.24123621
v 67.63374307 2.13730627 52.25089053
v 67.46082094 2.11258843 52.36374212
v 67.63806039 2.11842151 52.37158725
v 67.81632988 2.10844033 52.36938961
v 67.64327397 2.094196 52.473519
v 67.82520715 2.07831355 52.47620628
v 68.00197531 2.05632112 52.46991071
v 67.82654455 2.03802218 52.56504632
v 68.00528423 2.01717909 52.56051331
v 68.18302729 2.00176371 52.55143686
v 68.00519566 1.96850918 52.63860139
v 68.18716209 1.95430396 52.63019053
v 68.3713504 1.94939539 52.61269646
v 68.19074091 1.89932072 52.69729243
v 68.3795593 1.89345674 52.68009522
v 68.56412242 1.89746168 52.64087985
v 68.38461487 1.82370776 52.72184379
v 68.57438879 1.8278179 52.68060472
v 68.75503949 1.84317481 52.63043871
v 68.57772347 1.74932169 52.68758827
v 68.76270807 1.7672717 52.63685618
v 68.94351283 1.79189024 52.59053654
v 68.76325845 1.69280575 52.61404313
v 68.9439066 1.71822837 52.56617242
v 69.1217492 1.74697357 52.51035084
v 68.93615928 1.65231381 52.5185701
v 69.10931263 1.67836468 52.46612024
v 69.27065907 1.70204543 52.39058389
v 69.08595957 1.61432302 52.40003263
v 69.24571106 1.63382884 52.3342252
v 69.40169377 1.64845176 52.26061136
v 69.21285799 1.57293011 52.26006818
v 69.36604542 1.58731607 52.18849927
v 69.51753788 1.59733853 52.11471201
v 69.32390944 1.53835883 52.09850063
v 69.472088 1.54808858 52.02847859
v 69.62202309 1.54659338 51.96092544
v 69.42573724 1.50238124 51.92488631
v 69.57431789 1.49618612 51.86193369
v 69.73037732 1.48751914 51.79912132
v 69.52822981 1.45792421 51.74585973
v 69.68806991 1.4475128 51.68615237
v 69.85517083 1.45795852 51.61767938
v 69.64816139 1.44488633 51.56184248
v 69.8072502 1.4604765 51.49602528
v 69.95677585 1.47708025 51.41784805
v 69.75091499 1.4832235 51.37191079
v 69.8907364 1.49872326 51.29708811
v 70.02486293 1.50535995 51.20942829
v 69.82054147 1.52839856 51.17680147
v 69.94862782 1.5368616 51.0938209
v 70.06983438 1.53525967 50.99842069
v 69.8686142 1.56864052 50.97711367
v 69.98565186 1.56738914 50.88588126
v 70.09678652 1.55839373 50.78403791
v 69.89908084 1.59890653 50.77299322
v 70.0071477 1.59171064 50.67553074
v 70.1119937 1.59105946 50.57150974
v 69.91379772 1.62250985 50.56541202
v 70.01579876 1.6209216 50.46638567
v 70.11733567 1.63109922 50.3626175
v 69.91604966 1.64831072 50.3588954
v 70.01494038 1.66884527 50.26465006
v 70.11570689 1.6929064 50.16530732
v 69.91094249 1.71385978 50.1640015
v 70.0104429 1.73752896 50.07298846
v 70.11086769 1.75447319 49.9739151
v 69.90389984 1.7709582 49.96993872
v 70.0041193 1.78736733 49.8805218
v 70.09936418 1.7959515 49.77788981
v 69.89673335 1.80343213 49.77408452
v 69.98866982 1.81279298 49.68331733
v 70.07123198 1.82296396 49.57901299
v 69.88238219 1.82245639 49.5732881
v 69.96622063 1.83127288 49.48151874
v 69.78971412 1.83135067 49.44559234
v 69.87291316 1.83912171 49.36408859
v 69.71220976 1.84929029 49.3110229
v 69.80196278 1.85825095 49.23348179
v 69.65767116 1.88076577 49.19225526
v 69.76470112 1.88416788 49.11733551
v 69.88528389 1.87895055 49.0516371
v 70.02626028 1.86986643 49.0235927
v 69.73867248 1.90683137 49.012801
v 69.87442829 1.89452378 48.94698262
v 70.03107935 1.87802368 48.91633809
v 69.86553166 1.90783101 48.84767871
v 70.03267699 1.88642685 48.80898901
v 69.85736738 1.91960994 48.75983696
v 70.03365466 1.89643762 48.72482611
v 70.22082751 1.89543554 48.74157258
v 70.03579993 1.90811351 48.65534556
v 70.22959458 1.91496972 48.68169837
v 70.03983531 1.92190789 48.59477713
v 70.23864764 1.93539722 48.62472325
v 70.04064385 1.94150366 48.53873481
v 70.24762728 1.96006935 48.57243301
v 70.44382229 1.97267412 48.6030038
v 70.25496416 1.98631343 48.52095266
v 70.45475803 1.99677983 48.55296761
v 70.26333218 2.01784354 48.47555556
v 70.46616026 2.02218952 48.5048967
v 70.67489892 2.02606772 48.53881766
v 70.47523344 2.06226074 48.47209039
v 70.68823663 2.06199248 48.5031924
v 70.91172786 2.0694854 48.56402501
v 70.69732976 2.10941931 48.48989897
v 70.92545856 2.11566125 48.54504957
v 71.14397934 2.11368738 48.65413763
v 70.92293511 2.16155834 48.57077569
v 71.14222402 2.16202693 48.67577643
v 71.33214772 2.15510846 48.81799559
v 71.13002454 2.20155674 48.71178322
v 71.3174337 2.19142541 48.85390844
v 71.48617827 2.17786973 49.00056194
v 71.2996039 2.22541767 48.89380067
v 71.46812671 2.21258408 49.04083605
v 71.62147854 2.18757634 49.18313048
v 71.74656009 2.16167385 49.34205807
v 71.4377445 2.23228369 49.09047446
v 71.58247078 2.21121822 49.23398271
v 71.69524273 2.1909516 49.38428626
v 71.75545723 2.17550801 49.55703084
v 71.81973548 2.14047131 49.52921728
v 71.53655239 2.23256227 49.28443866
v 71.63565964 2.20996356 49.42895127
v 71.67789179 2.19730651 49.5871178
v 71.57323572 2.21905526 49.73113109
v 71.68294255 2.19780861 49.73664619
v 71.77085485 2.17408608 49.73033644
v 71.65356252 2.20514516 49.88518471
v 71.74472632 2.1707711 49.90085678
v 71.82506204 2.11969645 49.90922753
v 71.84042363 2.12706162 49.7198245
v 71.89252427 2.06757514 49.70453788
v 71.69631764 2.17109969 50.0642962
v 71.59844307 2.20667056 50.03332495
v 71.52418621 2.2072219 50.17808701
v 71.49000309 2.22807009 49.98979738
v 71.41696981 2.23222779 50.12697598
v 71.32415156 2.23466158 50.26951497
v 71.29057156 2.24905433 50.06406445
v 71.20643374 2.25070433 50.20166303
v 71.10846555 2.25218873 50.34294662
v 71.08685706 2.2655266 50.12822896
v 70.99591451 2.26466393 50.26623903
v 70.89582125 2.2622437 50.40279796
v 70.88406492 2.27680836 50.1857698
v 70.78900559 2.27436573 50.32055249
v 70.68752845 2.27164739 50.44954656
v 70.68356084 2.28549806 50.23674625
v 70.58583023 2.28282737 50.36419988
v 70.48464909 2.27988079 50.4845409
v 70.4864763 2.29240323 50.2806152
v 70.3877601 2.28987785 50.39683456
v 70.28728564 2.28652431 50.50642201
v 70.29354997 2.29658299 50.31194894
v 70.19461841 2.2934922 50.41533799
v 70.09407231 2.28974887 50.51331727
v 70.10437176 2.29877296 50.32671528
v 70.00422596 2.29573968 50.41672135
v 69.90318517 2.29240382 50.50237198
v 69.91607037 2.30057694 50.31897521
v 69.81498116 2.29736846 50.39566237
v 69.71371887 2.29382482 50.47228119
v 69.72660878 2.30109638 50.28670418
v 69.62515883 2.29792805 50.35712755
v 69.5242322 2.294392 50.42886488
v 69.53476287 2.30077554 50.23767694
v 69.43408741 2.29740306 50.30508728
v 69.33484495 2.29336651 50.37588308
v 69.34146984 2.29868482 50.17699894
v 69.24330743 2.29451921 50.24675627
v 69.14516287 2.28987086 50.32242295
v 69.14697595 2.29400886 50.1173132
v 69.05096253 2.28973111 50.19556084
v 68.95236041 2.28499638 50.27823997
v 68.952105 2.28877271 50.06841646
v 68.85581856 2.28353143 50.15486713
v 68.75606237 2.27754063 50.24513074
v 68.75747323 2.28120583 50.03307432
v 68.65877008 2.27468312 50.1294363
v 68.55654034 2.26831995 50.22622767
v 68.56187957 2.27144602 50.01843377
v 68.4601774 2.26420864 50.11915095
v 68.35536398 2.2564131 50.21724159
v 68.36862634 2.25760478 50.01830572
v 68.26431291 2.24927599 50.11889475
v 68.15672525 2.24250847 50.21621295
v 68.17931318 2.24018127 50.0260913
v 68.07138977 2.23324638 50.12433513
v 67.95960669 2.22641605 50.2192825
v 67.99497493 2.21931624 50.03883319
v 67.8809463 2.2139773 50.13166948
v 67.76559324 2.20601482 50.22575386
v 67.83330475 2.20089881 50.07369223
v 67.71546049 2.19267854 50.16609641
v 67.5932499 2.18103629 50.25781404
v 67.67614999 2.17403565 50.11703577
v 67.55152827 2.16478307 50.20749838
v 67.42277697 2.15808459 50.30070658
v 67.5141871 2.14165668 50.1606428
v 67.3816534 2.13482593 50.2540785
v 67.25044718 2.12539555 50.36245429
v 67.29766443 2.14685494 50.4081245
v 67.12506272 2.10447054 50.48908494
v 67.17729908 2.13161947 50.52948832
v 67.01300637 2.07530518 50.6275412
v 67.06621072 2.10726031 50.66435186
v 66.91861448 2.03550446 50.77099789
v 66.97297304 2.06700211 50.80759871
v 66.83713699 1.98521057 50.91554392
v 66.88807231 2.01643415 50.95239171
v 66.76114182 1.93462417 51.06169499
v 66.8131113 1.96233047 51.09655667
v 66.68808093 1.89033893 51.21626788
v 66.74885192 1.91303993 51.24554613
v 66.62265555 1.85322288 51.3780576
v 66.69057508 1.8778729 51.4010823
v 66.58045253 1.84442891 51.55315952
v 66.65148684 1.87239678 51.56147484
v 66.74070607 1.90568199 51.57256793
v 66.64129928 1.88356084 51.72612037
v 66.73144154 1.92075502 51.72209872
v 66.83917383 1.962473 51.72243093
v 66.74786406 1.93721766 51.87064831
v 66.85041106 1.97559274 51.85758034
v 66.96892529 2.01879995 51.85419279
v 67.09668503 2.05973852 52.00897311
v 67.07425672 2.04958786 52.14663384
v 67.18833593 2.07716544 52.18979509
v 67.03356824 2.02725662 52.26722836
v 67.15758599 2.05806873 52.31736153
v 67.29934836 2.09024503 52.34957499
v 67.13150208 2.02934452 52.42862551
v 67.28630716 2.06482215 52.4598235
v 67.46069483 2.08804284 52.46756204
v 67.28356095 2.01955032 52.5545082
v 67.46413424 2.04613355 52.55878578
v 67.64461492 2.0526214 52.56445886
v 67.47034511 1.97847849 52.63058604
v 67.64562163 1.99117545 52.63736552
v 67.82436325 1.98225276 52.63837173
v 67.65044391 1.91328222 52.6915818
v 67.82460773 1.91292354 52.69526047
v 68.00403581 1.90776434 52.70316807
v 67.82817241 1.83154822 52.72936715
v 68.0052913 1.83044329 52.73868371
v 68.19246491 1.82617489 52.73525205
v 68.0104074 1.7449329 52.73621617
v 68.19258682 1.74355091 52.73374761
v 68.3838714 1.7420469 52.72510506
v 68.19014773 1.66607795 52.69328829
v 68.37936879 1.66398494 52.69425174
v 68.57547107 1.67362135 52.66407983
v 68.37242708 1.5970461 52.6361229
v 68.5690195 1.60748777 52.61517782
v 68.75816222 1.62616956 52.56944211
v 68.56044026 1.55083575 52.54509785
v 68.74672459 1.5689055 52.50245739
v 68.92047772 1.58924084 52.45484884
v 68.72929279 1.51181191 52.42319489
v 68.89866497 1.52875314 52.37473217
v 69.05841293 1.55199001 52.32221698
v 68.86375101 1.47748849 52.27453771
v 69.02300391 1.49654969 52.22391877
v 69.17509525 1.51916661 52.16457646
v 68.98339363 1.45433909 52.10733177
v 69.13312186 1.47525527 52.05175484
v 69.27958516 1.49621817 51.98977122
v 69.09209232 1.44517554 51.9252761
v 69.2352583 1.46755648 51.86672549
v 69.38029149 1.46366631 51.80710906
v 69.19400777 1.45217885 51.73802824
v 69.33802228 1.44653231 51.680401
v 69.48859149 1.43976399 51.62021243
v 69.29927548 1.45491768 51.55205885
v 69.44885092 1.4517395 51.49445518
v 69.60235492 1.46493732 51.43699901
v 69.40209549 1.47683701 51.37135457
v 69.54743238 1.49456846 51.31473278
v 69.68698414 1.51167284 51.25046775
v 69.48625225 1.52468267 51.19143003
v 69.61780124 1.54484416 51.12898607
v 69.74566676 1.56294429 51.05907279
v 69.54479987 1.57721397 51.00630833
v 69.66784307 1.59322779 50.93854205
v 69.7855595 1.59824915 50.85980173
v 69.58622521 1.6189889 50.81452644
v 69.69932174 1.62215032 50.739605
v 69.80940536 1.62538903 50.65699259
v 69.61016961 1.64135523 50.6151735
v 69.71570267 1.64602132 50.53707654
v 69.816665 1.64653152 50.45139617
v 69.61794596 1.65853392 50.41145829
v 69.71636561 1.66810229 50.33182987
v 69.81339262 1.68675208 50.24983431
v 69.61262445 1.69588421 50.20842171
v 69.70820381 1.72261096 50.13274746
v 69.80499855 1.74906136 50.05298279
v 69.60358351 1.7470953 50.00714424
v 69.70031436 1.77284623 49.93231762
v 69.79874419 1.79280048 49.85486147
v 69.59926615 1.78777442 49.80295947
v 69.69664768 1.80368541 49.72869415
v 69.792054 1.81398958 49.65394929
v 69.60267387 1.80997816 49.59511396
v 69.69827023 1.82170872 49.52035256
v 69.51839465 1.81949791 49.46242182
v 69.61729994 1.8351193 49.38622898
v 69.44693447 1.84488454 49.33997526
v 69.55343767 1.8666715 49.26623733
v 69.38886807 1.87506183 49.23311987
v 69.50310577 1.89823491 49.16224171
v 69.6182708 1.90970979 49.08842415
v 69.46215872 1.92666438 49.06854008
v 69.58598687 1.93291238 48.99447087
v 69.71699407 1.9219526 48.91682402
v 69.55742636 1.94775625 48.90999799
v 69.69897632 1.93521003 48.83023869
v 69.53439586 1.95717341 48.83975394
v 69.68368596 1.9468996 48.76173035
v 69.85063184 1.93035614 48.68373285
v 69.66950793 1.95803525 48.70411776
v 69.84409053 1.94082418 48.62490442
v 69.65604166 1.97076903 48.65345436
v 69.83529569 1.95492265 48.57166185
v 69.64193599 1.98534249 48.60400681
v 69.82808428 1.97313202 48.5190549
v 70.04158877 1.96477915 48.48454597
v 69.82113811 2.00279602 48.47195619
v 70.04483649 2.00696736 48.44485344
v 69.81655455 2.05027277 48.43921117
v 70.04724468 2.05489005 48.41512301
v 70.2693437 2.06245854 48.4440257
v 70.04843813 2.10986007 48.39795913
v 70.27333437 2.11561654 48.43345575
v 70.48222903 2.1122154 48.46274907
v 70.27542972 2.16553689 48.44522757
v 70.48537193 2.15846857 48.4832904
v 70.69907009 2.15601112 48.51234648
v 70.48623115 2.19593063 48.52067653
v 70.69642541 2.19082506 48.55351264
v 70.91650215 2.19729885 48.60955631
v 70.69134737 2.21220187 48.60590255
v 70.90567678 2.22340861 48.65783769
v 71.1133769 2.23311715 48.75654404
v 70.89322186 2.24092414 48.714947
v 71.0914421 2.24955651 48.81204048
v 71.27253196 2.24268283 48.94496414
v 71.06747113 2.25588769 48.87445001
v 71.24253129 2.25475443 49.00015885
v 71.40317463 2.24902714 49.14240083
v 71.20967935 2.2614248 49.06555461
v 71.35943467 2.25566526 49.20127363
v 71.16640428 2.26640653 49.15553599
v 71.30482018 2.26054066 49.2834769
v 71.11938185 2.27067023 49.25945121
v 71.24538812 2.26505313 49.38564084
v 71.0674585 2.27524205 49.38394976
v 71.18802405 2.26878795 49.50446531
v 71.30033533 2.25559892 49.62112597
v 71.13716467 2.270976 49.63530156
v 71.26230162 2.2575504 49.73622441
v 71.40068115 2.24295004 49.81119392
v 71.43468663 2.24044351 49.70241812
v 71.54479303 2.2245848 49.85722008
v 71.35424079 2.2459792 49.9328306
v 71.21889085 2.26005103 49.86102987
v 71.1624621 2.2633272 49.99214761
v 71.09030085 2.27298573 49.77158574
v 71.03803822 2.27563562 49.90994818
v 70.9693019 2.2780652 50.04794343
v 70.91815123 2.28582378 49.81793194
v 70.85481016 2.28724605 49.96253991
v 70.77428114 2.28726457 50.10252584
v 70.74593661 2.29408623 49.87545706
v 70.6691393 2.29497778 50.01996466
v 70.58133527 2.29476226 50.15460216
v 70.56803056 2.30069884 49.94151703
v 70.4828452 2.30062998 50.07713213
v 70.39020651 2.29910551 50.19958446
v 70.38746671 2.30484855 50.00712959
v 70.29792529 2.30365544 50.12455631
v 70.20302112 2.30150057 50.23006007
v 70.20803602 2.30704332 50.05886278
v 70.11558011 2.3053115 50.15308764
v 70.01686079 2.30322448 50.23833459
v 70.02692889 2.30796392 50.07857283
v 69.92983373 2.30619572 50.14870855
v 69.82860023 2.30390977 50.21742554
v 69.84268174 2.30827011 50.04846863
v 69.74103496 2.30615716 50.10913213
v 69.63736422 2.30378096 50.17218594
v 69.65529105 2.307315 49.99216516
v 69.54816532 2.30494578 50.05164374
v 69.44268355 2.30207035 50.11278782
v 69.46222858 2.30444537 49.92709393
v 69.35015364 2.30125987 49.9846743
v 69.2443414 2.29785161 50.0474142
v 69.26086022 2.29926327 49.85759665
v 69.14773043 2.29615506 49.91819033
v 69.04546275 2.29285296 49.98720168
v 69.05767168 2.29421512 49.78662935
v 68.94994413 2.29131013 49.85600681
v 68.8529059 2.28722871 49.93988259
v 68.86129547 2.28992045 49.72942683
v 68.7584986 2.285763 49.81704691
v 68.66096847 2.27839976 49.91675097
v 68.66884959 2.2846502 49.7007395
v 68.56948914 2.27528406 49.8072874
v 68.47031538 2.26695173 49.91447529
v 68.4823209 2.27132891 49.70394183
v 68.38371566 2.2590651 49.81621665
v 68.28359141 2.24768249 49.92424051
v 68.30345713 2.24658544 49.72663079
v 68.20403106 2.2318891 49.83588061
v 68.10217448 2.22401451 49.94019381
v 68.14649323 2.21270565 49.77280735
v 68.04534677 2.20508732 49.87610223
v 67.93975925 2.20192742 49.97438133
v 68.00657213 2.1836451 49.83227283
v 67.90172748 2.18186251 49.92876451
v 67.79353165 2.17934841 50.02504323
v 67.86452732 2.15817955 49.88530463
v 67.75616362 2.15431701 49.97965096
v 67.64057811 2.14992064 50.07162256
v 67.72654676 2.12096861 49.94412557
v 67.60828518 2.11843911 50.03098026
v 67.48106794 2.11128781 50.11828347
v 67.58515659 2.07866975 49.99881988
v 67.45701616 2.06995062 50.08359379
v 67.32080379 2.0556195 50.18002713
v 67.34729989 2.10114196 50.21332313
v 67.18520061 2.03719504 50.29491286
v 67.21224006 2.08772074 50.32473637
v 67.05249686 2.01213434 50.42478004
v 67.08141201 2.06577331 50.45292675
v 66.94116317 1.97509262 50.56452832
v 66.973889 2.02858961 50.594945
v 66.8482705 1.93415773 50.70690346
v 66.8757654 1.99182348 50.7355365
v 66.76237989 1.89245811 50.85012985
v 66.79400757 1.94502722 50.88093502
v 66.68432111 1.84935188 50.99997387
v 66.71559133 1.89921397 51.0282891
v 66.59845087 1.814766 51.1574807
v 66.63615439 1.85999663 51.18602559
v 66.51411319 1.78292314 51.33435553
v 66.56401418 1.82196979 51.35676077
v 66.46916094 1.76735992 51.53586263
v 66.51840795 1.81246191 51.54364722
v 66.46353904 1.76176278 51.7333346
v 66.50883344 1.81513454 51.73390775
v 66.57208678 1.8516593 51.73094855
v 66.53351243 1.81977105 51.91276562
v 66.59218898 1.86517675 51.90233745
v 66.65922219 1.90090694 51.88698445
v 66.63556002 1.88131004 52.06176528
v 66.70244169 1.91895058 52.03415655
v 66.71512257 1.90193816 52.20892273
v 66.77046596 1.94194779 52.16710917
v 66.82718364 1.92416501 52.33498979
v 66.87443338 1.96534889 52.27976174
v 66.99369318 1.9964914 52.36369329
v 66.96016925 1.95541128 52.44328547
v 67.11384251 1.98457356 52.52412447
v 66.78335529 1.87527323 52.38685909
v 66.92877712 1.90475988 52.51136497
v 67.10232847 1.92794799 52.60031883
v 67.29323565 1.95306955 52.63111743
v 66.90528047 1.84214258 52.56218124
v 67.09312354 1.86270386 52.66118629
v 67.29677069 1.87907111 52.69396567
v 67.47788615 1.9023104 52.69226659
v 67.0896417 1.782971 52.69731651
v 67.30243098 1.79807712 52.7339303
v 67.48977701 1.81533246 52.72726195
v 67.65870813 1.82738387 52.72628015
v 67.31049314 1.70885686 52.73907788
v 67.50215396 1.72381381 52.73562163
v 67.67207783 1.73513971 52.73120278
v 67.83695429 1.74258103 52.73440731
v 67.51436894 1.6362799 52.70671423
v 67.68620522 1.64987424 52.69746468
v 67.85193745 1.65918417 52.69760729
v 68.01664159 1.66450301 52.69615775
v 67.70030533 1.57376716 52.63802976
v 67.86285661 1.58359373 52.63463261
v 68.02134163 1.59176115 52.629663
v 68.18751391 1.59311775 52.63466679
v 67.86776022 1.51981153 52.54717274
v 68.02385244 1.52732752 52.54461411
v 68.18659441 1.52339448 52.56163655
v 68.36616485 1.53359506 52.56826466
v 68.02581604 1.4580464 52.4453836
v 68.19014242 1.46675336 52.46609044
v 68.36562361 1.47653462 52.48120485
v 68.54889709 1.49567637 52.46515073
v 68.19820846 1.42517753 52.35556024
v 68.36600624 1.44174154 52.36941217
v 68.53158033 1.4546907 52.35669577
v 68.69838108 1.46680501 52.31927327
v 68.35574038 1.41995873 52.23405246
v 68.51081519 1.43017734 52.22437692
v 68.6682242 1.43333567 52.19662609
v 68.82740195 1.44180082 52.15524323
v 68.49163119 1.41466564 52.07735838
v 68.64286523 1.4181361 52.05441787
v 68.79424521 1.41783718 52.02005055
v 68.94593734 1.42644794 51.97655474
v 68.62029422 1.40574411 51.91283348
v 68.76636751 1.4031764 51.8808911
v 68.91195524 1.41043937 51.84049408
v 69.05360126 1.43217885 51.79187898
v 68.74278174 1.39963549 51.74411182
v 68.88113637 1.41237941 51.70531925
v 69.01816065 1.43381925 51.65828519
v 69.15590191 1.45174521 51.6072081
v 68.85311978 1.42216402 51.57248904
v 68.98478938 1.4391705 51.52676243
v 69.11912313 1.45703926 51.47733879
v 69.25809936 1.4677992 51.42547681
v 68.95083656 1.4518842 51.39687181
v 69.08043705 1.46746867 51.34834671
v 69.21293685 1.48480161 51.29886573
v 69.35049273 1.50485687 51.24788436
v 69.03510097 1.48467525 51.22056171
v 69.16257344 1.5045271 51.17185417
v 69.29146303 1.5327472 51.12312222
v 69.41927368 1.55785002 51.06787766
v 69.10428509 1.52904182 51.04502218
v 69.22632745 1.55955854 50.99638284
v 69.34778639 1.59077834 50.94354205
v 69.46897756 1.60454654 50.88128166
v 69.15725375 1.57544444 50.86684252
v 69.27388942 1.60710859 50.8136926
v 69.38914896 1.62335412 50.75277009
v 69.50116557 1.63408824 50.68663971
v 69.19798488 1.61523282 50.68154133
v 69.3077765 1.63317996 50.62055401
v 69.4139111 1.64063418 50.55470505
v 69.51795494 1.64800367 50.4851324
v 69.21926098 1.64144935 50.48470496
v 69.32064657 1.6500987 50.41922204
v 69.4192782 1.65987369 50.35148768
v 69.51724831 1.67122452 50.28129115
v 69.21840055 1.66866159 50.28431002
v 69.31547948 1.67761787 50.21644871
v 69.4123953 1.69039584 50.14784034
v 69.50778518 1.7187203 50.07900556
v 69.21093058 1.70220183 50.08548783
v 69.30882209 1.71125011 50.01568044
v 69.40544865 1.73717112 49.94697379
v 69.50200185 1.7640272 49.87612635
v 69.20856577 1.73017328 49.88566887
v 69.30686955 1.75235986 49.81532333
v 69.40538403 1.77626304 49.74386871
v 69.50434152 1.7952197 49.67007661
v 69.21360179 1.75594871 49.68443724
v 69.31548419 1.78163839 49.61246364
v 69.41694153 1.80468632 49.53867191
v 69.23203749 1.79459304 49.48707421
v 69.33949948 1.82303001 49.4143329
v 69.15706526 1.81982262 49.37251975
v 69.27338968 1.848814 49.3029338
v 69.09456282 1.84711821 49.27372104
v 69.21757901 1.8734032 49.20521573
v 69.33956561 1.90242481 49.13745025
v 69.16800219 1.90081724 49.11625647
v 69.29644688 1.92574109 49.05030828
v 69.4259713 1.94644279 48.98482606
v 69.26437959 1.93998832 48.98280084
v 69.39561054 1.95759663 48.91052441
v 69.23779458 1.950663 48.92640097
v 69.3738803 1.95997316 48.85763779
v 69.51636354 1.96818884 48.78519972
v 69.35414461 1.96998857 48.81024257
v 69.49867677 1.9769091 48.73589681
v 69.33496132 1.98227671 48.7654272
v 69.4817458 1.99303831 48.69299452
v 69.31803807 2.00520623 48.7264181
v 69.46524295 2.01072415 48.65112287
v 69.62702721 2.00126696 48.55718879
v 69.45525545 2.0448488 48.62467863
v 69.62029088 2.04539699 48.53197032
v 69.45328135 2.08609457 48.61602345
v 69.61846001 2.0894537 48.52564327
v 69.81553697 2.10020003 48.42775253
v 69.62687185 2.1368509 48.54479247
v 69.82212181 2.15316953 48.4523608
v 70.05132383 2.15664674 48.42878232
v 69.83309236 2.19630561 48.49017864
v 70.05508534 2.19829875 48.46919618
v 70.27640217 2.19553773 48.49217625
v 70.06000208 2.22648105 48.52008991
v 70.27732958 2.21977742 48.54354379
v 70.4850164 2.21916832 48.57137511
v 70.27850123 2.23672839 48.59836168
v 70.48437194 2.23501475 48.62711452
v 70.68666906 2.22884715 48.66271435
v 70.48336775 2.25082093 48.68688484
v 70.68142112 2.24584745 48.72452118
v 70.87780303 2.25077639 48.779562
v 70.67588375 2.26187605 48.79256818
v 70.86328653 2.26058966 48.84860814
v 71.0415236 2.26278107 48.94269334
v 70.8407092 2.26829537 48.95363388
v 71.00904815 2.26851173 49.04254784
v 70.81410316 2.27575349 49.06329332
v 70.97203952 2.27362539 49.15090523
v 70.78523094 2.28263079 49.18476928
v 70.93316798 2.27822145 49.26946484
v 70.75376507 2.28890943 49.33046035
v 70.89108955 2.28301326 49.411371
v 71.01806988 2.27933181 49.52034372
v 70.84936674 2.2883005 49.56777724
v 70.96983161 2.28369492 49.66941093
v 70.80349397 2.29205503 49.7240064
v 70.72290164 2.29388544 49.48736743
v 70.68614238 2.29716262 49.64268454
v 70.63831898 2.2995783 49.79471167
v 70.56188148 2.30249558 49.57823219
v 70.52639943 2.30464725 49.72805133
v 70.46761385 2.30551279 49.8732052
v 70.40860778 2.30913884 49.68458815
v 70.362397 2.30883577 49.82437113
v 70.29084299 2.30812775 49.95070672
v 70.25136884 2.311388 49.79341859
v 70.19062614 2.31042136 49.91408811
v 70.11522138 2.3093712 50.00231237
v 70.02087495 2.31118477 49.93741456
v 69.93717752 2.31008276 49.99211347
v 69.93641208 2.3121712 49.83705992
v 69.85220111 2.31101042 49.88116432
v 69.75832608 2.30915358 49.93431857
v 69.78314015 2.30983213 49.75392402
v 69.68167719 2.3082595 49.81193174
v 69.57437472 2.30645898 49.87002277
v 69.61176771 2.30573967 49.68734925
v 69.4988486 2.30364213 49.74522207
v 69.38132757 2.30191309 49.80136268
v 69.42774849 2.29927397 49.61839244
v 69.30625611 2.29741889 49.674943
v 69.17988751 2.2966505 49.72978438
v 69.23401396 2.29149139 49.54639404
v 69.10515021 2.29143574 49.60062468
v 68.97524616 2.2913737 49.65677009
v 69.03324114 2.28376463 49.47753825
v 68.89858436 2.28814619 49.53661571
v 68.77668893 2.2887371 49.60909764
v 68.82435151 2.28448831 49.42107541
v 68.69451976 2.28796762 49.49284351
v 68.5828311 2.28291577 49.59113048
v 68.62339237 2.28058174 49.39383072
v 68.50654039 2.27908143 49.49528631
v 68.40502006 2.26322314 49.6150855
v 68.44676956 2.26754467 49.42407073
v 68.34058901 2.25071131 49.54323523
v 68.2467137 2.22904793 49.66571008
v 68.29626193 2.2302338 49.49666589
v 68.20122525 2.20877441 49.61733491
v 68.10666464 2.1904426 49.7290269
v 68.16068544 2.1858126 49.57517032
v 68.06876353 2.16559523 49.68819362
v 67.9693101 2.15871296 49.7906539
v 68.03266859 2.13941181 49.6492123
v 67.93614346 2.12968576 49.75383751
v 67.83178213 2.12793684 49.84817195
v 67.90635293 2.097271 49.72107136
v 67.80444988 2.09310783 49.81687391
v 67.6977738 2.08682734 49.90880095
v 67.78310069 2.05177759 49.79138028
v 67.67882329 2.04394652 49.88396996
v 67.57286786 2.03260251 49.97861019
v 67.6798391 1.99754 49.88013782
v 67.57527479 1.9836448 49.97509775
v 67.44677201 1.96652184 50.05906664
v 67.44214623 2.01757729 50.06037374
v 67.31232911 1.94181074 50.15622869
v 67.30991191 1.9992214 50.1604455
v 67.18193429 1.92043877 50.2794967
v 67.17540182 1.97861365 50.27940267
v 67.05401813 1.88426423 50.40853459
v 67.04283934 1.94874104 50.40922383
v 66.95034487 1.84031171 50.5500783
v 66.93491879 1.90760552 50.54952306
v 66.85623753 1.79923003 50.6863903
v 66.83883776 1.8671651 50.68750301
v 66.77610554 1.76389953 50.83246796
v 66.75283669 1.82812194 50.83055147
v 66.68663358 1.72378525 50.97748503
v 66.66711985 1.78888178 50.97839623
v 66.60272155 1.69216713 51.14052031
v 66.58497695 1.75416331 51.14046146
v 66.50958928 1.65735153 51.31669958
v 66.49610626 1.72084413 51.31957257
v 66.45774944 1.64100705 51.52285653
v 66.44692407 1.70788666 51.52805867
v 66.44571934 1.62910617 51.72345903
v 66.43800336 1.69839677 51.72922994
v 66.45926045 1.62444791 51.91315895
v 66.4582736 1.69696409 51.91980137
v 66.48603016 1.7635648 51.91972509
v 66.49863762 1.70649046 52.10913996
v 66.52761439 1.77656999 52.10250932
v 66.57652617 1.83469036 52.08597652
v 66.61498284 1.79653787 52.27643211
v 66.66307513 1.85252593 52.24632048
v 66.74351474 1.8207039 52.43067397
v 66.58845744 1.72569425 52.29216799
v 66.72194532 1.74853018 52.45406185
v 66.89116335 1.76779997 52.59142607
v 66.72485064 1.67090924 52.45093175
v 66.89150549 1.68728194 52.59250839
v 67.0928528 1.69689055 52.70438189
v 66.90937351 1.61278356 52.56246967
v 67.10593036 1.61634618 52.67373011
v 67.32090802 1.62499383 52.7093158
v 67.12612012 1.54959991 52.61404751
v 67.33140304 1.55386146 52.64994183
v 67.52484629 1.56410703 52.64345011
v 67.34165392 1.4959674 52.5683214
v 67.53184347 1.49968778 52.56403977
v 67.70715957 1.5064082 52.55647735
v 67.53129457 1.45029329 52.46238466
v 67.70314448 1.45141951 52.44965041
v 67.8665906 1.45408937 52.43977097
v 67.6949685 1.41445735 52.32779628
v 67.86294577 1.4097605 52.32252107
v 68.02984451 1.40723348 52.33322892
v 67.8611641 1.38588359 52.19764291
v 68.03052778 1.38117445 52.21040713
v 68.19629908 1.40029237 52.22715192
v 68.02656977 1.36673672 52.07748146
v 68.18767648 1.38537007 52.08695865
v 68.34166165 1.4068074 52.08831323
v 68.17744151 1.3748691 51.94764952
v 68.3275617 1.39030011 51.94514662
v 68.47471032 1.39979887 51.93396934
v 68.31565165 1.38287602 51.80866468
v 68.45968271 1.39102617 51.79632241
v 68.60157998 1.39666904 51.77470988
v 68.44784927 1.39554683 51.6663748
v 68.58506827 1.39991266 51.6430376
v 68.7202926 1.40836669 51.61102274
v 68.56858257 1.41262447 51.51821054
v 68.69754674 1.42187535 51.48418907
v 68.82445685 1.43615497 51.4426779
v 68.67318543 1.43344833 51.36167288
v 68.79129842 1.45044299 51.31692773
v 68.91174041 1.46595145 51.26907503
v 68.75121614 1.4629853 51.19378864
v 68.86530697 1.48188926 51.14322215
v 68.98353425 1.5031822 51.09363223
v 68.81003365 1.50360466 51.02130428
v 68.92331965 1.52677191 50.96892388
v 69.03916048 1.55066658 50.91777346
v 68.8562269 1.55398456 50.84669747
v 68.96924386 1.57826622 50.7922684
v 69.0841567 1.59787144 50.73816762
v 68.89656069 1.61162712 50.67025928
v 69.00722509 1.62360193 50.60897951
v 69.1164435 1.63357773 50.54879934
v 68.91816556 1.65216236 50.48685139
v 69.02089685 1.65892407 50.42031452
v 69.12094872 1.66503127 50.35273415
v 68.91732617 1.6962925 50.30212676
v 69.01563129 1.69684618 50.22884985
v 69.11289922 1.69812045 50.15627353
v 68.91242298 1.72480024 50.10968809
v 69.01083479 1.72359981 50.0331069
v 69.10955922 1.72165486 49.95824972
v 68.91170779 1.74568994 49.91382987
v 69.01159545 1.73924273 49.83498485
v 69.11243371 1.73901031 49.758438
v 68.91640583 1.75306197 49.71629997
v 69.01969939 1.75212549 49.63638039
v 69.12550399 1.76680765 49.5597911
v 68.93144489 1.77076983 49.52106782
v 69.04323355 1.79028844 49.44493458
v 68.85131523 1.79080948 49.41440092
v 68.9703197 1.8165909 49.34168082
v 68.77899139 1.8123251 49.31488881
v 68.90667952 1.83880331 49.24559583
v 69.03759788 1.87242801 49.18170771
v 68.8512278 1.86034597 49.15724626
v 68.98960816 1.89092804 49.09601183
v 69.12938253 1.91853486 49.04312546
v 68.96072805 1.90381075 49.04254633
v 69.1008633 1.93153898 48.98674529
v 68.9378412 1.92305331 48.99718786
v 69.0782601 1.94382358 48.94016509
v 69.21605646 1.95915962 48.8785822
v 69.05700836 1.95877963 48.89489284
v 69.19593061 1.97473188 48.83456948
v 69.04000012 1.98809632 48.85858457
v 69.17773655 1.99742601 48.79487795
v 69.02654545 2.02479926 48.8299634
v 69.16297444 2.03038912 48.76343414
v 69.30574465 2.03679674 48.6982103
v 69.16492844 2.07418919 48.76786208
v 69.30387572 2.08228107 48.69344291
v 69.17510164 2.11284971 48.78847261
v 69.31708454 2.11837491 48.71932393
v 69.46611105 2.12520638 48.63943642
v 69.33344284 2.14978745 48.7516534
v 69.48266581 2.15667755 48.67375121
v 69.6425613 2.17317172 48.58010976
v 69.50152123 2.1839454 48.71446427
v 69.66096467 2.20355704 48.62410851
v 69.84456729 2.23017841 48.53949284
v 69.68156682 2.2273534 48.67479648
v 69.85814401 2.25372456 48.59487446
v 70.06455067 2.25069608 48.57583033
v 69.87628169 2.26882921 48.6570411
v 70.07284418 2.26634609 48.63420515
v 70.28093366 2.25019406 48.65623576
v 70.08722346 2.28138262 48.70904207
v 70.28564945 2.26761513 48.72619517
v 70.48281539 2.26574423 48.7526911
v 70.2935035 2.28645628 48.82373417
v 70.4807043 2.27929392 48.85252186
v 70.66429362 2.27268686 48.891896
v 70.47701957 2.28992331 48.96412495
v 70.64868183 2.28135753 49.00381505
v 70.4703295 2.29716902 49.09120091
v 70.62990676 2.28837636 49.1295547
v 70.45981276 2.3025402 49.23421826
v 70.60886216 2.29514245 49.27434353
v 70.44597017 2.30635155 49.38580669
v 70.58678761 2.29994174 49.42709173
v 70.43047987 2.30806983 49.53769752
v 70.30751698 2.31245172 49.35810258
v 70.30211869 2.31259374 49.51269222
v 70.2895348 2.3123187 49.6593523
v 70.17978065 2.31424391 49.49556042
v 70.17325239 2.31425064 49.33902217
v 70.04094187 2.31413657 49.33950709
v 70.06371342 2.31403967 49.49050116
v 69.9096071 2.31234152 49.37560178
v 69.94789682 2.31314787 49.51566936
v 69.78286022 2.30882272 49.43849665
v 69.83252544 2.31077049 49.56846114
v 69.8787877 2.31159578 49.7005587
v 69.72214064 2.30815511 49.62782568
v 69.66291539 2.30506339 49.50060992
v 69.54570182 2.30136789 49.56047176
v 69.60607472 2.29543778 49.37041354
v 69.48297023 2.29299221 49.43153457
v 69.35945737 2.29179312 49.48974111
v 69.42472678 2.27918961 49.30606432
v 69.29664385 2.27944268 49.36558553
v 69.16634137 2.28191191 49.42157793
v 69.24185453 2.2637771 49.25501577
v 69.10771753 2.2676515 49.3119387
v 68.96723747 2.27532371 49.36470392
v 69.05452346 2.25030814 49.2123871
v 68.90802571 2.26064724 49.26073819
v 68.76045777 2.27579777 49.31683902
v 68.86434405 2.23828435 49.18323934
v 68.71301242 2.25842342 49.23708073
v 68.57074884 2.26579314 49.31850004
v 68.67800316 2.24012756 49.17657739
v 68.52762085 2.2506214 49.25519619
v 68.39828377 2.24609521 49.36726643
v 68.49209085 2.23177326 49.20188803
v 68.35764892 2.22171846 49.31888975
v 68.25562969 2.20470359 49.45205628
v 68.32521893 2.19256783 49.27491373
v 68.2181853 2.17556021 49.41010911
v 68.12549459 2.15602914 49.5356622
v 68.18988422 2.13460132 49.37604974
v 68.09543853 2.11943134 49.5027195
v 68.00258264 2.10615556 49.61732616
v 68.06713778 2.08101551 49.47096141
v 67.97713822 2.06814383 49.5894181
v 67.88351513 2.05826102 49.6954866
v 67.9727229 2.01850504 49.58119161
v 67.87635504 2.01117452 49.68532483
v 67.78018005 2.00657289 49.78516477
v 67.89236832 1.96845134 49.69708823
v 67.79918317 1.96361698 49.80116581
v 67.7044664 1.9585852 49.90144508
v 67.82886696 1.93025048 49.82596451
v 67.73071347 1.92188727 49.92496783
v 67.62134372 1.90369962 50.01702922
v 67.59380706 1.93963288 49.99041553
v 67.49675938 1.87559036 50.10415071
v 67.46901309 1.91712257 50.07818774
v 67.36365304 1.84374539 50.19896453
v 67.33256483 1.88765338 50.17165431
v 67.23998668 1.82107963 50.31947182
v 67.20493171 1.8657507 50.29398911
v 67.12124379 1.7756728 50.4433629
v 67.0823672 1.82479749 50.42100099
v 67.02097862 1.71964911 50.57518113
v 66.97815564 1.77528671 50.55760898
v 66.93740587 1.68140521 50.7204548
v 66.89303821 1.73704747 50.70044963
v 66.85584925 1.65083564 50.86411202
v 66.81157151 1.70465513 50.84421233
v 66.77085558 1.61774012 51.01049347
v 66.72505 1.66833797 50.99101931
v 66.68661455 1.59104827 51.16983358
v 66.63870309 1.63763566 51.15072067
v 66.6112976 1.56324224 51.34011398
v 66.55369881 1.60450946 51.32559133
v 66.56191184 1.54272673 51.52724718
v 66.50278875 1.58710669 51.52345747
v 66.53693971 1.51556896 51.71073471
v 66.48065914 1.56590863 51.71708045
v 66.54584392 1.50933809 51.88731935
v 66.49231309 1.55965602 51.90092141
v 66.57474308 1.50574044 52.06279776
v 66.52406689 1.5601894 52.08800039
v 66.49862566 1.63122775 52.10373543
v 66.61433964 1.57804955 52.26561465
v 66.58948605 1.64941788 52.28768852
v 66.74742864 1.60055246 52.42168237
v 66.6545102 1.51878541 52.2302236
v 66.7807852 1.53893537 52.37956017
v 66.93609018 1.55153506 52.50960696
v 66.82258025 1.49245673 52.31803083
v 66.96896031 1.50088367 52.44201222
v 67.14554596 1.4979176 52.53483384
v 67.00739626 1.46691543 52.35540854
v 67.16605125 1.46096854 52.43524739
v 67.34594042 1.4541283 52.46484833
v 67.19101041 1.43774931 52.31747418
v 67.35360067 1.43362283 52.34248503
v 67.52573464 1.42645557 52.33826891
v 67.3699225 1.42680064 52.20316142
v 67.52957343 1.41202627 52.20401004
v 67.69449806 1.40158973 52.19641343
v 67.53943132 1.41510648 52.05780121
v 67.69823919 1.3958801 52.0604107
v 67.8610113 1.37466855 52.06575325
v 67.70499038 1.39624094 51.92159895
v 67.86284592 1.37046003 51.93027568
v 68.02205133 1.36198033 51.94104415
v 67.86731722 1.37541392 51.79544652
v 68.01967656 1.36545077 51.80602506
v 68.16932075 1.36996289 51.81156866
v 68.01990252 1.36575098 51.67406081
v 68.16472662 1.37322564 51.68102449
v 68.30726848 1.38773852 51.67921723
v 68.16485299 1.38382577 51.55745638
v 68.30191102 1.39530457 51.55721089
v 68.43666441 1.40682973 51.54363198
v 68.29869976 1.40606312 51.44131886
v 68.4259436 1.41364899 51.42704793
v 68.55082756 1.42303237 51.39948205
v 68.41679095 1.42999623 51.32235136
v 68.5307952 1.4383555 51.28810064
v 68.63996997 1.44768358 51.24259897
v 68.49717151 1.46356454 51.1819935
v 68.59629488 1.47097428 51.12983729
v 68.70085675 1.48306304 51.07493386
v 68.53930604 1.49876946 51.02309647
v 68.63927719 1.50968829 50.96215674
v 68.74611339 1.53078048 50.90335445
v 68.56964161 1.55127617 50.86189422
v 68.67504455 1.57344736 50.79601089
v 68.78396263 1.59596328 50.73373842
v 68.59519808 1.61408681 50.69907787
v 68.70413065 1.63392496 50.62728392
v 68.81204866 1.64357596 50.55616236
v 68.60927787 1.66619049 50.52959145
v 68.71345765 1.67909857 50.45214999
v 68.81642045 1.68939148 50.37603312
v 68.61232466 1.70820064 50.35046109
v 68.71368866 1.72032208 50.26881375
v 68.81364 1.72528594 50.18819454
v 68.61191219 1.74178011 50.16246395
v 68.71251912 1.74748343 50.07683778
v 68.81226553 1.7483641 49.9940969
v 68.61324799 1.75865817 49.96948459
v 68.7139922 1.7605297 49.88176996
v 68.81478876 1.76012444 49.79754796
v 68.6187157 1.76897317 49.77375042
v 68.72030692 1.76775514 49.6849997
v 68.82432651 1.76413105 49.6015542
v 68.63240662 1.78230465 49.58207709
v 68.73648622 1.77692147 49.49246155
v 68.5504693 1.79870823 49.48859329
v 68.65810562 1.79444277 49.39437836
v 68.4768992 1.81661729 49.40835379
v 68.59201949 1.81007085 49.31105169
v 68.71802673 1.83088578 49.22821146
v 68.54203865 1.82921596 49.24459702
v 68.67943187 1.84983263 49.16662074
v 68.8199221 1.87577385 49.10155004
v 68.6455198 1.87310139 49.10996225
v 68.79324121 1.90039731 49.0533355
v 68.61548651 1.90508788 49.06108045
v 68.76993101 1.93146489 49.00984559
v 68.91663873 1.94418197 48.95300744
v 68.75078051 1.96720359 48.97106202
v 68.8992067 1.97763135 48.91622494
v 68.7361895 2.00899738 48.94089946
v 68.88762902 2.01634895 48.89045294
v 68.73252147 2.06388552 48.93015887
v 68.8838018 2.06337135 48.88109833
v 69.02628532 2.06636826 48.82906798
v 68.89802224 2.1021134 48.90978305
v 69.03625062 2.10923936 48.84958741
v 68.91413177 2.1378114 48.94201217
v 69.0537269 2.1409378 48.88430622
v 69.19151659 2.14486247 48.8205443
v 69.07414989 2.16594924 48.92452577
v 69.21195307 2.17035833 48.86090461
v 69.3531907 2.17510484 48.79214623
v 69.23601399 2.18726779 48.90821261
v 69.37649519 2.19394641 48.8394352
v 69.52412978 2.20526765 48.76256448
v 69.40133769 2.21039385 48.89070449
v 69.54857321 2.22183733 48.81678228
v 69.70568516 2.24411654 48.73243399
v 69.57383023 2.23751327 48.87580013
v 69.73133231 2.25906199 48.7992761
v 69.89940791 2.28200039 48.73267713
v 69.76068014 2.27384099 48.89030359
v 69.92580964 2.29366529 48.82863626
v 70.10492134 2.29765672 48.80621603
v 69.9543834 2.30287198 48.93916309
v 70.12500199 2.30652548 48.91868078
v 70.30190889 2.30026654 48.93529862
v 70.14414133 2.31088077 49.04608651
v 70.30777872 2.3058343 49.06257604
v 70.16073694 2.31349657 49.18809436
v 70.31047559 2.30944529 49.20565704
v 69.98466795 2.30911552 49.06264474
v 70.0119571 2.31257488 49.19733953
v 69.8303281 2.29930714 49.11203294
v 69.86696243 2.30717903 49.24130056
v 69.68663102 2.28903538 49.178748
v 69.73241261 2.30124017 49.30632514
v 69.55381075 2.28045033 49.24418518
v 69.64550219 2.27254955 49.06481586
v 69.50699996 2.26338175 49.13125209
v 69.37384117 2.26194744 49.19482181
v 69.46659692 2.24637522 49.03581012
v 69.32920986 2.2407194 49.09863546
v 69.19367427 2.24461578 49.15850133
v 69.29090359 2.221238 49.01802679
v 69.15076789 2.22225052 49.07349672
v 69.01056582 2.22846106 49.12985929
v 69.12219934 2.2041791 49.01758001
v 68.98016541 2.20853111 49.07195962
v 68.83279925 2.21945583 49.12387337
v 68.95593616 2.18993629 49.02486604
v 68.8085178 2.19924881 49.0758459
v 68.64914762 2.2205203 49.12430761
v 68.78450607 2.17731982 49.02860137
v 68.6222909 2.19325161 49.07726463
v 68.46074832 2.20247666 49.15634697
v 68.59965078 2.1567966 49.03724342
v 68.43580767 2.15865992 49.1198326
v 68.29766383 2.15313939 49.23851546
v 68.41344381 2.11421705 49.0849615
v 68.27260212 2.10825204 49.2053889
v 68.162054 2.09377818 49.34261607
v 68.27228011 2.04653235 49.19714616
v 68.1608901 2.03670548 49.33345374
v 68.06443552 2.02747399 49.46293655
v 68.16884434 1.98351953 49.3350262
v 68.07202994 1.97825607 49.46560825
v 67.98191285 1.97324352 49.58579495
v 68.09959042 1.93665932 49.48602329
v 68.0122719 1.93850897 49.60928685
v 67.92250722 1.93543544 49.72146717
v 68.04758112 1.90928069 49.63680343
v 67.95743978 1.90955005 49.7504221
v 67.86361111 1.90676789 49.85602154
v 67.99559362 1.88857048 49.78153939
v 67.89938849 1.8855316 49.8878402
v 67.79740033 1.87483499 49.98759678
v 67.76343896 1.89754806 49.95621903
v 67.68625876 1.84837172 50.08205819
v 67.65288755 1.87511714 50.04822592
v 67.56571543 1.81900069 50.17530794
v 67.52872516 1.84400431 50.13680069
v 67.44466833 1.79038652 50.27587664
v 67.40138232 1.81282674 50.23527853
v 67.33145187 1.76075131 50.38877711
v 67.28288711 1.78735651 50.35183202
v 67.22657303 1.71153439 50.50708004
v 67.17133791 1.73941314 50.47289429
v 67.1318321 1.6418356 50.63096756
v 67.07370899 1.67585237 50.60043451
v 67.04979493 1.60197299 50.77793
v 66.99080924 1.6366847 50.74692067
v 66.96826189 1.56478766 50.92516751
v 66.90768656 1.60310784 50.89080457
v 66.88781167 1.54235591 51.07542788
v 66.82580952 1.57712961 51.03843002
v 66.813443 1.52151813 51.23035402
v 66.74561894 1.55502764 51.19668806
v 66.74817303 1.49160828 51.38538447
v 66.67532833 1.52394733 51.35863379
v 66.6990757 1.46200123 51.5455667
v 66.62470552 1.49834775 51.53221207
v 66.68212886 1.44261283 51.71328156
v 66.60534282 1.47657508 51.70864736
v 66.60799575 1.46914583 51.87474859
v 66.63659183 1.46818239 52.03177219
v 66.70970912 1.48022389 52.18230019
v 66.87213741 1.46583772 52.23792493
v 66.92977694 1.45145177 52.14351923
v 67.04884748 1.44825244 52.24326076
v 66.98753416 1.44642804 52.00800344
v 67.09781937 1.44803765 52.10470982
v 67.22486873 1.43804987 52.17479215
v 67.13995487 1.44909633 51.9419325
v 67.25911937 1.44386506 52.0159964
v 67.39031549 1.43286979 52.0515112
v 67.28749589 1.45034875 51.84731649
v 67.40893918 1.43690673 51.8918495
v 67.54984569 1.41856991 51.91210761
v 67.43807693 1.43570284 51.73502341
v 67.56774706 1.41912793 51.76882027
v 67.71503147 1.3964243 51.78437599
v 67.59581578 1.41897348 51.62166223
v 67.72934836 1.39946629 51.64660051
v 67.87359738 1.37781644 51.66204696
v 67.75428732 1.39364927 51.50612109
v 67.88713714 1.37619525 51.52905655
v 68.02514262 1.37437236 51.54734517
v 67.91238347 1.39656268 51.39981603
v 68.03956366 1.3946622 51.42517357
v 68.16836059 1.401665 51.44139454
v 68.06137639 1.42848144 51.30935613
v 68.17955151 1.42626563 51.33133049
v 68.29714868 1.42728392 51.33761924
v 68.09207851 1.47156539 51.20152331
v 67.94624853 1.43490807 51.27729462
v 67.98844195 1.48242258 51.16083575
v 68.04989788 1.5307479 51.05334929
v 68.14099079 1.50913253 51.10012749
v 68.21419371 1.53413092 51.0092714
v 68.12625725 1.56187087 50.95090373
v 68.21195583 1.58581654 50.85813439
v 68.29967482 1.55463519 50.92362401
v 67.95357514 1.54830661 51.00011665
v 68.03243607 1.59033602 50.89444847
v 68.11864684 1.62181309 50.79468539
v 68.21004131 1.64377382 50.69968705
v 68.30360412 1.60721281 50.77128358
v 67.93457159 1.6163072 50.83397227
v 68.02147506 1.65887751 50.73190274
v 68.11297805 1.67782775 50.62823525
v 68.20917409 1.69008276 50.52926275
v 68.30711181 1.66205882 50.60810049
v 67.92109952 1.68126442 50.66151137
v 68.01366892 1.70594476 50.55554986
v 68.11005732 1.7196325 50.45173002
v 68.20865768 1.72602953 50.34952374
v 68.30822208 1.69955526 50.43215505
v 67.9136047 1.72574043 50.47891932
v 68.01175566 1.74399355 50.37341905
v 68.1117729 1.74987129 50.26862449
v 68.21242694 1.74692743 50.1647324
v 68.30891646 1.73038354 50.24956117
v 67.91676073 1.7622376 50.29581108
v 68.02168435 1.77020236 50.1915431
v 68.1255989 1.77105421 50.08804076
v 68.22919833 1.77359374 49.98493154
v 68.31390433 1.74967427 50.06290436
v 67.94504279 1.79452662 50.12432897
v 68.05283191 1.80586373 50.02361826
v 68.15515607 1.80749112 49.91858008
v 68.25456556 1.80670355 49.81076153
v 68.32873604 1.77282001 49.87886628
v 67.98636899 1.839536 49.96459363
v 68.08682923 1.84349918 49.85856048
v 68.18350666 1.84429518 49.74762479
v 68.28022399 1.84450089 49.63469175
v 68.35146137 1.80690349 49.70018874
v 68.03604528 1.86843734 49.81505945
v 68.1331684 1.86867732 49.70500289
v 68.22502034 1.86263474 49.58711001
v 68.31788229 1.85263301 49.46567821
v 68.37798785 1.83443422 49.52110503
v 68.08950371 1.8882781 49.66979096
v 68.17787062 1.88050108 49.54777422
v 68.27016051 1.87070831 49.42328046
v 68.37574063 1.85473127 49.29780238
v 68.4225736 1.83517974 49.34934612
v 68.13634994 1.90483839 49.5148641
v 68.22781993 1.89486782 49.38432734
v 68.335391 1.88716703 49.25497191
v 68.46393613 1.88556136 49.14005679
v 68.50060767 1.85310884 49.18905402
v 68.19332102 1.93332869 49.35385203
v 68.30375448 1.9325004 49.22208537
v 68.43816573 1.93730509 49.10797534
v 68.59117744 1.94729124 49.02203994
v 68.28009661 1.98716735 49.20002925
v 68.41716912 1.99237929 49.0821322
v 68.57648052 2.00130623 48.99894444
v 68.41116922 2.0526339 49.07831058
v 68.57226149 2.05960714 48.9921371
v 68.57978173 2.11329304 49.00295919
v 68.74453992 2.10866861 48.95128555
v 68.76252071 2.14925817 48.98487363
v 68.93413084 2.16583163 48.98168771
v 69.09740688 2.18634846 48.9697119
v 69.26154296 2.20317702 48.958087
v 69.4299159 2.22639863 48.95244052
v 69.60903607 2.25583835 48.96641477
v 69.79419073 2.28860063 48.99658929
v 68.45058655 1.80999289 49.59294469
v 68.53167568 1.78610123 49.67893102
v 68.43065483 1.78001811 49.77811867
v 68.51765979 1.76607097 49.86754151
v 68.41625972 1.75988571 49.96411462
v 68.51180314 1.7522569 50.06007628
v 68.4101013 1.7412324 50.15325616
v 68.51049423 1.73033269 50.24946827
v 68.4092329 1.71410161 50.33939275
v 68.51005254 1.68959875 50.43327931
v 68.40758703 1.67420974 50.51887177
v 68.50462596 1.64686844 50.60753321
v 68.40168328 1.62599851 50.68714618
v 68.49070937 1.59220337 50.77194921
v 68.39183406 1.57233967 50.84624307
v 68.47037317 1.53578391 50.92869322
v 68.37861169 1.52138532 50.99733879
v 68.44734881 1.4903429 51.08191497
v 67.93769521 1.8654344 49.92127702
v 67.879266 1.82567359 50.06473633
v 67.83535843 1.85059546 50.02332474
v 67.76916213 1.79971571 50.16459853
v 67.72136214 1.82229741 50.11814874
v 67.65647462 1.78107282 50.26631816
v 67.60579339 1.79775914 50.21679947
v 67.54858506 1.75221984 50.36989248
v 67.49277022 1.7707822 50.31975781
v 67.44964888 1.71789855 50.4811709
v 67.38384279 1.74023356 50.42970418
v 67.35935037 1.66345243 50.59726427
v 67.28533512 1.6874009 50.54483889
v 67.27779021 1.59135724 50.72194905
v 67.19809431 1.61662878 50.67047792
v 67.20064958 1.53302052 50.86444869
v 67.11585055 1.56864193 50.81484139
v 67.12726339 1.50129887 51.01809336
v 67.03913053 1.5361005 50.96704426
v 67.05946593 1.48064738 51.17260673
v 66.96247263 1.5097315 51.11835298
v 66.99706372 1.46001354 51.32421065
v 66.89471204 1.48889498 51.27049755
v 66.94515182 1.44288357 51.47579596
v 66.83884197 1.46223571 51.42419531
v 66.90907515 1.43726318 51.62727713
v 66.7935575 1.43693935 51.57934235
v 66.89473157 1.43383163 51.77970475
v 66.77503551 1.42743731 51.73280775
v 67.04072858 1.44867893 51.69591631
v 67.0191445 1.4441031 51.85283147
v 67.16845599 1.4560988 51.77628436
v 67.07300855 1.4485169 51.5432922
v 67.20032883 1.45549169 51.61470798
v 67.32022071 1.45066737 51.68295231
v 67.24107742 1.45155308 51.45801642
v 67.36033031 1.44435861 51.52260069
v 67.47599832 1.43365039 51.57992123
v 67.40542468 1.44162958 51.3661169
v 67.51865478 1.42744025 51.42422595
v 67.63244557 1.41017091 51.47135817
v 67.56697674 1.43171385 51.2722655
v 67.67718938 1.41351579 51.32272338
v 67.79024116 1.40217039 51.36625918
v 67.72813277 1.45123904 51.18449337
v 67.8351057 1.44124829 51.23436582
v 67.88766795 1.49489039 51.11274716
v 67.78650659 1.50756322 51.05744418
v 67.85562825 1.56605193 50.94235336
v 67.62217179 1.46143452 51.1270617
v 67.68402038 1.51901264 50.99614189
v 67.75459503 1.58013785 50.87731128
v 67.83453162 1.63773833 50.76802572
v 67.57938215 1.53145947 50.92993174
v 67.65252504 1.59891124 50.80932448
v 67.73340335 1.65433444 50.69614645
v 67.81987738 1.69688276 50.58595056
v 67.55013614 1.62030629 50.73798098
v 67.63155621 1.67102984 50.62059985
v 67.71964925 1.71116308 50.50830992
v 67.81341353 1.74490914 50.40020931
v 67.53312128 1.69467902 50.54687194
v 67.62596917 1.73351192 50.43505098
v 67.72772783 1.76268756 50.32966382
v 67.83507 1.78026983 50.22545043
v 67.45124121 1.64165306 50.66545902
v 67.47576091 1.54997433 50.86087963
v 67.37476095 1.57095464 50.79081393
v 67.4065043 1.48557484 50.99682028
v 67.3004625 1.50353333 50.9268415
v 67.34315835 1.44829826 51.1460911
v 67.23139548 1.4716551 51.07958667
v 67.28823119 1.44444496 51.30190188
v 67.16885016 1.45323289 51.23478356
v 67.11628025 1.44942178 51.38929415
v 67.45661205 1.44142537 51.2123619
v 67.51537145 1.47412428 51.06467339
v 69.66699959 0.67511277 48.01306873
v 69.32210769 1.48281404 48.14337835
v 69.68364054 1.48813704 47.70120234
v 70.47893989 1.34356396 51.11904264
v 69.85684524 0.97989071 47.59918303
v 71.19883326 1.19508795 50.27993692
v 71.00650315 1.0368969 51.02830863
v 70.56855859 0.631547 50.69816329
v 69.58108718 0.6981937 47.98165707
v 69.62357109 0.71317286 47.86402951
v 69.72487514 0.67624585 47.92663461
v 69.69522171 0.65167134 48.0962559
v 69.57110402 0.66363309 48.12475937
v 69.797608 0.63967256 48.04682721
v 69.29069832 1.4056763 48.10303639
v 69.27309853 1.38664045 48.23176799
v 69.32871989 1.48608 48.23190303
v 69.40859858 1.57529453 48.2008884
v 69.3732753 1.52963134 48.08787163
v 69.35035847 1.44928521 48.00678613
v 69.74706823 1.54230158 47.7497772
v 69.81778996 1.48229343 47.7111786
v 69.69918809 1.41904359 47.6615689
v 69.58672869 1.47401933 47.71216562
v 69.67038449 1.56986861 47.79845241
v 69.60125639 1.38376137 47.65961794
v 70.52638891 1.22554382 51.19550295
v 70.68885306 1.27563969 51.22999622
v 70.60915244 1.39073562 51.1442058
v 70.37897013 1.37383567 51.04597443
v 70.31466773 1.24604233 51.06700245
v 70.46217692 1.49221181 51.0086964
v 69.7831058 0.93821458 47.59066962
v 69.7128772 1.00719249 47.56762051
v 69.81738304 1.06594317 47.57925611
v 69.95836709 1.05686027 47.6345271
v 69.93849615 0.96714025 47.63225453
v 69.89820411 0.8766058 47.64454495
v 71.16596078 1.17985852 50.18787124
v 71.18132371 1.35230241 50.24964582
v 71.20732714 1.27745035 50.33561048
v 71.23792874 1.19831396 50.41394167
v 71.20637144 1.07424868 50.29174093
v 71.18375489 1.04674005 50.17756694
v 71.04695557 1.09839532 51.04994793
v 70.96019799 1.11528216 51.1402733
v 70.93422117 1.01575249 51.06367568
v 70.93868161 0.93011655 50.97440868
v 71.02348922 0.97462215 50.9235868
v 71.10347776 1.07468408 50.95398669
v 70.66330693 0.6426901 50.70239681
v 70.65616023 0.69967356 50.80574216
v 70.53859572 0.6640249 50.77401913
v 70.51834914 0.58252182 50.62931992
v 70.63058835 0.5698721 50.59680218
v 70.41592278 0.6144993 50.67972267
v 70.48278711 0.70348112 50.84981844
v 70.33869788 0.65538049 50.74753091
v 70.21190781 0.62031012 50.62159283
v 70.31701581 0.58186398 50.55398268
v 70.43897753 0.54273381 50.50940375
v 70.23882721 0.59150113 50.41280483
v 70.38144391 0.54849613 50.36925275
v 70.52598582 0.50284301 50.34636091
v 70.57864934 0.53115959 50.47620073
v 70.66017346 0.53056303 50.30957915
v 70.70906218 0.54093464 50.44045491
v 70.7460048 0.57675866 50.57135942
v 70.76302405 0.64320735 50.6896892
v 70.82471183 0.5849812 50.40285587
v 70.85802563 0.60553103 50.54107119
v 70.86698725 0.6659986 50.6644358
v 70.86316462 0.73639801 50.77068727
v 70.76163124 0.71392281 50.796161
v 70.9635389 0.65703276 50.50975513
v 70.96627029 0.71839512 50.63076959
v 70.96026922 0.7845774 50.73526828
v 70.95790404 0.83574196 50.8275242
v 70.86005455 0.79215721 50.87131652
v 71.06046586 0.78429305 50.60056258
v 71.05995484 0.85054117 50.70047821
v 71.05492664 0.90637975 50.78518349
v 71.04286336 0.94611721 50.85905721
v 70.95364212 0.88091605 50.90687232
v 71.1558931 0.93527516 50.681402
v 71.15002436 0.99944098 50.77539809
v 71.13160457 1.04559295 50.8654549
v 71.21555734 1.11739576 50.77128981
v 71.17645564 1.17645878 50.87508982
v 71.12288052 1.2139931 50.97513741
v 71.16097147 1.34015645 50.86767106
v 71.07232658 1.3839288 50.95527485
v 70.98398796 1.39458943 51.03429177
v 71.05201037 1.23744285 51.07247289
v 70.89541075 1.38205876 51.11794938
v 70.95609114 1.24061236 51.1587548
v 70.79606524 1.34142653 51.18877988
v 70.83516948 1.21718765 51.22104343
v 70.84091866 1.10202605 51.20671593
v 70.83468708 1.00523878 51.13430135
v 70.6952611 1.17208594 51.24423752
v 70.69473627 1.0679871 51.23597297
v 70.70507201 0.98176924 51.15961326
v 70.50506742 1.03525944 51.17940254
v 70.52988716 0.95605836 51.11353844
v 70.55946934 0.87948709 51.0447974
v 70.71846242 0.91658037 51.05940668
v 70.84284589 0.92102894 51.03808107
v 70.73640049 0.84321131 50.97833562
v 70.85180381 0.85476706 50.95483964
v 70.75135241 0.77165507 50.89698029
v 70.5972397 0.80723883 50.97779185
v 70.62784483 0.7443908 50.89744434
v 70.43007021 0.74908676 50.92569912
v 70.38030939 0.80876094 51.00221857
v 70.2119329 0.76665318 50.89957168
v 70.2730126 0.70426786 50.82529019
v 70.06033479 0.7413768 50.77036513
v 70.12898727 0.67628778 50.69772139
v 69.92198574 0.7484721 50.63246796
v 70.00359683 0.67304209 50.56038188
v 70.11264473 0.62712529 50.48217253
v 69.9046779 0.69742355 50.42251065
v 70.03677996 0.65180183 50.34768755
v 70.18081531 0.60604297 50.27760661
v 69.97585719 0.66351876 50.21732624
v 70.13018509 0.60397894 50.14980213
v 70.29218587 0.54632501 50.09579293
v 70.33287738 0.54244572 50.23044862
v 70.44819997 0.49150157 50.05583322
v 70.48309726 0.48639776 50.20412944
v 70.59581002 0.48044577 50.02790487
v 70.62238946 0.50200467 50.17336203
v 70.7414489 0.52704019 50.00415311
v 70.75922246 0.54759558 50.13848754
v 70.78627554 0.57559956 50.26832534
v 70.88743008 0.61765357 50.10228991
v 70.91007357 0.63263698 50.23145704
v 70.93844739 0.63465606 50.3684629
v 71.02022357 0.6850556 50.2025724
v 71.03625664 0.69354401 50.34221407
v 71.05708538 0.72236255 50.48004363
v 71.11664052 0.75751249 50.31908266
v 71.13581901 0.78933022 50.45604284
v 71.14926583 0.8534584 50.57887157
v 71.19223176 0.85902899 50.42941423
v 71.20647398 0.93774237 50.54831739
v 71.21872601 1.03018776 50.65731271
v 71.22596599 1.02380599 50.50966827
v 71.25885902 1.14207092 50.62950404
v 71.23482322 1.24886761 50.75452595
v 71.26032304 1.24527173 50.58654346
v 71.22130114 1.37297694 50.70278676
v 71.12295932 1.4840045 50.79651568
v 71.19131529 1.47739205 50.60737752
v 71.07167682 1.59332822 50.67782907
v 70.9124177 1.65841004 50.72825926
v 70.99365356 1.53829508 50.86203519
v 70.78111719 1.65784935 50.79552778
v 70.87940647 1.53486492 50.92630594
v 70.6730047 1.6298924 50.8853638
v 70.78791552 1.51685099 51.01901353
v 70.5658208 1.57257355 50.9569988
v 70.69387116 1.47173753 51.0982895
v 70.55355548 1.71539524 50.74444206
v 70.43855811 1.6510515 50.82387171
v 70.32208552 1.56915624 50.89786401
v 70.31537069 1.70987875 50.6889129
v 70.20083695 1.61152599 50.76951685
v 70.1094083 1.4660388 50.81593996
v 70.22987459 1.43045046 50.93008349
v 70.039756 1.30161634 50.85326475
v 70.16770458 1.2707261 50.95304884
v 70.01110908 1.13048762 50.85021623
v 70.13042452 1.1168562 50.97460037
v 70.29166744 1.11993604 51.08931239
v 70.50399562 1.13230227 51.20275978
v 70.12433783 0.97623262 50.98138057
v 70.30158974 0.99909307 51.09061957
v 70.15793803 0.8565574 50.95518388
v 70.3335609 0.8913694 51.0621571
v 69.99385478 0.97324585 50.84487089
v 70.01020599 0.84064388 50.82177203
v 69.8777772 0.99886227 50.72420166
v 69.87516914 0.85334568 50.69199001
v 69.75094698 1.04462357 50.61161118
v 69.75384013 0.90143612 50.56524486
v 69.80522443 0.7806513 50.49649896
v 69.66392808 0.95081779 50.41940887
v 69.72239817 0.8161235 50.3582369
v 69.8334667 0.71560804 50.29022832
v 69.65848151 0.83548241 50.22259506
v 69.77647226 0.72964278 50.15873726
v 69.92013386 0.66431088 50.08978402
v 69.72176129 0.73118371 50.02956217
v 69.86702515 0.65406219 49.96630784
v 70.03523823 0.59203227 49.9032539
v 70.08195002 0.59969277 50.02514101
v 70.21174937 0.5461254 49.84242693
v 70.25403304 0.5509902 49.96555924
v 70.37914238 0.49021021 49.78799702
v 70.41571349 0.49154593 49.91702008
v 70.54983791 0.47267069 49.7393245
v 70.57486459 0.47117366 49.87848504
v 70.71563203 0.4968283 49.71236752
v 70.72953211 0.50747258 49.86126488
v 70.84566332 0.54541124 49.68190992
v 70.86374333 0.56738914 49.83285229
v 70.87046051 0.59835587 49.97123405
v 70.97322353 0.61986981 49.79684621
v 70.98611993 0.65129637 49.93568719
v 71.00472241 0.67114744 50.06897144
v 71.07803182 0.70151576 49.90064416
v 71.08948827 0.72278105 50.03913547
v 71.09998514 0.74315455 50.17827974
v 71.15872113 0.78120753 50.01209939
v 71.16229743 0.80177546 50.15322705
v 71.1800252 0.82069764 50.29406666
v 71.19528525 0.87449888 50.12576825
v 71.20398118 0.89442887 50.26090042
v 71.21424132 0.93637154 50.38959304
v 71.19811784 0.96884232 50.2193573
v 71.20958136 1.00929137 50.34287279
v 71.24519533 1.11078179 50.46832599
v 71.24117082 1.34053383 50.51194662
v 71.21212534 1.43089771 50.41905195
v 71.14046029 1.56951204 50.49257124
v 71.17855814 1.51273139 50.31094496
v 71.09277277 1.65038869 50.36064669
v 70.93805744 1.74259355 50.39861125
v 71.01149683 1.68847989 50.54520818
v 70.7558105 1.78375285 50.43736322
v 70.8336679 1.73885096 50.58635664
v 70.58314026 1.77975149 50.50396196
v 70.67675123 1.73086002 50.64763742
v 70.4402518 1.77636693 50.60445311
v 70.50126692 1.80319022 50.36311969
v 70.33733951 1.80651934 50.46174955
v 70.1946084 1.75556582 50.558748
v 70.24809848 1.81036534 50.32226937
v 70.0885713 1.76744462 50.42344632
v 69.96148566 1.66167737 50.51499332
v 70.08180521 1.63930814 50.64234033
v 69.86731063 1.51455423 50.57744892
v 69.99113855 1.49121307 50.69567016
v 69.79047123 1.36504346 50.6312756
v 69.91766926 1.33457791 50.75337476
v 69.75989438 1.20336996 50.629956
v 69.89299457 1.16140324 50.7368545
v 69.67576679 1.39096176 50.47592821
v 69.63908034 1.24102291 50.48422519
v 69.63652528 1.08927574 50.46856159
v 69.54478139 1.26545574 50.29825247
v 69.55032663 1.12482864 50.29197128
v 69.58501505 0.98090812 50.2665605
v 69.46969231 1.13254218 50.10236769
v 69.51010948 0.97503459 50.11905943
v 69.59947187 0.83284821 50.09001554
v 69.46043205 0.95341242 49.96438066
v 69.52885289 0.80572778 49.96329068
v 69.66099709 0.71056999 49.90557895
v 69.47078402 0.76974321 49.82097672
v 69.60046103 0.67577221 49.78030861
v 69.76528913 0.61113314 49.72456659
v 69.81368328 0.63536837 49.84538112
v 69.94511163 0.56546991 49.6631772
v 69.98939401 0.57924262 49.78347319
v 70.12237987 0.51733241 49.60247521
v 70.16761071 0.53330697 49.72203439
v 70.29643483 0.47808127 49.54176304
v 70.33980545 0.48809415 49.66350373
v 70.47328011 0.4770136 49.48379905
v 70.51603945 0.47561734 49.60925225
v 70.64318739 0.48241509 49.42908041
v 70.685399 0.48600208 49.56590987
v 70.79312406 0.51302763 49.37405155
v 70.82433568 0.52279031 49.52542765
v 70.91755012 0.57489339 49.32519533
v 70.94080364 0.57610469 49.48635373
v 70.95824265 0.59194438 49.64513803
v 71.02807779 0.66289956 49.44734294
v 71.04686363 0.66305211 49.60286576
v 71.06287026 0.67837505 49.75698248
v 71.11280695 0.76850464 49.57723482
v 71.1252361 0.76612191 49.72124184
v 71.14505745 0.77111985 49.86690029
v 71.17449456 0.87730048 49.71393228
v 71.17272746 0.86897317 49.85233546
v 71.18213057 0.86818395 49.9918077
v 71.18180022 0.98680931 49.85389336
v 71.17481734 0.96930296 49.97384476
v 71.18727781 0.96089566 50.09724842
v 71.13624416 1.10517335 49.97450348
v 71.15769101 1.07047908 50.07641933
v 71.11980683 1.28817155 50.00299147
v 71.13534487 1.23578647 50.10391929
v 71.15445113 1.46780332 50.02550196
v 71.16700016 1.41435414 50.14525755
v 71.10322654 1.61886555 50.04739737
v 71.14347809 1.57339728 50.1839638
v 70.97449729 1.72240386 50.07239187
v 71.02740328 1.68698021 50.2179689
v 70.80793775 1.78571498 50.10092081
v 70.86923541 1.77144548 50.24845663
v 70.62183197 1.82444474 50.15110142
v 70.68557158 1.80513117 50.29143856
v 70.42884073 1.81239818 50.22670076
v 70.56734056 1.83532964 50.01333453
v 70.36621509 1.81549574 50.09219819
v 70.17488959 1.80948819 50.1858036
v 70.31187378 1.83363502 49.95935582
v 70.1140686 1.82200704 50.05075753
v 69.9362592 1.75887792 50.14021437
v 70.00174924 1.76110824 50.28281113
v 69.78084519 1.66420037 50.21888127
v 69.86145579 1.66422433 50.37307139
v 69.67307299 1.53182556 50.26637105
v 69.76127834 1.52534973 50.43286061
v 69.57844777 1.40752657 50.2956377
v 69.60035213 1.54758683 50.09669961
v 69.50891056 1.41573022 50.10374628
v 69.46809836 1.27337147 50.09772523
v 69.45387199 1.43323625 49.92332211
v 69.40344923 1.28423888 49.90784121
v 69.41799472 1.11519448 49.92980861
v 69.36930639 1.28955941 49.74856012
v 69.37761032 1.09351504 49.77962909
v 69.39280061 0.90971658 49.82179654
v 69.34725979 1.07432219 49.64501103
v 69.36294733 0.88152435 49.67141254
v 69.43242455 0.74270633 49.6667458
v 69.35548865 0.86919761 49.52357636
v 69.41262842 0.7232475 49.5150531
v 69.53791579 0.6325112 49.49344167
v 69.5599328 0.64784425 49.64198305
v 69.68854785 0.56587957 49.46376251
v 69.72349051 0.58781244 49.59856145
v 69.8589363 0.5308837 49.413736
v 69.9019466 0.54717177 49.54088075
v 70.02412039 0.48411779 49.3587148
v 70.07481282 0.50052642 49.48220478
v 70.19252702 0.45673688 49.29859804
v 70.24809949 0.46576358 49.42086562
v 70.36435252 0.45007905 49.23778118
v 70.422595 0.46078219 49.36068968
v 70.52810954 0.4900058 49.17744233
v 70.59098168 0.48454933 49.30083634
v 70.68054271 0.52558307 49.10781387
v 70.74540741 0.51868943 49.23646414
v 70.81022967 0.59812166 49.0343413
v 70.87452021 0.58299757 49.17427013
v 70.90847064 0.71853689 48.99892559
v 70.97324239 0.69171452 49.1390856
v 71.00790117 0.67603606 49.29297505
v 71.06388355 0.81481421 49.12601628
v 71.08797171 0.79983446 49.28075132
v 71.09697627 0.78197128 49.43068284
v 71.16054885 0.93423919 49.28734979
v 71.17804173 0.92003233 49.44162229
v 71.17906462 0.8970903 49.57982957
v 71.21461511 1.06940847 49.46494561
v 71.23418744 1.04516915 49.60921285
v 71.21127168 1.01514546 49.73586943
v 71.22118294 1.20734066 49.62794384
v 71.18920605 1.18013349 49.75627
v 71.14791478 1.14473232 49.869466
v 71.16049413 1.36168842 49.76244955
v 71.12874084 1.33170032 49.88785763
v 71.1423887 1.54769303 49.7468213
v 71.14524889 1.51445225 49.8906538
v 71.04575252 1.69559909 49.7491219
v 71.07841757 1.668263 49.90127132
v 70.9036689 1.79463438 49.77079088
v 70.94017459 1.76595887 49.92520954
v 70.72131605 1.83623996 49.8135508
v 70.76224211 1.81139424 49.9565458
v 70.51702175 1.84458878 49.87863734
v 70.67670021 1.84090207 49.6727611
v 70.46914447 1.86039349 49.74551908
v 70.26130729 1.86076973 49.82768636
v 70.42222946 1.87439515 49.61328906
v 70.21144815 1.88158197 49.6953383
v 70.01074884 1.85328993 49.77859033
v 70.06062238 1.83795823 49.9152377
v 69.8256848 1.79164483 49.85421293
v 69.8796625 1.76854967 49.99679743
v 69.66425187 1.70454415 49.91420736
v 69.7206309 1.67599486 50.06609525
v 69.54602788 1.57398667 49.93032369
v 69.61194387 1.73838643 49.75650109
v 69.49812564 1.6072809 49.76679646
v 69.40994293 1.46042402 49.75503121
v 69.45183526 1.62143353 49.59979585
v 69.37344804 1.46925549 49.5950224
v 69.35133311 1.28223193 49.60520046
v 69.35673833 1.44395133 49.44019295
v 69.33185858 1.26403425 49.46802368
v 69.33348761 1.0557391 49.51353031
v 69.30044308 1.23765031 49.33764839
v 69.32148483 1.03765244 49.3838452
v 69.33795308 0.85746212 49.38672619
v 69.29772741 1.0133169 49.25323764
v 69.30327332 0.84691394 49.25843119
v 69.37034872 0.71212182 49.23083762
v 69.39788873 0.71706483 49.36996052
v 69.47498453 0.60150424 49.20105255
v 69.51104198 0.61776672 49.3433506
v 69.61298039 0.53358495 49.1719053
v 69.65660446 0.54777523 49.32153493
v 69.75709021 0.49473547 49.13448928
v 69.81323427 0.5147374 49.27856757
v 69.90637302 0.45530711 49.09120942
v 69.96820359 0.46734294 49.22914351
v 70.06444627 0.44230717 49.04034532
v 70.13091399 0.450452 49.17217975
v 70.22706592 0.44957956 48.98466644
v 70.298241 0.44868835 49.1130325
v 70.38383442 0.48878727 48.9259472
v 70.45729503 0.48977571 49.05316974
v 70.52713944 0.54553508 48.85828284
v 70.60279845 0.53561405 48.98309693
v 70.65672951 0.63723633 48.79038098
v 70.73185889 0.61537519 48.90912689
v 70.76124802 0.76429609 48.74457438
v 70.82951357 0.74838143 48.87285407
v 70.84254702 0.88037691 48.70616352
v 70.92307857 0.86533773 48.83990059
v 71.00059973 0.84091008 48.97781978
v 70.99643631 0.98135482 48.81581176
v 71.07396083 0.96635045 48.96908327
v 71.13111275 0.94964186 49.1268489
v 71.09561798 1.1025923 48.97452652
v 71.15118666 1.09528854 49.13802315
v 71.17384682 1.08566015 49.30437072
v 71.16191253 1.24416038 49.13908122
v 71.1931649 1.23696236 49.31030234
v 71.22107889 1.22509089 49.47763498
v 71.18256363 1.39800985 49.30010408
v 71.19019408 1.38984186 49.46673207
v 71.18352101 1.37839509 49.62278633
v 71.13921515 1.56621594 49.44486521
v 71.14488486 1.56469389 49.59753293
v 70.99669207 1.69766162 49.43887036
v 71.01901093 1.70214181 49.594453
v 70.83197354 1.80046237 49.46819121
v 70.86510616 1.8030218 49.61607668
v 70.63392252 1.84304457 49.53488279
v 70.79545151 1.78577664 49.32868407
v 70.59218085 1.85284306 49.40291559
v 70.37593676 1.88295848 49.48291954
v 70.54494407 1.84237405 49.27676208
v 70.32771153 1.87731562 49.35590553
v 70.11383161 1.89833627 49.42892349
v 70.16199858 1.89279511 49.56205281
v 69.91163274 1.89412162 49.50141863
v 69.9603817 1.87626757 49.64118718
v 69.72415109 1.84314955 49.55957693
v 69.7729221 1.82301245 49.7103947
v 69.56553878 1.75294907 49.5921268
v 69.68013853 1.83646053 49.40802655
v 69.53194986 1.73319101 49.42785641
v 69.42470205 1.59769117 49.43125583
v 69.49779019 1.70670855 49.26958885
v 69.39418747 1.56548076 49.26994581
v 69.33092338 1.41263708 49.28867777
v 69.3781929 1.52385208 49.11390687
v 69.3149123 1.36737225 49.1431118
v 69.2673036 1.19760756 49.21172058
v 69.30931074 1.30603679 49.01349235
v 69.23859582 1.14851076 49.08382126
v 69.25147458 0.98691648 49.11912256
v 69.20941496 1.10415619 48.94412697
v 69.1932262 0.95983263 48.97534466
v 69.2220714 0.82924502 48.98099636
v 69.26314621 0.84185543 49.12796599
v 69.27616094 0.71087588 48.96265579
v 69.32878816 0.709746 49.09802232
v 69.37475421 0.62234233 48.92235743
v 69.43173834 0.60360195 49.06276252
v 69.48663791 0.55955488 48.8730413
v 69.55463684 0.53097926 49.02123519
v 69.62463687 0.51053736 48.83313391
v 69.69268404 0.48995487 48.98332735
v 69.77474818 0.47464683 48.79629652
v 69.83958514 0.45207548 48.94486698
v 69.92696646 0.44830429 48.75745647
v 69.99524725 0.44077183 48.90119337
v 70.08568661 0.46392685 48.71790082
v 70.15479715 0.4567101 48.85312701
v 70.24212771 0.50868119 48.67259093
v 70.31070795 0.49826092 48.79955762
v 70.38329166 0.58069537 48.61716335
v 70.45532083 0.56210434 48.73669306
v 70.50661908 0.67777176 48.55672171
v 70.58299007 0.66241716 48.6746074
v 70.60661721 0.77448951 48.49363658
v 70.69113455 0.77304964 48.61685068
v 70.67733751 0.8597916 48.42945363
v 70.76665978 0.87735718 48.56782407
v 70.70672731 0.95756738 48.38343572
v 70.81388831 0.98088261 48.52558501
v 70.90532302 0.99095383 48.67193814
v 70.80160648 1.09230606 48.50009547
v 70.90641073 1.10699519 48.66275375
v 71.0033749 1.10925705 48.82254292
v 70.90283073 1.22527368 48.6441048
v 70.99911802 1.23735501 48.81111998
v 71.09018686 1.24395768 48.97396103
v 70.96931402 1.38028265 48.79795182
v 71.06533343 1.39300521 48.95682679
v 71.14541121 1.40040917 49.1247357
v 71.00065327 1.53860861 48.96021282
v 71.082418 1.55463368 49.11737668
v 71.12162882 1.56172365 49.2845316
v 70.93755315 1.66696453 49.14191162
v 70.97673871 1.68394105 49.28793843
v 70.74745688 1.75973217 49.20166031
v 70.87101025 1.64891713 49.00664014
v 70.69128693 1.73709672 49.08120824
v 70.49090391 1.82112976 49.15760448
v 70.62602806 1.72312623 48.96323618
v 70.43531317 1.8054039 49.03883061
v 70.22458347 1.82277281 49.11315449
v 70.27674549 1.85038507 49.23329237
v 70.01178687 1.85112222 49.17178449
v 70.0633403 1.87453317 49.30009136
v 69.81493974 1.86235928 49.22192608
v 69.86428644 1.88998597 49.36007544
v 69.6404505 1.81704669 49.25580099
v 69.76855297 1.83465614 49.07966642
v 69.60139876 1.78421273 49.10433421
v 69.46684035 1.67531864 49.11362148
v 69.56915667 1.75836864 48.95279141
v 69.44853362 1.64048445 48.96192175
v 69.37453921 1.4752518 48.97291323
v 69.44000731 1.59964824 48.82177849
v 69.37272661 1.42337599 48.84768174
v 69.27859129 1.25706342 48.89234161
v 69.36201297 1.38491531 48.72986189
v 69.24422229 1.23538131 48.76866641
v 69.19719888 1.07846129 48.79020991
v 69.22316979 1.22983462 48.63661646
v 69.18318014 1.07967176 48.63977856
v 69.15100674 0.94827574 48.64345218
v 69.16523882 0.93999343 48.81307734
v 69.1555014 0.84179397 48.63508913
v 69.18172066 0.82095349 48.81713452
v 69.18737127 0.74739854 48.62038555
v 69.22175347 0.71407502 48.80469308
v 69.26334503 0.67917643 48.60130034
v 69.30588318 0.63955133 48.77026632
v 69.37265612 0.63584041 48.57822345
v 69.42208204 0.59363217 48.72928587
v 69.50961929 0.59200474 48.55179521
v 69.5593067 0.54318178 48.68956505
v 69.6665526 0.55140036 48.51806755
v 69.71603542 0.51155384 48.65358755
v 69.82154861 0.52161563 48.47744726
v 69.86933021 0.47766858 48.61385123
v 69.97318019 0.51050739 48.43906653
v 70.02382506 0.48030812 48.57918555
v 70.11951521 0.5370087 48.40570795
v 70.17932123 0.52105562 48.54323735
v 70.23987863 0.60168053 48.36061021
v 70.31268283 0.59429675 48.49285228
v 70.34375731 0.67213269 48.30229213
v 70.4319545 0.671901 48.43096362
v 70.40443813 0.76014963 48.25025244
v 70.50824466 0.76613484 48.37267517
v 70.44244026 0.84842347 48.19516396
v 70.56424447 0.8448582 48.30329127
v 70.46034701 0.95092778 48.16000646
v 70.57931544 0.94830908 48.26581102
v 70.43313532 1.0719892 48.17884062
v 70.55101637 1.06694088 48.2688438
v 70.67669465 1.0744269 48.36970402
v 70.53252258 1.21780952 48.2717072
v 70.65464283 1.20923413 48.36576066
v 70.78665085 1.21335773 48.48518631
v 70.63913257 1.36609228 48.3949021
v 70.75580629 1.35408325 48.50560876
v 70.86540082 1.36138886 48.64627819
v 70.70787125 1.50566858 48.56066136
v 70.80632656 1.50718011 48.68042646
v 70.90169958 1.5202329 48.81630898
v 70.69925682 1.62444189 48.75839684
v 70.78647726 1.63301788 48.87932382
v 70.55209027 1.71228606 48.84697288
v 70.61127044 1.62415376 48.64420869
v 70.47966062 1.71350775 48.72679223
v 70.31625063 1.7721109 48.80093998
v 70.37647228 1.78730347 48.92064522
v 70.12325046 1.78489625 48.87080552
v 70.17312964 1.80226256 48.99266875
v 69.92658551 1.82153576 48.91663224
v 69.96444292 1.83566551 49.04496437
v 69.73367218 1.81088612 48.9395911
v 69.89147658 1.80365624 48.78574172
v 69.70927085 1.78446432 48.79982988
v 69.55363029 1.71856921 48.80813973
v 69.68717049 1.7585876 48.66298712
v 69.53759024 1.6843703 48.6710801
v 69.4294237 1.55658935 48.69695775
v 69.52301177 1.65278905 48.54580828
v 69.41772565 1.52262045 48.58048019
v 69.33523314 1.36673812 48.61281808
v 69.40350018 1.495415 48.46556145
v 69.30906984 1.36407136 48.49246418
v 69.21135163 1.23783909 48.49895758
v 69.28773033 1.37192777 48.36542273
v 69.21278428 1.26335776 48.3531436
v 69.15453688 1.15021834 48.32487063
v 69.16274103 1.10711634 48.48198027
v 69.14283159 1.04155034 48.30496981
v 69.14462689 0.98913323 48.47225725
v 69.13944196 0.94612609 48.28562328
v 69.13783778 0.8911032 48.45539123
v 69.16491108 0.85472711 48.27046576
v 69.16947536 0.8037441 48.43883367
v 69.23927994 0.7832772 48.26912583
v 69.24467597 0.73610538 48.42869207
v 69.33105134 0.71960827 48.26946629
v 69.34478248 0.68627018 48.42275211
v 69.45038565 0.66726503 48.27054861
v 69.4715346 0.63565966 48.41220169
v 69.5931888 0.63073232 48.25898591
v 69.62428572 0.58781589 48.3872235
v 69.7342687 0.60766923 48.22314312
v 69.77714046 0.56320947 48.34748634
v 69.85918659 0.59425449 48.17217917
v 69.91856906 0.55089119 48.30277049
v 69.97294943 0.61780182 48.12901624
v 70.04997371 0.5704231 48.26534176
v 70.07102168 0.6550056 48.08471998
v 70.15893919 0.62184225 48.22304512
v 70.14601047 0.71123974 48.03598466
v 70.24155927 0.69161981 48.17479859
v 70.20422349 0.78412619 47.99161313
v 70.29989007 0.76639679 48.12380081
v 70.24058118 0.87656754 47.96202532
v 70.34122376 0.85427721 48.07686475
v 70.25411951 0.98293751 47.95754198
v 70.35312321 0.96272751 48.06165959
v 70.25644679 1.10678601 47.96738185
v 70.33047593 1.08599919 48.08422142
v 70.2582666 1.2556006 47.97292107
v 70.3294229 1.24557867 48.09186719
v 70.41962957 1.23122077 48.19157083
v 70.32581925 1.40125905 48.09464286
v 70.41945934 1.39866087 48.20308789
v 70.52335335 1.38472093 48.30216147
v 70.39832096 1.53433222 48.22614391
v 70.50772573 1.5335418 48.3372619
v 70.60534109 1.51648072 48.45210352
v 70.42582638 1.62606104 48.40914972
v 70.51999274 1.62639935 48.5294691
v 70.32270665 1.70061218 48.47966864
v 70.40494763 1.71282642 48.60351448
v 70.18442461 1.74068327 48.55401356
v 70.25195167 1.75599695 48.67910841
v 70.02471871 1.77358044 48.61376502
v 70.07572559 1.77978613 48.74406404
v 69.8544022 1.78675486 48.65032089
v 69.96877742 1.76553804 48.47876345
v 69.8126617 1.77689382 48.50890033
v 69.65904704 1.73788796 48.52510548
v 69.75977942 1.7710181 48.36665709
v 69.61596771 1.72162647 48.39516427
v 69.50434013 1.61868404 48.42966982
v 69.56130195 1.69205469 48.27360446
v 69.46146516 1.59374358 48.31521277
v 69.36711406 1.48828072 48.35143761
v 69.5035523 1.65399414 48.15597807
v 69.69367754 1.74271011 48.23285873
v 69.62547071 1.69452148 48.11059342
v 69.55866615 1.63437808 47.99572503
v 69.45903866 1.59138714 48.04229403
v 69.50252744 1.543796 47.89261936
v 69.42160686 1.50210019 47.94446862
v 69.44986276 1.44983273 47.79759555
v 69.38403171 1.40599535 47.86701498
v 69.32401694 1.35727518 47.95723856
v 69.26206893 1.31824065 48.06940588
v 69.37141945 1.29908306 47.82334928
v 69.30957299 1.25695991 47.92375959
v 69.24052468 1.22044968 48.03794522
v 69.17785959 1.18898784 48.17213944
v 69.21944852 1.29025038 48.20696828
v 69.30246957 1.1533576 47.88968087
v 69.24504411 1.11756561 48.01388872
v 69.17781505 1.08484601 48.15007044
v 69.23942873 1.02376082 47.99104183
v 69.17858438 0.99091102 48.13081921
v 69.23775704 0.92705679 47.97207852
v 69.19488707 0.89825929 48.1159215
v 69.29484764 0.84530305 47.97162374
v 69.25803989 0.81809897 48.11762344
v 69.37287933 0.77195714 47.97650916
v 69.33915633 0.74303803 48.12010429
v 69.47400462 0.72654113 47.98118074
v 69.44844827 0.69104338 48.12553457
v 69.41729771 0.79630927 47.83927711
v 69.51168808 0.73856042 47.84671056
v 69.47444467 0.82189942 47.71716907
v 69.57491992 0.75802957 47.74068071
v 69.6883825 0.71833459 47.78765263
v 69.64797121 0.79566565 47.66066254
v 69.76627055 0.74025844 47.72122827
v 69.87919753 0.71223947 47.82283422
v 69.79943049 0.67553884 47.8728763
v 69.89341938 0.65014679 47.99641352
v 69.97801627 0.68851151 47.94907891
v 69.95058367 0.76898501 47.77952598
v 70.0514944 0.7418919 47.90442603
v 70.01014184 0.84121981 47.74403947
v 70.10724627 0.8161403 47.86796916
v 70.0590601 0.92722327 47.71793501
v 70.14901639 0.90465049 47.84124407
v 70.08371661 1.03031328 47.71723053
v 70.17854031 1.00750924 47.8328428
v 70.08906288 1.14037179 47.72714011
v 70.18871036 1.12737629 47.83938706
v 70.0782641 1.25116492 47.73925962
v 70.18298787 1.25869528 47.84808467
v 70.04433363 1.35574908 47.75498944
v 70.15157149 1.38180428 47.85952277
v 70.24117386 1.39523724 47.97762953
v 70.11054407 1.49653218 47.86340029
v 70.20605255 1.52067004 47.97983306
v 70.29608259 1.5303868 48.10681019
v 70.14290486 1.61785946 48.01829477
v 70.23266735 1.62282471 48.15297526
v 70.32856949 1.62440957 48.28357836
v 70.14522794 1.68623854 48.22003995
v 70.23490397 1.68881593 48.3529439
v 70.03613197 1.73313452 48.28454365
v 70.1124713 1.72999089 48.42324394
v 69.9056299 1.76388029 48.33467447
v 69.95139221 1.71597033 48.14636601
v 69.83095559 1.75467335 48.1917749
v 69.86201042 1.68952344 48.01360888
v 69.74831792 1.70827541 48.06387962
v 69.76673093 1.64012291 47.89701211
v 69.66604495 1.64860666 47.9487095
v 69.58710564 1.56790112 47.8449017
v 69.51938849 1.47272165 47.74332303
v 69.51622316 1.35993863 47.69079959
v 69.43889218 1.33554438 47.74468485
v 69.53337668 1.26973905 47.6514374
v 69.4421658 1.23368684 47.7086006
v 69.36620268 1.19406519 47.78841419
v 69.43970023 1.14028828 47.66688823
v 69.35489123 1.0944683 47.7481544
v 69.29132265 1.05586879 47.85953354
v 69.35750027 0.99697099 47.71694698
v 69.29268446 0.95687035 47.83561342
v 69.39711256 0.90024532 47.70536257
v 69.33773038 0.86734725 47.83103411
v 69.44483285 1.04712172 47.62953325
v 69.47931128 0.94987017 47.61499536
v 69.54824884 0.86212676 47.62483893
v 69.5788384 1.01205248 47.56942179
v 69.6324809 0.92821303 47.58052785
v 69.72124059 0.85678584 47.61140407
v 69.83940868 0.79891286 47.67424372
v 69.68517739 1.07694612 47.55568874
v 69.54991466 1.10032459 47.57836877
v 69.66998889 1.15208918 47.55779495
v 69.80839709 1.19961426 47.57353218
v 69.81642418 1.12657642 47.57188867
v 69.96250955 1.14355449 47.63631576
v 69.9528213 1.23146548 47.64478926
v 69.78669759 1.27456262 47.59913016
v 69.92016274 1.31729127 47.66875585
v 69.75116856 1.3489967 47.6312463
v 69.87575139 1.40396827 47.68659054
v 69.99495049 1.4553463 47.77013365
v 69.93338856 1.54327708 47.79437385
v 70.04479692 1.59371841 47.89477911
v 69.85641976 1.60681063 47.84118868
v 69.9602012 1.65336109 47.95337485
v 70.05383128 1.67294463 48.08575111
v 69.65516295 1.22838928 47.58569648
v 69.63459549 1.3040227 47.62310483
v 69.54224582 1.18495268 47.61455068
v 66.36558819 1.11590755 50.96267462
v 69.78377669 1.4702346 51.29449403
v 69.96542657 1.478342 51.83799219
v 69.60434432 0.64980136 51.60042181
v 66.6507209 1.3383688 50.69386437
v 69.96564774 1.01282335 52.0277869
v 66.96983502 1.21859782 51.75992903
v 67.064991 0.59912871 50.90490022
v 66.39602175 1.08299314 50.8787117
v 66.43107672 1.00993916 50.94414673
v 66.38442589 1.07088883 51.03223245
v 66.34282801 1.18268348 51.08757088
v 66.35601553 1.19892015 50.97038761
v 66.39337421 1.18420635 50.86896431
v 69.83010151 1.39544656 51.294524
v 69.74137659 1.37091987 51.20776903
v 69.70595044 1.47289135 51.24956888
v 69.69150953 1.56441473 51.3288781
v 69.80012862 1.5207872 51.36627484
v 69.88000531 1.43739591 51.3930006
v 69.89137724 1.53488347 51.86153279
v 69.88852596 1.46785926 51.94610131
v 69.98568301 1.40729608 51.87564957
v 70.03776387 1.36929549 51.79655477
v 70.00523807 1.46746896 51.74933955
v 69.89028566 1.56455798 51.7685113
v 69.67661304 0.66679409 51.5346403
v 69.74748126 0.69134477 51.63306841
v 69.63927431 0.65423377 51.68681746
v 69.52148443 0.62127979 51.58380768
v 69.5610488 0.64203773 51.46717033
v 69.50420623 0.60849444 51.69876539
v 66.56232335 1.23732796 50.6994664
v 66.46279869 1.25736004 50.78753254
v 66.53977482 1.36795691 50.78816963
v 66.73857965 1.37279602 50.66688386
v 66.758959 1.26049658 50.60561307
v 66.71713954 1.47085374 50.74954304
v 70.0125859 0.96367538 51.96854494
v 70.06282414 1.03533277 51.92795092
v 69.99392154 1.08383043 52.01326366
v 69.88397275 1.09867744 52.09645504
v 69.89799844 1.00292218 52.08300216
v 69.91851215 0.90990032 52.04387301
v 67.07349987 1.18831036 51.78474053
v 67.01774816 1.38552667 51.7715392
v 66.92217966 1.3181641 51.73891204
v 66.82177322 1.25220701 51.72169614
v 66.94384506 1.08538614 51.75900464
v 67.06403968 1.04131482 51.80439704
v 66.99805141 0.60008475 50.98303199
v 66.91852103 0.65622018 50.92269277
v 67.03164084 0.638632 50.82396032
v 67.16525534 0.57274206 50.89517438
v 67.1062528 0.55068308 51.02486863
v 67.17706318 0.6112622 50.78393684
v 67.32039969 0.61142089 50.7863303
v 67.30275948 0.57271318 50.91657413
v 66.99565442 0.67800723 50.74967774
v 67.15282147 0.65443287 50.68984621
v 67.31057716 0.64774609 50.6616536
v 67.46422802 0.66308039 50.64615037
v 67.46361951 0.63254446 50.79207793
v 67.1243542 0.70747756 50.59907359
v 67.29321258 0.70666519 50.55355566
v 67.45976253 0.72499991 50.52277678
v 67.61569034 0.75331252 50.5149403
v 67.60904085 0.68521674 50.652017
v 67.27203345 0.78303285 50.46581738
v 67.43960089 0.81611605 50.43012623
v 67.60093541 0.86120983 50.41974337
v 67.75409706 0.90299936 50.4345566
v 67.75776773 0.77501989 50.52869268
v 67.40956941 0.94055378 50.38139626
v 67.57003494 0.98730429 50.35493827
v 67.74266191 1.03618614 50.36841053
v 67.92040556 1.05625004 50.37436928
v 67.90330743 0.91137277 50.44509669
v 67.54527227 1.13047998 50.33621543
v 67.72851431 1.17137611 50.33333042
v 67.92842403 1.19519777 50.36370428
v 68.12628032 1.20410602 50.40711983
v 68.0917932 1.04688877 50.40266381
v 67.72049568 1.31294558 50.34296591
v 67.92173135 1.33141227 50.37337301
v 68.11343864 1.3465821 50.41417964
v 68.28515436 1.37009198 50.46880175
v 68.28943085 1.20390062 50.45679421
v 67.8925606 1.46284816 50.42681751
v 68.07195619 1.48299328 50.47085107
v 68.23667623 1.51500289 50.51484098
v 68.39335255 1.54604352 50.56870723
v 68.43474042 1.38771621 50.52324998
v 68.02405879 1.60914126 50.56197749
v 68.18102396 1.64469542 50.60434154
v 68.34058952 1.68326618 50.64790173
v 68.49939617 1.6886449 50.7033499
v 68.54573285 1.54745591 50.62909274
v 68.13700888 1.75785775 50.73098619
v 68.28900031 1.79203841 50.77296211
v 68.44180829 1.80220779 50.82237456
v 68.58980905 1.78673651 50.88072522
v 68.6497933 1.66751872 50.76694159
v 68.24202721 1.85630137 50.9474064
v 68.38559633 1.8735009 50.98964175
v 68.52768702 1.86244889 51.03501124
v 68.67132189 1.84003456 51.07909333
v 68.73530283 1.76634917 50.9333821
v 68.33605121 1.90360142 51.18714756
v 68.47231846 1.88631353 51.22373416
v 68.60721488 1.86264295 51.25671499
v 68.73586495 1.83661645 51.29601522
v 68.81302532 1.81733197 51.12600776
v 68.41125568 1.84799439 51.42771251
v 68.53768424 1.82123281 51.4561775
v 68.66277131 1.80487941 51.48848416
v 68.78814018 1.79677625 51.52568221
v 68.85994135 1.81149897 51.34259373
v 68.48163578 1.81048804 51.67350736
v 68.60813371 1.78909019 51.6967794
v 68.7359802 1.77042179 51.72054647
v 68.86899659 1.75626203 51.74299633
v 68.91592038 1.79319346 51.56377552
v 68.57059726 1.74826562 51.89614156
v 68.70787469 1.74812134 51.91256273
v 68.84860445 1.73316839 51.92249639
v 68.99290887 1.70879479 51.92646366
v 69.0080137 1.74732636 51.76517208
v 68.69979367 1.65505219 52.0701024
v 68.84505683 1.65057211 52.06598427
v 68.99619343 1.6412735 52.05990203
v 69.15284897 1.63364954 52.05397571
v 69.14406565 1.69975449 51.9321795
v 68.86201594 1.55304851 52.19482818
v 69.01198887 1.55685449 52.17796401
v 69.16432047 1.54680788 52.15265698
v 69.31931427 1.53493624 52.13843934
v 69.31355219 1.62886207 52.05327376
v 69.03306442 1.40870322 52.22337138
v 69.1725384 1.40856383 52.18883585
v 69.31284347 1.40119282 52.17077874
v 69.4544998 1.38466901 52.16396307
v 69.47157846 1.51425709 52.13164521
v 69.18094458 1.23449174 52.19212575
v 69.31405251 1.23746605 52.17731121
v 69.45173522 1.2372036 52.18324865
v 69.59528344 1.23157183 52.18498123
v 69.59958737 1.36243141 52.15137817
v 69.32131165 1.07310109 52.18033878
v 69.46039846 1.08451486 52.18482464
v 69.60607059 1.09364349 52.19298312
v 69.75165567 1.09877038 52.1599037
v 69.7387679 1.21802056 52.14784026
v 69.47308967 0.96065952 52.18057551
v 69.62282106 0.9708923 52.17988012
v 69.76997216 0.98348911 52.15162231
v 69.62915864 0.87165564 52.13453723
v 69.78386602 0.88057071 52.1112327
v 69.62999273 0.78714062 52.07494606
v 69.79002684 0.79992 52.04210355
v 69.93509101 0.82968696 51.97948953
v 70.04384576 0.8889301 51.90026777
v 69.79395168 0.7336449 51.95936409
v 69.93958125 0.76748243 51.88977864
v 70.04993044 0.82744028 51.8070434
v 69.92526014 0.73389965 51.77947946
v 70.02356172 0.79151401 51.69277088
v 70.09214491 0.86791164 51.62244761
v 70.12160972 0.91088578 51.73988879
v 70.1049849 0.97134725 51.84135128
v 70.14621597 1.01014445 51.69346274
v 70.13232464 1.06413759 51.80695247
v 70.08365398 1.11722566 51.91070151
v 70.00492556 1.16331529 52.0134514
v 70.11572508 1.15520289 51.77649382
v 70.07465161 1.20140151 51.88640423
v 69.99464539 1.24529443 51.9865475
v 70.05459924 1.2836834 51.8478787
v 69.98597952 1.32841506 51.93883977
v 69.87924737 1.38130523 52.01014198
v 69.87249079 1.28878721 52.05840484
v 69.87967698 1.19680872 52.09455778
v 69.73928494 1.32956736 52.11435623
v 69.75152648 1.43390517 52.06315556
v 69.61641159 1.48093372 52.1099815
v 69.76456672 1.52949624 51.99798677
v 69.62563967 1.58360852 52.03742574
v 69.47280514 1.6159742 52.05364553
v 69.6203603 1.65183703 51.93299747
v 69.46160281 1.6728403 51.93704994
v 69.30191583 1.69182036 51.93578695
v 69.46284016 1.71628016 51.81240111
v 69.30647795 1.73996226 51.80403082
v 69.15320198 1.73769914 51.78496649
v 69.3375626 1.76693633 51.66407925
v 69.18748445 1.77296717 51.63533719
v 69.04873153 1.77997981 51.6005858
v 69.24914553 1.76797647 51.48971086
v 69.1129982 1.77526996 51.44462693
v 68.98537611 1.79419791 51.39460253
v 69.18953263 1.73947835 51.3021643
v 69.06978902 1.76255977 51.24348067
v 68.94434499 1.78861163 51.18319377
v 69.13426956 1.67521669 51.12089907
v 69.01106035 1.71024248 51.05442706
v 68.87598338 1.7380276 50.99069671
v 69.05676685 1.57382038 50.96679035
v 68.93046319 1.60598776 50.89917831
v 68.79514366 1.63999964 50.82837585
v 68.96280421 1.45188414 50.82630815
v 68.83667221 1.49456552 50.75366433
v 68.69004552 1.52129181 50.69785428
v 68.83393032 1.33635497 50.69519841
v 68.6999926 1.36427872 50.64159547
v 68.56812463 1.38330598 50.58165503
v 68.67208872 1.17339788 50.6008427
v 68.54790002 1.18874612 50.56227819
v 68.42198908 1.19946056 50.51645213
v 68.51487987 0.98210346 50.54001948
v 68.38942132 0.99847715 50.48562913
v 68.24731412 1.02469909 50.44958831
v 68.35412448 0.83103931 50.50204691
v 68.20321789 0.86768838 50.47329768
v 68.05207532 0.90262355 50.46661609
v 68.16851617 0.75307617 50.57464662
v 68.03177603 0.7773971 50.56161401
v 67.89378023 0.78611648 50.54854465
v 68.01266733 0.68695227 50.70183919
v 67.88002344 0.6991313 50.68738001
v 67.74625858 0.6980468 50.66905039
v 67.85536221 0.63807501 50.84819256
v 67.72774256 0.64351455 50.82748543
v 67.5968821 0.64337817 50.80738875
v 67.69121507 0.57856794 50.99697543
v 67.56495539 0.57960749 50.96908834
v 67.43576951 0.5850227 50.9433613
v 67.50605388 0.51796407 51.12728101
v 67.37032139 0.52321268 51.08891115
v 67.23475036 0.52913361 51.0552931
v 67.29828675 0.50082646 51.23039434
v 67.1611037 0.51866224 51.19767879
v 67.03271895 0.55369726 51.16021756
v 67.1093526 0.56258816 51.33686029
v 66.9660954 0.58154213 51.29301569
v 66.84323085 0.64004963 51.23057308
v 66.92271156 0.61569342 51.10815716
v 66.74920651 0.71787425 51.15625164
v 66.83067389 0.68469402 51.04098184
v 66.66320798 0.77863614 51.0764106
v 66.75114789 0.73868514 50.95994731
v 66.85767343 0.70690773 50.84624172
v 66.69488095 0.80512605 50.87802376
v 66.80949998 0.75907051 50.76090166
v 66.95942065 0.72889886 50.6666536
v 66.77052405 0.82390536 50.67777246
v 66.92900376 0.79597412 50.58324586
v 67.09931421 0.77815176 50.51757111
v 66.91234838 0.88935706 50.51553536
v 67.08658821 0.88294031 50.4630022
v 67.25265089 0.89931644 50.42182053
v 67.07725313 1.01642347 50.44613774
v 67.23005386 1.0405733 50.41394097
v 67.37921499 1.08342296 50.36850368
v 67.21312436 1.19853584 50.42346393
v 67.35887353 1.2407862 50.37089815
v 67.52893478 1.28103279 50.34002272
v 67.34538058 1.39695246 50.41330772
v 67.51778646 1.42858063 50.38880699
v 67.70478092 1.45110922 50.3926579
v 67.51595706 1.56164049 50.49504657
v 67.68901844 1.57108028 50.50314632
v 67.86240688 1.58461401 50.52581916
v 67.68312899 1.69524146 50.62787631
v 67.83820044 1.7060405 50.65740772
v 67.98824226 1.72385452 50.69365137
v 67.81565671 1.78690211 50.83604809
v 67.9581739 1.80416966 50.87108833
v 68.09958672 1.82809003 50.90902787
v 67.92503741 1.85727829 51.0717093
v 68.06191645 1.87366301 51.10993958
v 68.19863975 1.89656656 51.14755546
v 68.02134794 1.88492199 51.32434568
v 68.15374357 1.89127329 51.36244429
v 68.28383968 1.87785051 51.39736759
v 68.10245533 1.87079624 51.58635773
v 68.23013324 1.85982476 51.62071335
v 68.35609313 1.83463046 51.64864055
v 68.18179663 1.79771831 51.83992649
v 68.30912129 1.77613718 51.86379272
v 68.43811295 1.75797473 51.88072391
v 68.27392707 1.69180725 52.07100388
v 68.41476547 1.66893223 52.0729008
v 68.55714822 1.65927972 52.07120778
v 68.41570745 1.56766471 52.23281103
v 68.56978654 1.55498248 52.22972891
v 68.71573543 1.54892329 52.21096513
v 68.57715276 1.40552281 52.31872672
v 68.74126046 1.39516178 52.29749119
v 68.89090542 1.40211741 52.2629208
v 68.75613944 1.24190398 52.34285462
v 68.91673445 1.2322752 52.29556413
v 69.05382644 1.23180104 52.24148254
v 68.90629382 1.08599585 52.31068392
v 69.05229391 1.07102995 52.25971224
v 69.18693583 1.06746649 52.21107744
v 69.04359562 0.94993294 52.2855712
v 69.19177802 0.94368675 52.24362462
v 69.33125019 0.94788103 52.20704635
v 69.17311962 0.84078683 52.20984021
v 69.32506914 0.83926808 52.18225725
v 69.47677636 0.85519865 52.15514203
v 69.31035711 0.75396477 52.12108806
v 69.47288246 0.76564213 52.10186192
v 69.30013214 0.68497723 52.04051442
v 69.46849893 0.69722571 52.02306784
v 69.63111479 0.72057626 51.99721595
v 69.47036291 0.65007085 51.92712049
v 69.63544183 0.67293635 51.9022509
v 69.79316309 0.69056376 51.85913192
v 69.6413045 0.64811365 51.79485906
v 69.7791233 0.68879371 51.74328442
v 69.88631292 0.72506077 51.66072268
v 69.82152041 0.7184732 51.54727294
v 69.88371976 0.75963562 51.46041013
v 69.96659805 0.77183806 51.57312407
v 69.93328964 0.8282894 51.39250937
v 70.02361232 0.84422388 51.50384036
v 69.97155637 0.90266349 51.33734268
v 70.05811131 0.92690984 51.45304782
v 70.11853257 0.96325423 51.57377367
v 70.04568948 1.02551849 51.43109694
v 70.10379566 1.06396718 51.54608
v 70.1282891 1.10957711 51.66194787
v 70.06566472 1.16515692 51.53049254
v 70.09052337 1.20637974 51.63864636
v 70.08771478 1.24482228 51.74756874
v 70.05372588 1.31050796 51.61529552
v 70.05758412 1.33937582 51.70860139
v 70.0131167 1.43206504 51.58857717
v 70.01783484 1.46103928 51.67670625
v 69.9031403 1.53237905 51.57885701
v 69.89680794 1.55967348 51.67404179
v 69.78654883 1.62396261 51.56581236
v 69.76756927 1.64137663 51.68119396
v 69.75872097 1.63397629 51.79486192
v 69.63134891 1.70349498 51.68476479
v 69.61670107 1.68763361 51.81208641
v 69.7635033 1.59892549 51.90402979
v 69.48871529 1.74927019 51.68114884
v 69.65944289 1.68507361 51.55446797
v 69.52806872 1.72922227 51.54138998
v 69.38944139 1.7657251 51.52190378
v 69.55829413 1.67347505 51.41063223
v 69.43350005 1.69884131 51.39037276
v 69.31082029 1.71948277 51.35428439
v 69.45659734 1.58993472 51.28259745
v 69.35312966 1.61629959 51.23551103
v 69.24881089 1.64580028 51.18121241
v 69.37512967 1.47925441 51.13112621
v 69.27316124 1.50398954 51.08024376
v 69.16680731 1.53625821 51.02865792
v 69.28646235 1.32948023 50.99657824
v 69.17495448 1.35232644 50.95755449
v 69.07042996 1.3998586 50.89881571
v 69.19531218 1.19958692 50.83286933
v 69.07434522 1.23833548 50.79471852
v 68.95494837 1.28995942 50.75135312
v 69.04124147 1.07912915 50.73184554
v 68.9108645 1.11574511 50.68998849
v 68.79213241 1.14973262 50.64384573
v 68.87488163 0.94911392 50.7063285
v 68.75013289 0.96154964 50.66217115
v 68.62980934 0.97282335 50.608038
v 68.75132318 0.79693857 50.67393206
v 68.62486368 0.80535828 50.62589708
v 68.4948933 0.81544036 50.5659734
v 68.5910696 0.68673397 50.70893723
v 68.45681868 0.69501267 50.64619188
v 68.3148602 0.7222875 50.600692
v 68.40735737 0.61574453 50.77508613
v 68.27425599 0.63642636 50.73497088
v 68.14472696 0.66362837 50.71334286
v 68.2309209 0.58906044 50.91064587
v 68.10596243 0.60642519 50.88679605
v 67.98148122 0.62388759 50.86708031
v 68.0620365 0.56030583 51.07066487
v 67.93885633 0.57223053 51.04811508
v 67.81507784 0.57760306 51.02344577
v 67.89198686 0.52252427 51.22797605
v 67.76573308 0.52881319 51.20065457
v 67.63725185 0.52399663 51.16600505
v 67.71457938 0.47744708 51.36528572
v 67.58127452 0.47979314 51.32159518
v 67.43950913 0.48204862 51.27114352
v 67.51370874 0.49529111 51.4679228
v 67.37920169 0.50897694 51.41237761
v 67.24852854 0.54422613 51.37060858
v 67.32619956 0.58593648 51.55274414
v 67.19738124 0.60758327 51.50850865
v 67.05634289 0.62120722 51.46644194
v 67.15259568 0.67007817 51.63295939
v 67.01043662 0.68370616 51.5809399
v 66.86003692 0.72031187 51.52218783
v 66.90723498 0.64301911 51.41724476
v 66.73781152 0.80234802 51.44747113
v 66.78587587 0.71212877 51.34527814
v 66.63762431 0.8788372 51.37520995
v 66.68582386 0.78465022 51.26953192
v 66.55239744 0.94020356 51.30120195
v 66.59646387 0.84070601 51.19271861
v 66.48108378 0.98909067 51.21824907
v 66.52854652 0.89798556 51.11038157
v 66.60850728 0.85429923 50.99803351
v 66.4793773 0.95676533 51.02554474
v 66.56007402 0.92095566 50.91998546
v 66.65817068 0.88042991 50.80302937
v 66.50751859 0.9801844 50.84412591
v 66.6249074 0.95752365 50.73630109
v 66.75002145 0.91153984 50.60912612
v 66.5902461 1.03856744 50.67601731
v 66.74714644 1.02035908 50.57064294
v 66.91171158 1.01143745 50.48745133
v 66.75427193 1.14043607 50.57078408
v 66.91644529 1.14660188 50.50308908
v 67.06836828 1.16635599 50.46392888
v 66.91377283 1.28954135 50.54722562
v 67.0517715 1.32661778 50.49656229
v 67.19088009 1.3651013 50.45379938
v 67.04135611 1.47658661 50.57612793
v 67.19561835 1.50919522 50.5501053
v 67.35201171 1.54214103 50.5139371
v 67.18671448 1.64596239 50.65169784
v 67.34979017 1.68019646 50.62508492
v 67.51643996 1.69516971 50.61549607
v 67.35552033 1.78003486 50.77518977
v 67.52021747 1.78110283 50.7801278
v 67.67027065 1.77959263 50.80360438
v 67.50604327 1.81118924 50.97374751
v 67.65010986 1.81714385 51.00151392
v 67.78864286 1.83742482 51.03485272
v 67.61842038 1.82936388 51.21011409
v 67.75295547 1.8524494 51.24703365
v 67.88720769 1.87234197 51.28540402
v 67.70701375 1.8505348 51.46094876
v 67.84069425 1.86206554 51.50301742
v 67.97275111 1.86957594 51.54589857
v 67.78867266 1.83364858 51.71303843
v 67.92342479 1.84096951 51.76681845
v 68.05403083 1.82676513 51.80963537
v 67.87134797 1.7623618 51.95736446
v 68.00556912 1.73911632 52.01289441
v 68.1377515 1.71305331 52.0508409
v 67.93720835 1.63356278 52.17203483
v 68.09076105 1.61243804 52.21922261
v 68.2525203 1.58709156 52.23168426
v 68.04586613 1.48058494 52.31470406
v 68.22672069 1.45730317 52.32656495
v 68.40355359 1.43115448 52.3237066
v 68.19436495 1.30972004 52.35863714
v 68.37968028 1.28848214 52.36744352
v 68.56894815 1.26340393 52.36824196
v 68.35923712 1.15635096 52.3639568
v 68.55043546 1.13845376 52.37222202
v 68.74136233 1.11166749 52.35712378
v 68.53347881 1.02619435 52.37081743
v 68.71087956 0.99964134 52.36611925
v 68.88361917 0.96790969 52.33612868
v 68.69211709 0.89493695 52.31695322
v 68.85896896 0.86657983 52.29892221
v 69.02038827 0.8461975 52.25709821
v 68.83629532 0.78479254 52.21048021
v 68.9913751 0.76522051 52.18016383
v 69.14770742 0.7553737 52.14669092
v 68.97991227 0.67371643 52.09107089
v 69.13703641 0.67301574 52.06887797
v 68.98858848 0.59896278 51.9591942
v 69.14265412 0.60112901 51.9560646
v 69.30490967 0.61786816 51.94687382
v 69.16857089 0.54101899 51.8302592
v 69.32859064 0.57498238 51.82829257
v 69.48627266 0.6145462 51.81716732
v 69.36064784 0.56324079 51.69871606
v 69.21704746 0.51650585 51.68910652
v 69.25960456 0.53344537 51.5442953
v 69.3931454 0.5754322 51.56413685
v 69.30500293 0.5596474 51.39947321
v 69.43641463 0.59862039 51.42829938
v 69.35691249 0.60105122 51.25887635
v 69.49164094 0.64200734 51.29975956
v 69.61920629 0.66881796 51.35982277
v 69.73412461 0.69045583 51.4430096
v 69.54613328 0.68903685 51.19555944
v 69.67701298 0.71397379 51.26640249
v 69.79008388 0.73432047 51.35509259
v 69.72340695 0.77625573 51.19026319
v 69.83445027 0.80580506 51.28590342
v 69.76429849 0.84410076 51.12490052
v 69.87113107 0.88121926 51.2295688
v 69.77423089 0.92949916 51.08684493
v 69.87910821 0.97095619 51.19905795
v 69.96321176 0.99683524 51.31904522
v 69.85814679 1.06030275 51.19240088
v 69.93666204 1.09040937 51.31559141
v 70.01573537 1.1235083 51.42310499
v 69.91745753 1.19372686 51.29786979
v 69.97681517 1.23064011 51.41159601
v 70.026241 1.27212791 51.51507227
v 69.94111532 1.34052239 51.3993844
v 69.98793343 1.38829417 51.4961184
v 69.90034198 1.48901689 51.48567043
v 69.79782836 1.57904222 51.46083755
v 69.68241299 1.63946709 51.43144287
v 69.57225142 1.57383136 51.3084197
v 69.59153144 1.46841661 51.21121998
v 69.4793053 1.46559697 51.17648577
v 69.62911932 1.34971226 51.14366539
v 69.5132419 1.33152008 51.08552537
v 69.40091021 1.32738751 51.03418384
v 69.56808812 1.20723069 51.01457119
v 69.44199622 1.18773302 50.94587481
v 69.31710735 1.18554269 50.88847366
v 69.45997685 1.04261026 50.92267901
v 69.32338459 1.03180888 50.85290443
v 69.18521421 1.04823051 50.78172304
v 69.31948612 0.90114778 50.82604001
v 69.16755742 0.91216737 50.76427528
v 69.018394 0.93097788 50.72454292
v 69.15182261 0.79158124 50.79370069
v 69.00707016 0.79637784 50.7506789
v 68.87696955 0.79486949 50.71535079
v 68.99335795 0.67908938 50.83237544
v 68.85741081 0.67968341 50.80529529
v 68.72297626 0.68372729 50.76526335
v 68.82590949 0.57369616 50.91078545
v 68.68624292 0.58550628 50.87295561
v 68.5458487 0.60146114 50.82606662
v 68.62977933 0.5345628 51.01278692
v 68.48852563 0.54602261 50.97410585
v 68.35716661 0.56704355 50.9387742
v 68.44426438 0.51330781 51.13900964
v 68.31191043 0.52862966 51.11565307
v 68.18559468 0.54489222 51.09273875
v 68.26944559 0.48347459 51.28954884
v 68.14188276 0.49947053 51.27301654
v 68.01694727 0.51369844 51.25240508
v 68.09638362 0.46961248 51.45436578
v 67.96863643 0.47386194 51.43210273
v 67.84247264 0.47608619 51.40248924
v 67.91460687 0.47723232 51.61449683
v 67.78048228 0.48037665 51.57859435
v 67.6483436 0.48470778 51.52663118
v 67.71946522 0.51098473 51.73056953
v 67.57754332 0.5320497 51.67236047
v 67.4506561 0.56259549 51.60744341
v 67.53994706 0.58887312 51.79491277
v 67.4085467 0.62445148 51.73793226
v 67.28179216 0.65086988 51.68391744
v 67.38618759 0.67699875 51.84137469
v 67.25706704 0.70417129 51.78354641
v 67.12452224 0.72992616 51.72389445
v 67.23982639 0.7611856 51.86567887
v 67.10807918 0.78795981 51.79677922
v 66.96470967 0.81555991 51.73422615
v 66.97969342 0.75014639 51.66615044
v 66.81913663 0.87213147 51.66539502
v 66.82506008 0.79569975 51.6059218
v 66.68940538 0.98764176 51.61023078
v 66.69621129 0.89207814 51.53831072
v 66.57220111 1.10933488 51.55009399
v 66.58820134 0.98875758 51.4767919
v 66.48353129 1.20828011 51.45023283
v 66.49877148 1.05724392 51.39894637
v 66.42952868 1.27949237 51.33345422
v 66.42045407 1.10506414 51.30593212
v 66.40018248 1.320385 51.21856292
v 66.36284081 1.14944539 51.20121585
v 66.42674964 1.03280785 51.12683052
v 66.38557034 1.33742695 51.10025268
v 66.52254713 1.4853328 51.09381686
v 66.50797843 1.47368018 50.97414117
v 66.38892472 1.3299034 50.9819261
v 66.52498235 1.48752409 51.21320109
v 66.67460684 1.61776029 51.23290651
v 66.68689641 1.61098954 51.09801547
v 66.51524956 1.45847296 51.33725201
v 66.63919559 1.57445648 51.37191315
v 66.77731683 1.66296563 51.40819836
v 66.83338777 1.71112492 51.25201336
v 66.52624769 1.36712359 51.46755608
v 66.61599561 1.47823535 51.51114761
v 66.73942743 1.55857547 51.54852557
v 66.86927822 1.63245666 51.5876458
v 66.92097157 1.7290041 51.44381881
v 66.65535511 1.33807721 51.62285997
v 66.75392322 1.41568014 51.65682361
v 66.86333372 1.48980479 51.68949429
v 66.98617318 1.55160189 51.73240601
v 67.01405804 1.67732422 51.62129012
v 67.16377986 1.69818132 51.65911158
v 67.22782642 1.77516986 51.51383151
v 67.07612181 1.76013703 51.47645726
v 67.12083363 1.58987581 51.7730172
v 67.25367377 1.62718911 51.82774148
v 67.30387497 1.73218067 51.70963
v 67.12421343 1.43158987 51.81696443
v 67.23866325 1.47009436 51.87567028
v 67.35601148 1.50006903 51.94839408
v 67.39012337 1.65736733 51.88922519
v 67.16951221 1.23832869 51.80799404
v 67.26810676 1.28132849 51.85391143
v 67.36433513 1.31149134 51.92620368
v 67.46353044 1.32942087 52.01079292
v 67.47447671 1.51704192 52.02844795
v 67.27629234 1.08689981 51.88411583
v 67.37489043 1.11829122 51.94232565
v 67.4687612 1.14630843 52.02057335
v 67.57027505 1.16531296 52.11226299
v 67.57289144 1.33462714 52.10659277
v 67.37176757 0.95730964 51.9772178
v 67.47767585 0.97906521 52.04717452
v 67.58799103 1.00124281 52.12300114
v 67.71636365 1.01470019 52.19807917
v 67.69604307 1.17413216 52.19835211
v 67.50991574 0.83987445 52.02557781
v 67.63626601 0.84898626 52.09213385
v 67.75598943 0.86424303 52.17058663
v 67.88639023 0.86818336 52.25219275
v 67.85658302 1.02131032 52.27463066
v 67.65537075 0.72189897 52.0431271
v 67.79126539 0.72654501 52.10935093
v 67.93298229 0.7366214 52.17142261
v 68.08262093 0.74728956 52.21994645
v 68.04315949 0.88183677 52.29546108
v 67.80854882 0.61327344 52.03050583
v 67.95750225 0.61552033 52.08614944
v 68.11131004 0.62408325 52.12068766
v 68.2649817 0.64012498 52.12912951
v 68.2376603 0.77451291 52.22494132
v 67.97818392 0.53426511 51.96435693
v 68.12652884 0.5369837 51.99019788
v 68.27380332 0.54454192 51.99154943
v 68.42103856 0.55288771 51.98184207
v 68.4106678 0.65507194 52.1230562
v 68.14640828 0.49828668 51.82400421
v 68.28767629 0.50362672 51.82562803
v 68.43354782 0.50084018 51.82238292
v 68.5809743 0.50278071 51.81806914
v 68.5641734 0.56645845 51.97594067
v 68.32145565 0.45867101 51.65653931
v 68.46511956 0.45240642 51.65754165
v 68.61374424 0.45473093 51.65534746
v 68.76388316 0.46090013 51.65472859
v 68.72635733 0.50988995 51.81476662
v 68.50501167 0.44477261 51.48428841
v 68.65456746 0.44091293 51.48829095
v 68.81038324 0.44289488 51.49412357
v 68.9686111 0.45412882 51.50392934
v 68.91529676 0.46789589 51.65829664
v 68.6977354 0.44782501 51.32835176
v 68.85784383 0.45252142 51.34066617
v 69.01763694 0.47780513 51.35642377
v 69.16529907 0.52121389 51.37637191
v 69.11943336 0.49003796 51.52341588
v 68.90350975 0.48914826 51.19826482
v 69.06541362 0.51253876 51.21273831
v 69.21624954 0.55207319 51.23055632
v 69.10497136 0.55814642 51.07715373
v 69.25691286 0.59753798 51.09805024
v 69.40607627 0.64351034 51.13649209
v 69.28875423 0.63569233 50.98242382
v 69.44876189 0.6810555 51.03738727
v 69.59408195 0.73534579 51.10993403
v 69.47446753 0.74108555 50.96139509
v 69.62915342 0.79999876 51.04145397
v 69.48209926 0.82600337 50.91772337
v 69.63697245 0.87981344 50.99834096
v 69.4752453 0.92520579 50.90505142
v 69.6217848 0.97296298 50.98723633
v 69.75699427 1.02267635 51.0761966
v 69.602905 1.07925133 50.99224475
v 69.73911206 1.12588336 51.06852178
v 69.84567764 1.16296252 51.17418239
v 69.68606729 1.24130882 51.09590859
v 69.79605065 1.27094411 51.18298641
v 69.88077386 1.30046859 51.29122417
v 69.31613031 0.79274888 50.84253994
v 69.30610645 0.69785451 50.89158423
v 69.13891935 0.68600819 50.85520419
v 69.12374732 0.61329533 50.95867195
v 68.97024366 0.59138781 50.94190734
v 68.9458241 0.5254173 51.06197896
v 68.78329378 0.52220124 51.04281545
v 68.74075029 0.48376134 51.18066813
v 68.58672656 0.49703784 51.16136984
v 68.54493585 0.45343831 51.31622939
v 68.40326222 0.46803867 51.30360677
v 68.36273083 0.45018748 51.47862846
v 68.22731135 0.45651134 51.46930516
v 68.18306273 0.46911905 51.65046153
v 68.04881034 0.47618662 51.63667788
v 68.00657929 0.49027983 51.8102033
v 67.86458491 0.49292922 51.77935032
v 67.8307771 0.54145854 51.9151414
v 67.682867 0.56116076 51.8544893
v 67.66186517 0.62084084 51.96694689
v 67.52134458 0.64780317 51.90021928
v 67.51702827 0.72597392 51.98188063
v 67.37529268 0.74090362 51.92803359
v 67.37660449 0.83787983 51.96652831
v 67.24027561 0.8448265 51.90842625
v 67.25544558 0.94834995 51.91563272
v 67.1367655 0.94725513 51.85468293
v 67.110082 0.86046531 51.84479709
v 67.01776803 0.96294113 51.79326522
v 66.97839187 0.88925006 51.77420897
v 66.89066614 1.0238091 51.73021611
v 66.84552008 0.95290704 51.70669707
v 66.75101571 1.16968987 51.69659469
v 66.71108004 1.08250262 51.65975175
v 66.58744853 1.23943019 51.59286982
v 67.17320839 1.05742829 51.84419835
v 69.06652536 0.48741947 51.67172637
v 69.01534681 0.52556152 51.82042438
v 68.87024238 0.51779831 51.81463411
v 68.84400657 0.59447498 51.96162504
v 68.70332072 0.58292045 51.96884381
v 68.8316298 0.68769506 52.10046305
v 68.68964066 0.68594833 52.11073851
v 68.54985844 0.67180276 52.12004295
v 68.68617814 0.79308311 52.2314354
v 68.53729033 0.80080961 52.22732164
v 68.38871069 0.79722245 52.21969305
v 68.53070495 0.91234362 52.31629875
v 68.36985632 0.91017692 52.31908267
v 68.20762428 0.89568634 52.31814111
v 68.35763974 1.03238485 52.37152966
v 68.18369616 1.02869338 52.36541999
v 68.01302008 1.02507377 52.33465674
v 68.17640575 1.16655846 52.36272732
v 68.00155168 1.17359543 52.34071641
v 67.84097822 1.17626517 52.27832684
v 68.01187757 1.32587063 52.3439893
v 67.84111376 1.33475407 52.29252427
v 67.69372083 1.33636489 52.20775842
v 67.87665239 1.49569173 52.26306392
v 67.73251719 1.50498233 52.18255208
v 67.59754803 1.51456554 52.10759528
v 67.79838474 1.64930165 52.09811926
v 67.66558678 1.66469426 52.02421902
v 67.52883123 1.66896496 51.95406901
v 67.7334281 1.77247349 51.89147116
v 67.58925368 1.78012591 51.83123157
v 67.44330954 1.76304151 51.76881455
v 67.6496113 1.83258739 51.66369552
v 67.5112087 1.81732565 51.61124365
v 67.37235351 1.79233833 51.55759554
v 67.5726052 1.83647367 51.41907458
v 67.43445281 1.82529394 51.37787222
v 67.29082232 1.81299036 51.3412064
v 67.48032154 1.81832265 51.17644712
v 67.33570184 1.81512309 51.14953901
v 67.18485089 1.7972586 51.12794997
v 67.14293731 1.79505048 51.30898587
v 67.0267406 1.76088224 51.11164952
v 66.98900947 1.76679915 51.27842451
v 66.85634057 1.70271346 51.10321239
v 67.02065921 1.75475556 50.94969286
v 66.85194546 1.68284905 50.95870167
v 66.67570111 1.59174917 50.96627474
v 66.8593848 1.62547389 50.8302803
v 66.69041866 1.53933287 50.85125452
v 66.5189614 1.42958946 50.86845809
v 66.40953137 1.29484546 50.87775381
v 66.45481617 1.15957348 50.77045837
v 66.58353178 1.13982361 50.66132796
v 66.46226326 1.05729072 50.782545
v 66.86534143 1.55003773 50.70413562
v 67.02412186 1.60713269 50.67158756
v 66.89518366 1.43141524 50.61263533
v 67.02407151 1.68997643 50.80823231
v 67.19003265 1.74844023 50.78827159
v 67.19014008 1.7985226 50.94872638
v 67.35371854 1.81167438 50.95657231
vt 0.011 0.32599
vt 0.01279 0.3272
vt 0.01136 0.33092
vt 0.00897 0.32877
vt 0.01096 0.3226
vt 0.01391 0.32231
vt 0.00871 0.32352
vt 0.01078 0.3633
vt 0.01246 0.36108
vt 0.01315 0.36725
vt 0.01069 0.36728
vt 0.00852 0.36717
vt 0.00886 0.36032
vt 0.01074 0.35735
vt 0.19507 0.26974
vt 0.18856 0.2665
vt 0.19307 0.26067
vt 0.20095 0.26754
vt 0.19601 0.27571
vt 0.18608 0.27338
vt 0.20552 0.27556
vt 0.37911 0.31963
vt 0.37961 0.32147
vt 0.37701 0.32287
vt 0.37673 0.31959
vt 0.38021 0.31743
vt 0.38242 0.31908
vt 0.378 0.31684
vt 0.11537 0.64479
vt 0.11144 0.64801
vt 0.10304 0.64322
vt 0.11008 0.63961
vt 0.12314 0.64621
vt 0.12283 0.652
vt 0.1216 0.63988
vt 0.00333 0.35871
vt 0.00507 0.35272
vt 0.00659 0.35415
vt 0.00451 0.35971
vt 0.00296 0.3288
vt 0.00481 0.33396
vt 0.00572 0.33742
vt 0.00482 0.3351
vt 0.0049 0.32571
vt 0.0061 0.33203
vt 0.00295 0.31985
vt 0.00459 0.31924
vt 0.00371 0.36752
vt 0.00321 0.36768
vt 0.36498 0.3109
vt 0.36506 0.30883
vt 0.36653 0.31
vt 0.36634 0.31262
vt 0.36479 0.31411
vt 0.3636 0.31143
vt 0.36253 0.30771
vt 0.07146 0.15957
vt 0.07776 0.14948
vt 0.08532 0.153
vt 0.07668 0.16436
vt 0.07283 0.18021
vt 0.06732 0.17782
vt 0.06401 0.17712
vt 0.06567 0.15937
vt 0.06515 0.14625
vt 0.0683 0.14659
vt 0.0761 0.14348
vt 0.07914 0.13633
vt 0.08599 0.13907
vt 0.0742 0.13455
vt 0.0746 0.36942
vt 0.07381 0.36489
vt 0.08165 0.36588
vt 0.08032 0.37091
vt 0.07485 0.37608
vt 0.06958 0.37202
vt 0.06603 0.36726
vt 0.05867 0.39348
vt 0.04591 0.39661
vt 0.04331 0.38621
vt 0.05164 0.38269
vt 0.06191 0.37687
vt 0.0674 0.38267
vt 0.06844 0.39699
vt 0.06434 0.40921
vt 0.05547 0.40927
vt 0.04831 0.41054
vt 0.0764 0.38698
vt 0.3508 0.43292
vt 0.35468 0.42021
vt 0.36189 0.42996
vt 0.36181 0.44412
vt 0.36317 0.46124
vt 0.3584 0.45815
vt 0.35168 0.45455
vt 0.34584 0.4372
vt 0.15108 0.65715
vt 0.15263 0.64774
vt 0.16677 0.64575
vt 0.16867 0.6534
vt 0.17131 0.65961
vt 0.15929 0.66418
vt 0.14278 0.66533
vt 0.13399 0.66124
vt 0.13697 0.65488
vt 0.14716 0.67036
vt 0.13663 0.64821
vt 0.34166 0.59538
vt 0.34412 0.59759
vt 0.33591 0.60343
vt 0.33333 0.59828
vt 0.33384 0.59077
vt 0.3433 0.58914
vt 0.35159 0.58946
vt 0.13593 0.66805
vt 0.13457 0.67334
vt 0.12522 0.67115
vt 0.1283 0.66652
vt 0.35997 0.53806
vt 0.36705 0.53948
vt 0.36458 0.55052
vt 0.35608 0.55017
vt 0.35846 0.52546
vt 0.36482 0.52688
vt 0.35133 0.53801
vt 0.00598 0.34999
vt 0.00771 0.34363
vt 0.00808 0.3464
vt 0.00785 0.3398
vt 0.31011 0.48653
vt 0.30452 0.49118
vt 0.29845 0.48651
vt 0.30721 0.47971
vt 0.31726 0.48664
vt 0.31321 0.49588
vt 0.31869 0.47755
vt 0.27627 0.45909
vt 0.27806 0.46366
vt 0.26968 0.46877
vt 0.26838 0.46245
vt 0.27988 0.45327
vt 0.28749 0.4549
vt 0.27149 0.45364
vt 0.23767 0.19476
vt 0.22367 0.20402
vt 0.21536 0.19335
vt 0.22612 0.18173
vt 0.24267 0.17396
vt 0.25468 0.17827
vt 0.25065 0.19164
vt 0.25408 0.21066
vt 0.24308 0.21339
vt 0.23202 0.16907
vt 0.35725 0.17032
vt 0.35724 0.17654
vt 0.34844 0.17399
vt 0.35237 0.16576
vt 0.35617 0.15987
vt 0.36606 0.16602
vt 0.36377 0.17805
vt 0.09474 0.04479
vt 0.10055 0.04384
vt 0.09977 0.04975
vt 0.09166 0.04882
vt 0.08628 0.04654
vt 0.09144 0.04168
vt 0.10019 0.0392
vt 0.11073 0.03822
vt 0.10988 0.04325
vt 0.08985 0.03827
vt 0.10039 0.03544
vt 0.11202 0.03361
vt 0.12385 0.03262
vt 0.12233 0.03799
vt 0.10095 0.03172
vt 0.11264 0.02945
vt 0.12414 0.02758
vt 0.13431 0.02347
vt 0.13493 0.03108
vt 0.11261 0.0257
vt 0.12329 0.0226
vt 0.13368 0.01823
vt 0.14605 0.01678
vt 0.14539 0.02162
vt 0.12225 0.01861
vt 0.13342 0.01448
vt 0.14657 0.01347
vt 0.16021 0.01609
vt 0.15934 0.01904
vt 0.13329 0.01125
vt 0.14699 0.01035
vt 0.16105 0.01328
vt 0.1745 0.01754
vt 0.17354 0.0202
vt 0.14728 0.00757
vt 0.16175 0.01065
vt 0.17535 0.01504
vt 0.18806 0.01977
vt 0.1872 0.02221
vt 0.16241 0.00815
vt 0.17615 0.01263
vt 0.18889 0.01737
vt 0.20126 0.02214
vt 0.2004 0.0246
vt 0.17693 0.01025
vt 0.18969 0.015
vt 0.2021 0.01971
vt 0.21434 0.02506
vt 0.21335 0.02748
vt 0.1918 0.67739
vt 0.17955 0.68172
vt 0.17878 0.67945
vt 0.19107 0.67518
vt 0.20347 0.67076
vt 0.20404 0.67315
vt 0.21542 0.02291
vt 0.22713 0.02856
vt 0.2261 0.03085
vt 0.19024 0.67282
vt 0.20252 0.66842
vt 0.21428 0.66322
vt 0.21526 0.66546
vt 0.2256 0.65847
vt 0.22647 0.66061
vt 0.20155 0.66597
vt 0.21328 0.66083
vt 0.22465 0.65609
vt 0.23596 0.65194
vt 0.23683 0.65429
vt 0.21233 0.6584
vt 0.22372 0.65368
vt 0.23506 0.64953
vt 0.24663 0.64579
vt 0.24747 0.6483
vt 0.22278 0.65119
vt 0.23416 0.64702
vt 0.24574 0.64309
vt 0.25768 0.63927
vt 0.25857 0.64231
vt 0.2332 0.64433
vt 0.24478 0.64016
vt 0.2567 0.636
vt 0.26901 0.63218
vt 0.26997 0.63564
vt 0.24378 0.63704
vt 0.2557 0.63249
vt 0.26807 0.62848
vt 0.28058 0.62445
vt 0.28149 0.62833
vt 0.25479 0.62858
vt 0.2674 0.6245
vt 0.27992 0.62007
vt 0.29225 0.61555
vt 0.29305 0.62029
vt 0.26629 0.61831
vt 0.2785 0.61279
vt 0.29038 0.60765
vt 0.30203 0.60315
vt 0.3038 0.61052
vt 0.27624 0.60512
vt 0.28861 0.60005
vt 0.30105 0.59502
vt 0.3132 0.58978
vt 0.31326 0.59856
vt 0.28729 0.59203
vt 0.30055 0.58604
vt 0.3141 0.57989
vt 0.32789 0.57419
vt 0.32565 0.58487
vt 0.29962 0.57673
vt 0.31365 0.56998
vt 0.32818 0.56295
vt 0.34297 0.55593
vt 0.34166 0.56941
vt 0.31085 0.56044
vt 0.32427 0.553
vt 0.33761 0.54517
vt 0.31837 0.54407
vt 0.33067 0.53659
vt 0.34232 0.52904
vt 0.34889 0.51617
vt 0.32128 0.52711
vt 0.32885 0.51761
vt 0.3339 0.50783
vt 0.33771 0.49666
vt 0.34963 0.50227
vt 0.31561 0.51118
vt 0.32245 0.50133
vt 0.32759 0.49074
vt 0.32965 0.47915
vt 0.34032 0.48299
vt 0.3385 0.46815
vt 0.34787 0.47071
vt 0.34889 0.48793
vt 0.3279 0.46729
vt 0.3167 0.4695
vt 0.31363 0.46259
vt 0.32417 0.45784
vt 0.33377 0.4541
vt 0.31976 0.44999
vt 0.32934 0.44503
vt 0.33855 0.44118
vt 0.34248 0.4516
vt 0.35516 0.47419
vt 0.36047 0.47697
vt 0.36243 0.49338
vt 0.35639 0.49125
vt 0.36594 0.51019
vt 0.35929 0.50706
vt 0.36686 0.49484
vt 0.36899 0.51107
vt 0.36877 0.52759
vt 0.37194 0.51191
vt 0.37209 0.52781
vt 0.37249 0.53991
vt 0.37 0.53974
vt 0.37134 0.5513
vt 0.36811 0.55082
vt 0.36964 0.5656
vt 0.36577 0.56536
vt 0.3603 0.56545
vt 0.36222 0.57861
vt 0.35576 0.5785
vt 0.34784 0.57926
vt 0.35287 0.56622
vt 0.33739 0.58139
vt 0.32394 0.59428
vt 0.32473 0.60188
vt 0.31463 0.60598
vt 0.32674 0.60732
vt 0.31645 0.6114
vt 0.3051 0.61576
vt 0.31785 0.61567
vt 0.3061 0.62011
vt 0.29393 0.62436
vt 0.3071 0.62409
vt 0.29486 0.62821
vt 0.28244 0.63198
vt 0.29579 0.63181
vt 0.28336 0.63544
vt 0.27087 0.63892
vt 0.28423 0.63871
vt 0.27172 0.64202
vt 0.2594 0.64512
vt 0.27251 0.64492
vt 0.26016 0.64773
vt 0.24828 0.65072
vt 0.2608 0.6501
vt 0.24899 0.65296
vt 0.2376 0.6564
vt 0.25011 0.03884
vt 0.26197 0.04328
vt 0.26116 0.04543
vt 0.24923 0.04107
vt 0.23765 0.03614
vt 0.2386 0.03387
vt 0.24827 0.04342
vt 0.23665 0.0385
vt 0.22507 0.03321
vt 0.23565 0.0409
vt 0.22406 0.03562
vt 0.21238 0.02996
vt 0.22307 0.03811
vt 0.21143 0.03249
vt 0.1995 0.02716
vt 0.21048 0.03511
vt 0.19856 0.02983
vt 0.18629 0.02482
vt 0.19756 0.03264
vt 0.18527 0.02763
vt 0.17252 0.02307
vt 0.18392 0.03144
vt 0.1712 0.0272
vt 0.15819 0.02337
vt 0.16922 0.03339
vt 0.15674 0.03033
vt 0.1453 0.02963
vt 0.15566 0.04
vt 0.14482 0.03916
vt 0.13385 0.03855
vt 0.14298 0.04793
vt 0.1319 0.04576
vt 0.12061 0.04411
vt 0.1301 0.05375
vt 0.11944 0.0513
vt 0.10932 0.04982
vt 0.11816 0.05762
vt 0.10814 0.05607
vt 0.09819 0.05526
vt 0.10621 0.06309
vt 0.09705 0.06239
vt 0.08947 0.06237
vt 0.08996 0.05422
vt 0.08431 0.05312
vt 0.08339 0.06236
vt 0.07827 0.06212
vt 0.07972 0.05196
vt 0.08629 0.07239
vt 0.08022 0.07238
vt 0.07582 0.0724
vt 0.072 0.07245
vt 0.0741 0.06171
vt 0.07642 0.08335
vt 0.07258 0.08353
vt 0.06907 0.08372
vt 0.0658 0.08393
vt 0.06891 0.07246
vt 0.06889 0.09489
vt 0.06585 0.0951
vt 0.06282 0.09529
vt 0.05996 0.09545
vt 0.06281 0.08398
vt 0.06324 0.1065
vt 0.06059 0.10666
vt 0.05789 0.10686
vt 0.05519 0.10704
vt 0.05713 0.0956
vt 0.05817 0.11807
vt 0.05555 0.11794
vt 0.05293 0.1178
vt 0.05028 0.11753
vt 0.05248 0.10714
vt 0.05209 0.12954
vt 0.04959 0.12911
vt 0.04701 0.12868
vt 0.04586 0.12853
vt 0.04834 0.11743
vt 0.04668 0.14261
vt 0.04419 0.14224
vt 0.04391 0.14232
vt 0.04012 0.54035
vt 0.04262 0.53959
vt 0.04664 0.55266
vt 0.04411 0.55349
vt 0.04302 0.15763
vt 0.04272 0.15768
vt 0.03846 0.52552
vt 0.04072 0.52529
vt 0.04303 0.52486
vt 0.0451 0.53883
vt 0.03762 0.51091
vt 0.03991 0.51064
vt 0.04221 0.5104
vt 0.04452 0.51005
vt 0.04537 0.52438
vt 0.03845 0.49702
vt 0.04075 0.49672
vt 0.04306 0.49635
vt 0.04538 0.49598
vt 0.04684 0.50972
vt 0.03815 0.4837
vt 0.04049 0.48326
vt 0.04287 0.48288
vt 0.04526 0.48246
vt 0.04771 0.49564
vt 0.03754 0.47072
vt 0.03982 0.47019
vt 0.04212 0.46964
vt 0.04447 0.46911
vt 0.04765 0.48198
vt 0.03575 0.45773
vt 0.03803 0.45711
vt 0.04032 0.45649
vt 0.043 0.45573
vt 0.04682 0.4686
vt 0.0333 0.44439
vt 0.0356 0.44366
vt 0.03836 0.4428
vt 0.04211 0.44178
vt 0.04653 0.45484
vt 0.03051 0.4306
vt 0.03403 0.42951
vt 0.03782 0.42837
vt 0.02919 0.41604
vt 0.03316 0.41482
vt 0.0375 0.41355
vt 0.04208 0.42721
vt 0.04643 0.44073
vt 0.0511 0.43977
vt 0.05511 0.45313
vt 0.05059 0.454
vt 0.04698 0.42609
vt 0.05245 0.42495
vt 0.05626 0.43881
vt 0.04252 0.41212
vt 0.03339 0.40049
vt 0.03899 0.39859
vt 0.03015 0.38977
vt 0.03626 0.38832
vt 0.028 0.38044
vt 0.03361 0.37924
vt 0.04052 0.37743
vt 0.04886 0.37494
vt 0.03184 0.37165
vt 0.03854 0.37019
vt 0.04674 0.36838
vt 0.05555 0.36564
vt 0.05804 0.37115
vt 0.03734 0.36438
vt 0.0455 0.36284
vt 0.05434 0.36116
vt 0.06308 0.35943
vt 0.06395 0.36293
vt 0.04499 0.35931
vt 0.05374 0.35788
vt 0.0627 0.35685
vt 0.07185 0.3565
vt 0.07223 0.35879
vt 0.05345 0.35499
vt 0.06247 0.35422
vt 0.07154 0.35402
vt 0.0805 0.35437
vt 0.0807 0.35702
vt 0.06225 0.3516
vt 0.07131 0.35154
vt 0.0803 0.35182
vt 0.08954 0.35237
vt 0.08958 0.35497
vt 0.07116 0.34898
vt 0.08021 0.34923
vt 0.08955 0.34976
vt 0.09929 0.35023
vt 0.09922 0.35289
vt 0.08011 0.34682
vt 0.08952 0.34733
vt 0.0994 0.34779
vt 0.10932 0.34819
vt 0.10921 0.35075
vt 0.08957 0.34474
vt 0.09945 0.34518
vt 0.10944 0.34559
vt 0.11937 0.34595
vt 0.11925 0.34838
vt 0.09957 0.34282
vt 0.10957 0.34337
vt 0.11957 0.34426
vt 0.12964 0.34491
vt 0.12945 0.34642
vt 0.10979 0.34097
vt 0.11979 0.34177
vt 0.12983 0.34245
vt 0.13997 0.34308
vt 0.13986 0.34552
vt 0.11999 0.33926
vt 0.13001 0.33994
vt 0.14006 0.34062
vt 0.15032 0.34105
vt 0.15026 0.34341
vt 0.13016 0.33741
vt 0.14018 0.33806
vt 0.15037 0.33855
vt 0.16071 0.33906
vt 0.16069 0.3415
vt 0.14031 0.33543
vt 0.15043 0.33589
vt 0.16073 0.33642
vt 0.17117 0.33704
vt 0.17116 0.33954
vt 0.15054 0.33307
vt 0.16079 0.33364
vt 0.17118 0.33417
vt 0.1819 0.33467
vt 0.18185 0.33744
vt 0.1609 0.33073
vt 0.1713 0.33129
vt 0.18194 0.3317
vt 0.19273 0.33209
vt 0.19268 0.33493
vt 0.17147 0.32814
vt 0.18204 0.32873
vt 0.19279 0.32904
vt 0.20374 0.32949
vt 0.20362 0.33252
vt 0.18226 0.32481
vt 0.19295 0.32541
vt 0.20393 0.32573
vt 0.21506 0.32647
vt 0.21488 0.33041
vt 0.19325 0.32039
vt 0.20415 0.32113
vt 0.21535 0.32179
vt 0.2266 0.32319
vt 0.2264 0.32762
vt 0.20466 0.31478
vt 0.21571 0.31616
vt 0.22701 0.31746
vt 0.23849 0.31864
vt 0.23821 0.32437
vt 0.21633 0.30873
vt 0.22754 0.31021
vt 0.23907 0.3111
vt 0.25077 0.31175
vt 0.25045 0.31941
vt 0.22823 0.30162
vt 0.23945 0.30266
vt 0.25073 0.30292
vt 0.26128 0.30247
vt 0.2623 0.31194
vt 0.23939 0.29302
vt 0.2493 0.2925
vt 0.2583 0.29083
vt 0.26707 0.28883
vt 0.27113 0.30072
vt 0.24414 0.27941
vt 0.2523 0.2771
vt 0.26084 0.27496
vt 0.26978 0.27319
vt 0.27608 0.28676
vt 0.24516 0.26315
vt 0.25399 0.2609
vt 0.26364 0.25925
vt 0.27386 0.25828
vt 0.27925 0.27168
vt 0.24742 0.24734
vt 0.25756 0.24541
vt 0.26777 0.24368
vt 0.27782 0.24212
vt 0.28399 0.25674
vt 0.25046 0.23054
vt 0.26086 0.22811
vt 0.27142 0.22634
vt 0.28218 0.22538
vt 0.28808 0.24089
vt 0.26498 0.20891
vt 0.27695 0.20906
vt 0.28999 0.21097
vt 0.293 0.22511
vt 0.26416 0.19409
vt 0.27805 0.19685
vt 0.29153 0.19982
vt 0.3047 0.20342
vt 0.30331 0.21413
vt 0.28082 0.18529
vt 0.29382 0.18874
vt 0.30677 0.19274
vt 0.31925 0.197
vt 0.31744 0.20749
vt 0.29687 0.17788
vt 0.30947 0.18224
vt 0.32177 0.18672
vt 0.33352 0.19101
vt 0.33115 0.20128
vt 0.31279 0.17203
vt 0.32476 0.17661
vt 0.33616 0.18079
vt 0.34603 0.18408
vt 0.34442 0.19487
vt 0.32794 0.16669
vt 0.33892 0.17075
vt 0.33183 0.15779
vt 0.34224 0.16241
vt 0.33639 0.14976
vt 0.34584 0.1558
vt 0.34271 0.1422
vt 0.35096 0.14999
vt 0.36132 0.15594
vt 0.36965 0.16508
vt 0.35674 0.14551
vt 0.36488 0.15405
vt 0.37205 0.16474
vt 0.37185 0.17887
vt 0.36812 0.17861
vt 0.3681 0.15252
vt 0.37419 0.16444
vt 0.37454 0.17862
vt 0.37698 0.17829
vt 0.37654 0.19071
vt 0.37359 0.19091
vt 0.36975 0.19057
vt 0.3764 0.16423
vt 0.37143 0.15148
vt 0.37463 0.15078
vt 0.37863 0.16401
vt 0.37957 0.17777
vt 0.38191 0.17724
vt 0.38205 0.1899
vt 0.37931 0.19032
vt 0.38087 0.16379
vt 0.37751 0.15035
vt 0.38038 0.14992
vt 0.38333 0.16353
vt 0.38452 0.17674
vt 0.3872 0.17626
vt 0.38738 0.18905
vt 0.38473 0.18951
vt 0.38591 0.16325
vt 0.3832 0.14953
vt 0.38591 0.14918
vt 0.38858 0.1629
vt 0.38977 0.17578
vt 0.3915 0.17541
vt 0.39201 0.18835
vt 0.39006 0.18861
vt 0.39049 0.16264
vt 0.38812 0.14883
vt 0.39087 0.14797
vt 0.39324 0.16216
vt 0.39431 0.17504
vt 0.39703 0.17469
vt 0.39723 0.18779
vt 0.39463 0.18807
vt 0.39622 0.16173
vt 0.39355 0.14706
vt 0.39644 0.14606
vt 0.39898 0.16121
vt 0.39982 0.17431
vt 0.40245 0.17395
vt 0.40277 0.18749
vt 0.39991 0.1876
vt 0.40187 0.16091
vt 0.39958 0.145
vt 0.40284 0.1437
vt 0.40473 0.16066
vt 0.40496 0.17374
vt 0.39206 0.13098
vt 0.39509 0.12935
vt 0.39824 0.12751
vt 0.38969 0.11427
vt 0.3927 0.11282
vt 0.36598 0.57902
vt 0.36099 0.59156
vt 0.35759 0.59041
vt 0.35241 0.60313
vt 0.34907 0.60011
vt 0.3405 0.60927
vt 0.33839 0.60639
vt 0.33001 0.61457
vt 0.32844 0.61113
vt 0.31896 0.61959
vt 0.33142 0.61765
vt 0.32012 0.62305
vt 0.3081 0.62779
vt 0.32126 0.6264
vt 0.30911 0.63116
vt 0.29669 0.63517
vt 0.31008 0.63438
vt 0.29753 0.6383
vt 0.28505 0.6418
vt 0.29833 0.64125
vt 0.28573 0.64458
vt 0.27315 0.64755
vt 0.28714 0.05095
vt 0.30006 0.05512
vt 0.29909 0.05758
vt 0.28631 0.0533
vt 0.27358 0.04936
vt 0.27431 0.04723
vt 0.28523 0.05588
vt 0.27258 0.05178
vt 0.26019 0.04781
vt 0.27152 0.0543
vt 0.25918 0.05027
vt 0.24727 0.04584
vt 0.25815 0.05282
vt 0.24626 0.04835
vt 0.23466 0.04338
vt 0.24521 0.051
vt 0.23364 0.04596
vt 0.22206 0.04074
vt 0.23258 0.04866
vt 0.22097 0.04357
vt 0.20947 0.03791
vt 0.21948 0.04744
vt 0.20797 0.04194
vt 0.19621 0.03639
vt 0.20581 0.04756
vt 0.19407 0.04217
vt 0.18174 0.03758
vt 0.19084 0.05065
vt 0.17885 0.04622
vt 0.167 0.04255
vt 0.17606 0.05644
vt 0.16491 0.05295
vt 0.15394 0.05014
vt 0.16194 0.06283
vt 0.15153 0.05945
vt 0.14092 0.05648
vt 0.14834 0.06787
vt 0.13862 0.06359
vt 0.12832 0.06015
vt 0.13316 0.0725
vt 0.12463 0.06803
vt 0.11548 0.06493
vt 0.11602 0.07865
vt 0.10886 0.07509
vt 0.10124 0.07326
vt 0.10008 0.08734
vt 0.0937 0.08506
vt 0.08766 0.08404
vt 0.09364 0.07247
vt 0.08154 0.08344
vt 0.08229 0.09588
vt 0.07692 0.09509
vt 0.07274 0.09492
vt 0.07323 0.10641
vt 0.06917 0.10627
vt 0.06595 0.10631
vt 0.06589 0.11813
vt 0.06327 0.11811
vt 0.06073 0.11813
vt 0.05939 0.13073
vt 0.05708 0.13035
vt 0.0546 0.12996
vt 0.05381 0.14395
vt 0.05142 0.14352
vt 0.04905 0.14307
vt 0.04998 0.15822
vt 0.04763 0.15798
vt 0.04529 0.15772
vt 0.0461 0.17331
vt 0.04377 0.17305
vt 0.04145 0.17285
vt 0.04108 0.17288
vt 0.04155 0.18739
vt 0.03931 0.18693
vt 0.03877 0.18688
vt 0.0362 0.49737
vt 0.03603 0.2001
vt 0.03534 0.19988
vt 0.03344 0.48467
vt 0.03584 0.48424
vt 0.03089 0.47231
vt 0.03299 0.47181
vt 0.03526 0.47127
vt 0.02891 0.45976
vt 0.0312 0.459
vt 0.03348 0.45833
vt 0.02635 0.44677
vt 0.02867 0.44597
vt 0.03097 0.44516
vt 0.0236 0.43304
vt 0.02591 0.43223
vt 0.02822 0.43144
vt 0.0209 0.41888
vt 0.02327 0.41804
vt 0.02591 0.41714
vt 0.01885 0.40484
vt 0.02169 0.40396
vt 0.0248 0.40305
vt 0.01882 0.39214
vt 0.02154 0.3917
vt 0.02545 0.39084
vt 0.02876 0.40189
vt 0.01965 0.38212
vt 0.0234 0.38143
vt 0.01865 0.37431
vt 0.02219 0.37375
vt 0.02658 0.37271
vt 0.02158 0.36744
vt 0.02575 0.36676
vt 0.03062 0.3657
vt 0.02489 0.36172
vt 0.03004 0.36113
vt 0.0367 0.36023
vt 0.0294 0.35723
vt 0.0364 0.35677
vt 0.04461 0.35604
vt 0.03626 0.35344
vt 0.04446 0.3529
vt 0.05328 0.35209
vt 0.04432 0.34981
vt 0.05315 0.34929
vt 0.06207 0.34899
vt 0.05302 0.34652
vt 0.06196 0.34639
vt 0.07098 0.3466
vt 0.06188 0.34386
vt 0.07092 0.34407
vt 0.08003 0.34434
vt 0.07075 0.34162
vt 0.07995 0.34179
vt 0.08955 0.34229
vt 0.07988 0.33936
vt 0.08962 0.33983
vt 0.0997 0.34034
vt 0.08966 0.33714
vt 0.09982 0.33772
vt 0.11 0.33842
vt 0.09996 0.33506
vt 0.11012 0.33579
vt 0.12018 0.33671
vt 0.11024 0.33314
vt 0.12031 0.33403
vt 0.13031 0.33484
vt 0.12039 0.33132
vt 0.13042 0.33223
vt 0.14045 0.33259
vt 0.13053 0.32958
vt 0.1406 0.32966
vt 0.15067 0.32977
vt 0.14077 0.3262
vt 0.15086 0.32648
vt 0.16102 0.32735
vt 0.15109 0.3226
vt 0.16125 0.32335
vt 0.17162 0.32409
vt 0.16156 0.31805
vt 0.17194 0.31902
vt 0.18247 0.31973
vt 0.17228 0.31251
vt 0.18287 0.31303
vt 0.19369 0.31357
vt 0.18335 0.30557
vt 0.1942 0.30614
vt 0.20521 0.30718
vt 0.19478 0.29806
vt 0.20585 0.29912
vt 0.21704 0.30029
vt 0.20649 0.29106
vt 0.21767 0.29189
vt 0.2287 0.29254
vt 0.21721 0.28343
vt 0.22697 0.2828
vt 0.2361 0.28154
vt 0.22169 0.27157
vt 0.22912 0.26867
vt 0.23693 0.26575
vt 0.2213 0.25674
vt 0.22921 0.2531
vt 0.23789 0.24984
vt 0.22099 0.24115
vt 0.22998 0.23686
vt 0.24004 0.23337
vt 0.22152 0.22424
vt 0.23206 0.21892
vt 0.21268 0.21246
vt 0.2121 0.22989
vt 0.20305 0.21965
vt 0.19402 0.21037
vt 0.20381 0.20252
vt 0.18474 0.20161
vt 0.1949 0.19385
vt 0.20703 0.18503
vt 0.18562 0.18612
vt 0.19758 0.17749
vt 0.20506 0.1682
vt 0.21626 0.17528
vt 0.21047 0.15756
vt 0.2214 0.16357
vt 0.2161 0.14648
vt 0.2269 0.1519
vt 0.23766 0.15698
vt 0.24866 0.16163
vt 0.23302 0.14036
vt 0.2436 0.1452
vt 0.25438 0.14979
vt 0.26546 0.15416
vt 0.26012 0.166
vt 0.25059 0.13366
vt 0.26113 0.13827
vt 0.27192 0.14287
vt 0.28295 0.14744
vt 0.27694 0.15843
vt 0.26844 0.12698
vt 0.27893 0.13176
vt 0.28955 0.13659
vt 0.30022 0.14152
vt 0.29414 0.15212
vt 0.28625 0.12086
vt 0.29655 0.12596
vt 0.30681 0.13125
vt 0.31702 0.13679
vt 0.31078 0.14668
vt 0.3052 0.11569
vt 0.31522 0.12133
vt 0.32475 0.12763
vt 0.33396 0.13455
vt 0.32687 0.143
vt 0.32385 0.1132
vt 0.33335 0.12004
vt 0.34169 0.12803
vt 0.34945 0.13671
vt 0.34013 0.11453
vt 0.3481 0.1233
vt 0.35497 0.13279
vt 0.36139 0.14254
vt 0.35374 0.11935
vt 0.35989 0.12969
vt 0.36601 0.14044
vt 0.36469 0.12708
vt 0.37008 0.13885
vt 0.36866 0.12501
vt 0.3736 0.13769
vt 0.37196 0.12329
vt 0.37702 0.1368
vt 0.37528 0.12165
vt 0.38038 0.13594
vt 0.37826 0.12015
vt 0.38313 0.13489
vt 0.38122 0.11867
vt 0.38566 0.13394
vt 0.38174 0.11794
vt 0.38666 0.13325
vt 0.38399 0.11685
vt 0.38922 0.13218
vt 0.38666 0.11553
vt 0.37882 0.10059
vt 0.38235 0.09993
vt 0.38583 0.09936
vt 0.35501 0.60577
vt 0.35724 0.60856
vt 0.34415 0.61477
vt 0.34248 0.61204
vt 0.38913 0.09857
vt 0.33271 0.62074
vt 0.3455 0.61763
vt 0.33404 0.6237
vt 0.32243 0.6296
vt 0.33539 0.6266
vt 0.3236 0.63263
vt 0.31105 0.63747
vt 0.3257 0.06507
vt 0.33841 0.07163
vt 0.33706 0.07417
vt 0.32452 0.06765
vt 0.3118 0.06226
vt 0.31284 0.05978
vt 0.32322 0.07045
vt 0.31059 0.06503
vt 0.29794 0.06029
vt 0.3093 0.06799
vt 0.29671 0.06313
vt 0.28406 0.05858
vt 0.29539 0.06629
vt 0.28287 0.06154
vt 0.27041 0.05701
vt 0.28165 0.06469
vt 0.26923 0.06005
vt 0.25708 0.05552
vt 0.26797 0.06334
vt 0.25591 0.05854
vt 0.24411 0.05378
vt 0.25413 0.06291
vt 0.24249 0.05783
vt 0.23098 0.05271
vt 0.24006 0.06347
vt 0.22864 0.05835
vt 0.21725 0.05302
vt 0.22547 0.06539
vt 0.21412 0.0604
vt 0.20259 0.05549
vt 0.20948 0.07025
vt 0.19843 0.06534
vt 0.18725 0.06065
vt 0.19304 0.07609
vt 0.18266 0.07123
vt 0.17235 0.06677
vt 0.17649 0.08203
vt 0.16688 0.07716
vt 0.15755 0.07243
vt 0.15914 0.08788
vt 0.15005 0.08286
vt 0.14151 0.07771
vt 0.14093 0.09342
vt 0.13188 0.08851
vt 0.12358 0.0836
vt 0.1238 0.09907
vt 0.11498 0.09453
vt 0.10696 0.09042
vt 0.10837 0.10566
vt 0.10049 0.10187
vt 0.09308 0.09858
vt 0.09463 0.11347
vt 0.0882 0.11048
vt 0.08256 0.10846
vt 0.0877 0.0971
vt 0.07776 0.10733
vt 0.0769 0.12033
vt 0.07243 0.11885
vt 0.06902 0.11845
vt 0.06694 0.1321
vt 0.06426 0.13157
vt 0.06171 0.1311
vt 0.06049 0.14536
vt 0.0583 0.14489
vt 0.05613 0.1444
vt 0.05738 0.15899
vt 0.05476 0.15871
vt 0.05234 0.15846
vt 0.05314 0.17419
vt 0.05078 0.17393
vt 0.04843 0.17364
vt 0.04853 0.18878
vt 0.0462 0.18831
vt 0.04388 0.18781
vt 0.04309 0.20177
vt 0.04075 0.2012
vt 0.0384 0.20063
vt 0.03726 0.21413
vt 0.035 0.21342
vt 0.03293 0.21272
vt 0.03052 0.22567
vt 0.02832 0.22476
vt 0.0278 0.22459
vt 0.03232 0.21252
vt 0.02301 0.23712
vt 0.02256 0.23689
vt 0.02669 0.46046
vt 0.02172 0.44838
vt 0.02403 0.44757
vt 0.01665 0.43553
vt 0.01896 0.43469
vt 0.02128 0.43386
vt 0.01379 0.42143
vt 0.01617 0.42058
vt 0.01854 0.41973
vt 0.01152 0.40722
vt 0.01398 0.40641
vt 0.01638 0.40561
vt 0.01091 0.39371
vt 0.01346 0.39321
vt 0.01606 0.39272
vt 0.01203 0.38297
vt 0.0146 0.38263
vt 0.01714 0.38236
vt 0.01374 0.37452
vt 0.01624 0.37443
vt 0.01562 0.36733
vt 0.01808 0.36764
vt 0.01509 0.36141
vt 0.01764 0.36205
vt 0.02095 0.36214
vt 0.01636 0.35732
vt 0.01969 0.35762
vt 0.02412 0.35757
vt 0.01877 0.35419
vt 0.02343 0.35405
vt 0.02916 0.35379
vt 0.02292 0.3508
vt 0.02888 0.35061
vt 0.0361 0.3503
vt 0.02875 0.34756
vt 0.03595 0.34721
vt 0.04421 0.34684
vt 0.03575 0.3442
vt 0.04409 0.34391
vt 0.05291 0.34379
vt 0.0439 0.34282
vt 0.05272 0.34229
vt 0.06165 0.34175
vt 0.05241 0.33952
vt 0.06142 0.33912
vt 0.07052 0.33907
vt 0.0612 0.3364
vt 0.07041 0.33634
vt 0.07982 0.33667
vt 0.07031 0.33356
vt 0.07983 0.33388
vt 0.08971 0.33441
vt 0.07989 0.33099
vt 0.0898 0.33156
vt 0.10002 0.33236
vt 0.08991 0.32862
vt 0.10006 0.32959
vt 0.11029 0.33046
vt 0.10011 0.32676
vt 0.11033 0.32774
vt 0.12046 0.3286
vt 0.11045 0.32386
vt 0.12056 0.32493
vt 0.1307 0.32548
vt 0.12075 0.32005
vt 0.1309 0.32069
vt 0.14099 0.32155
vt 0.13116 0.31516
vt 0.14128 0.31609
vt 0.15135 0.31697
vt 0.14162 0.30962
vt 0.15173 0.31076
vt 0.16189 0.3116
vt 0.15218 0.30335
vt 0.16236 0.30443
vt 0.17268 0.30529
vt 0.16308 0.29523
vt 0.17339 0.29632
vt 0.18388 0.29722
vt 0.17419 0.28734
vt 0.1846 0.28887
vt 0.19541 0.29009
vt 0.18528 0.28084
vt 0.19603 0.28261
vt 0.20661 0.28322
vt 0.21408 0.27413
vt 0.20716 0.2642
vt 0.21394 0.26047
vt 0.19908 0.25573
vt 0.20568 0.25082
vt 0.21299 0.24589
vt 0.19687 0.24193
vt 0.20399 0.23581
vt 0.18763 0.23358
vt 0.19474 0.22652
vt 0.17835 0.22577
vt 0.18551 0.21784
vt 0.16933 0.21864
vt 0.17646 0.20947
vt 0.1604 0.21286
vt 0.16712 0.20247
vt 0.17404 0.19406
vt 0.15629 0.19781
vt 0.16318 0.18848
vt 0.1757 0.17943
vt 0.15171 0.18359
vt 0.16515 0.17394
vt 0.17566 0.16472
vt 0.18674 0.17072
vt 0.18236 0.15537
vt 0.19365 0.16154
vt 0.1883 0.14548
vt 0.19936 0.15143
vt 0.19469 0.13511
vt 0.20534 0.14077
vt 0.2018 0.12442
vt 0.21219 0.12984
vt 0.22255 0.1352
vt 0.2198 0.11878
vt 0.23003 0.1239
vt 0.24023 0.12891
vt 0.23771 0.11256
vt 0.24791 0.11742
vt 0.25811 0.12219
vt 0.25558 0.10588
vt 0.26581 0.1108
vt 0.276 0.11583
vt 0.27417 0.09989
vt 0.28461 0.10513
vt 0.29492 0.11037
vt 0.2929 0.09551
vt 0.30356 0.10103
vt 0.31385 0.10694
vt 0.30996 0.09378
vt 0.32063 0.10006
vt 0.3307 0.10694
vt 0.32536 0.09475
vt 0.33603 0.10183
vt 0.34574 0.11001
vt 0.34015 0.09725
vt 0.35045 0.10573
vt 0.35882 0.11572
vt 0.35362 0.10236
vt 0.363 0.11255
vt 0.35586 0.09955
vt 0.36613 0.11006
vt 0.35791 0.09674
vt 0.369 0.10757
vt 0.35971 0.09396
vt 0.37169 0.10503
vt 0.36125 0.09107
vt 0.37409 0.10295
vt 0.3623 0.08886
vt 0.37574 0.10116
vt 0.36087 0.61347
vt 0.34682 0.62036
vt 0.3593 0.61124
vt 0.34912 0.08208
vt 0.35037 0.07978
vt 0.34769 0.08505
vt 0.33569 0.07704
vt 0.34614 0.08797
vt 0.33426 0.0801
vt 0.32188 0.07354
vt 0.33269 0.08328
vt 0.32039 0.07677
vt 0.30789 0.07128
vt 0.31881 0.08027
vt 0.30645 0.07469
vt 0.29405 0.06959
vt 0.30485 0.07826
vt 0.29258 0.07303
vt 0.28029 0.06805
vt 0.29049 0.07724
vt 0.27829 0.07233
vt 0.26617 0.06753
vt 0.27528 0.07789
vt 0.26341 0.07313
vt 0.25164 0.06839
vt 0.2594 0.08008
vt 0.24804 0.07526
vt 0.23668 0.07044
vt 0.2422 0.08483
vt 0.23136 0.08001
vt 0.22045 0.07516
vt 0.22439 0.0912
vt 0.21393 0.08617
vt 0.20348 0.0811
vt 0.20668 0.09738
vt 0.19646 0.09219
vt 0.18636 0.08705
vt 0.18864 0.10308
vt 0.17853 0.09793
vt 0.16869 0.09289
vt 0.17066 0.10853
vt 0.16049 0.10345
vt 0.15054 0.09842
vt 0.15309 0.11376
vt 0.143 0.10873
vt 0.13317 0.10383
vt 0.13585 0.11909
vt 0.12601 0.11425
vt 0.11675 0.10971
vt 0.1186 0.12489
vt 0.10962 0.12068
vt 0.10165 0.11687
vt 0.1016 0.13154
vt 0.09367 0.12815
vt 0.0873 0.12511
vt 0.08179 0.12228
vt 0.06964 0.13273
vt 0.06267 0.14587
vt 0.06282 0.15926
vt 0.06 0.15927
vt 0.06093 0.17615
vt 0.05828 0.17545
vt 0.05566 0.17476
vt 0.05579 0.19054
vt 0.05335 0.18992
vt 0.05089 0.18929
vt 0.0501 0.2037
vt 0.04771 0.20308
vt 0.04539 0.20242
vt 0.04402 0.21626
vt 0.04171 0.21551
vt 0.0395 0.21482
vt 0.03719 0.22816
vt 0.03499 0.22734
vt 0.03277 0.22653
vt 0.02975 0.23984
vt 0.02751 0.23894
vt 0.02526 0.23805
vt 0.02222 0.25203
vt 0.01996 0.25113
vt 0.01768 0.25021
vt 0.01466 0.26464
vt 0.01228 0.26378
vt 0.01177 0.2636
vt 0.01722 0.25001
vt 0.00728 0.2777
vt 0.00671 0.27753
vt 0.01143 0.42228
vt 0.00654 0.40875
vt 0.00903 0.40796
vt 0.00325 0.39526
vt 0.0058 0.39472
vt 0.00834 0.39416
vt 0.0047 0.38387
vt 0.00708 0.38359
vt 0.00952 0.3833
vt 0.0066 0.37484
vt 0.00882 0.37471
vt 0.01119 0.37461
vt 0.00657 0.3671
vt 0.00477 0.36716
vt 0.00601 0.35985
vt 0.00735 0.35969
vt 0.00453 0.3751
vt 0.00266 0.3752
vt 0.00233 0.3841
vt 0.00195 0.38404
vt 0.00236 0.37533
vt 0.00208 0.30272
vt 0.00325 0.29136
vt 0.00376 0.29149
vt 0.00246 0.30279
vt 0.00634 0.29196
vt 0.00491 0.3027
vt 0.00977 0.27848
vt 0.01228 0.27921
vt 0.00896 0.29237
vt 0.01705 0.2655
vt 0.01942 0.26639
vt 0.01483 0.27992
vt 0.02448 0.25294
vt 0.02672 0.25384
vt 0.02184 0.26726
vt 0.03193 0.24077
vt 0.03408 0.24163
vt 0.02892 0.25469
vt 0.03948 0.22893
vt 0.04177 0.22974
vt 0.03625 0.24249
vt 0.04634 0.21693
vt 0.04877 0.21761
vt 0.04426 0.23063
vt 0.05249 0.20432
vt 0.05525 0.20509
vt 0.05148 0.2184
vt 0.05848 0.19129
vt 0.06142 0.19212
vt 0.0581 0.20587
vt 0.06199 0.20695
vt 0.05844 0.22049
vt 0.05417 0.21922
vt 0.06486 0.19311
vt 0.07022 0.19472
vt 0.06698 0.20841
vt 0.07335 0.21027
vt 0.06927 0.22371
vt 0.06312 0.22187
vt 0.07688 0.19679
vt 0.0852 0.19935
vt 0.08117 0.21257
vt 0.08019 0.18282
vt 0.08877 0.186
vt 0.09841 0.18932
vt 0.0946 0.20227
vt 0.08349 0.16814
vt 0.09198 0.1722
vt 0.10173 0.1762
vt 0.11216 0.18024
vt 0.10849 0.19282
vt 0.10091 0.16077
vt 0.11002 0.16484
vt 0.11988 0.16945
vt 0.13024 0.17432
vt 0.12286 0.1846
vt 0.12498 0.15399
vt 0.13466 0.15897
vt 0.14438 0.16395
vt 0.1545 0.16897
vt 0.14076 0.17898
vt 0.14351 0.14913
vt 0.15418 0.15414
vt 0.1649 0.1593
vt 0.1604 0.14437
vt 0.17126 0.14971
vt 0.16681 0.13439
vt 0.17745 0.13981
vt 0.1737 0.12414
vt 0.18414 0.12954
vt 0.18097 0.11371
vt 0.19139 0.11901
vt 0.19898 0.10829
vt 0.20941 0.11354
vt 0.21702 0.10253
vt 0.22737 0.10758
vt 0.23485 0.09614
vt 0.24521 0.10102
vt 0.25297 0.08976
vt 0.26365 0.09474
vt 0.27074 0.08508
vt 0.28192 0.09023
vt 0.28723 0.08269
vt 0.29871 0.08813
vt 0.30258 0.08253
vt 0.31415 0.08845
vt 0.317 0.08385
vt 0.32887 0.08999
vt 0.33095 0.08655
vt 0.34256 0.09392
vt 0.34443 0.09096
vt 0.16333 0.11888
vt 0.15633 0.12916
vt 0.14597 0.12407
vt 0.14971 0.13923
vt 0.13913 0.13427
vt 0.12863 0.12947
vt 0.13282 0.14418
vt 0.12193 0.13959
vt 0.11126 0.13538
vt 0.11511 0.14941
vt 0.1048 0.14545
vt 0.09455 0.14203
vt 0.09275 0.15703
vt 0.14515 0.19356
vt 0.13394 0.18914
vt 0.14038 0.20444
vt 0.12976 0.20043
vt 0.11901 0.19656
vt 0.12476 0.21201
vt 0.11452 0.20858
vt 0.10434 0.20533
vt 0.10961 0.22105
vt 0.09985 0.21811
vt 0.09031 0.21525
vt 0.09522 0.23119
vt 0.08596 0.22853
vt 0.07702 0.22594
vt 0.08143 0.24184
vt 0.07301 0.23945
vt 0.0653 0.2372
vt 0.06943 0.25286
vt 0.06206 0.25079
vt 0.05578 0.24892
vt 0.0595 0.23541
vt 0.05046 0.24729
vt 0.05453 0.23391
vt 0.04623 0.24593
vt 0.05018 0.23257
vt 0.0422 0.24465
vt 0.047 0.23153
vt 0.03898 0.24347
vt 0.03759 0.2579
vt 0.03418 0.25668
vt 0.03113 0.25558
vt 0.0296 0.26998
vt 0.02683 0.26906
vt 0.02424 0.26814
vt 0.02265 0.2822
vt 0.0199 0.28145
vt 0.01733 0.2807
vt 0.01708 0.29356
vt 0.01433 0.29312
vt 0.01161 0.29269
vt 0.01299 0.30302
vt 0.01014 0.30286
vt 0.00752 0.30279
vt 0.00938 0.31121
vt 0.007 0.31162
vt 0.00461 0.31166
vt 0.00673 0.31864
vt 0.00251 0.31195
vt 0.00899 0.31781
vt 0.00686 0.3247
vt 0.00746 0.3306
vt 0.01002 0.33379
vt 0.00873 0.33623
vt 0.01263 0.33735
vt 0.01193 0.34022
vt 0.01333 0.33396
vt 0.01716 0.33407
vt 0.01685 0.33726
vt 0.01432 0.33072
vt 0.018 0.33077
vt 0.0226 0.33094
vt 0.02211 0.33431
vt 0.01558 0.32698
vt 0.01886 0.32685
vt 0.02284 0.32722
vt 0.0281 0.32742
vt 0.02799 0.33091
vt 0.0198 0.32196
vt 0.02376 0.32281
vt 0.02821 0.32353
vt 0.03448 0.32409
vt 0.03457 0.32773
vt 0.02482 0.31759
vt 0.02919 0.3188
vt 0.0347 0.31985
vt 0.04234 0.32065
vt 0.04244 0.32468
vt 0.03028 0.3128
vt 0.03524 0.3141
vt 0.04268 0.31547
vt 0.0514 0.31632
vt 0.05134 0.32091
vt 0.03631 0.30653
vt 0.04344 0.30819
vt 0.05183 0.30959
vt 0.06119 0.31005
vt 0.06092 0.3162
vt 0.04481 0.2985
vt 0.05296 0.30026
vt 0.06188 0.30153
vt 0.07142 0.3024
vt 0.0709 0.31027
vt 0.05423 0.28873
vt 0.06284 0.29039
vt 0.07215 0.29201
vt 0.08205 0.29373
vt 0.0813 0.30335
vt 0.06409 0.27846
vt 0.07339 0.28039
vt 0.08308 0.28238
vt 0.09294 0.28442
vt 0.09197 0.29548
vt 0.07514 0.26803
vt 0.08471 0.27024
vt 0.09448 0.27235
vt 0.10421 0.2745
vt 0.10277 0.28635
vt 0.08712 0.25748
vt 0.09682 0.25986
vt 0.10644 0.26221
vt 0.11608 0.26454
vt 0.11396 0.27651
vt 0.10025 0.24702
vt 0.10981 0.2496
vt 0.11923 0.25219
vt 0.12864 0.25484
vt 0.12568 0.26685
vt 0.11421 0.23677
vt 0.12363 0.23966
vt 0.13291 0.24263
vt 0.14203 0.24581
vt 0.13795 0.2576
vt 0.12902 0.22737
vt 0.13848 0.23081
vt 0.14765 0.2345
vt 0.15673 0.23871
vt 0.15111 0.24926
vt 0.1446 0.21949
vt 0.15387 0.22369
vt 0.16286 0.22852
vt 0.1719 0.23436
vt 0.16577 0.24342
vt 0.17496 0.24871
vt 0.16964 0.25711
vt 0.16032 0.25299
vt 0.18111 0.24097
vt 0.19027 0.24808
vt 0.18411 0.25451
vt 0.17927 0.26168
vt 0.17644 0.26989
vt 0.16674 0.26641
vt 0.17503 0.27851
vt 0.16502 0.27616
vt 0.15507 0.27378
vt 0.15695 0.26334
vt 0.14511 0.27146
vt 0.14736 0.26042
vt 0.13537 0.26909
vt 0.14368 0.28213
vt 0.13365 0.28037
vt 0.12376 0.27845
vt 0.13259 0.29113
vt 0.12256 0.28968
vt 0.11262 0.28806
vt 0.12186 0.2996
vt 0.11185 0.29836
vt 0.10188 0.29714
vt 0.11132 0.30656
vt 0.1013 0.3056
vt 0.09126 0.30456
vt 0.10085 0.31214
vt 0.0908 0.3113
vt 0.08076 0.31052
vt 0.09044 0.31698
vt 0.08047 0.31632
vt 0.07059 0.31616
vt 0.08025 0.32119
vt 0.07047 0.32085
vt 0.0608 0.32083
vt 0.07038 0.3246
vt 0.06081 0.32443
vt 0.0514 0.32466
vt 0.06085 0.32779
vt 0.05154 0.32782
vt 0.04262 0.32787
vt 0.05173 0.33086
vt 0.0429 0.33099
vt 0.03481 0.33094
vt 0.04315 0.334
vt 0.03507 0.33403
vt 0.02802 0.33406
vt 0.03528 0.33704
vt 0.02823 0.33707
vt 0.02202 0.33725
vt 0.02836 0.34008
vt 0.02207 0.34018
vt 0.01656 0.34044
vt 0.02217 0.34313
vt 0.01663 0.34337
vt 0.01177 0.34363
vt 0.01672 0.34511
vt 0.01216 0.346
vt 0.01735 0.34798
vt 0.01292 0.34855
vt 0.00919 0.34969
vt 0.0139 0.35133
vt 0.01027 0.35187
vt 0.00792 0.35571
vt 0.0115 0.35438
vt 0.00929 0.35627
vt 0.01325 0.35728
vt 0.01495 0.3545
vt 0.01806 0.35127
vt 0.02241 0.3478
vt 0.02225 0.34479
vt 0.02859 0.34454
vt 0.02851 0.34302
vt 0.0356 0.34296
vt 0.03546 0.34001
vt 0.04367 0.33991
vt 0.04342 0.337
vt 0.05217 0.33671
vt 0.05194 0.33382
vt 0.06103 0.33359
vt 0.06092 0.33072
vt 0.07028 0.33069
vt 0.07033 0.32779
vt 0.07997 0.32797
vt 0.0801 0.32478
vt 0.09004 0.32558
vt 0.09021 0.32167
vt 0.10028 0.32276
vt 0.10052 0.31784
vt 0.11064 0.31894
vt 0.11089 0.31328
vt 0.12104 0.31417
vt 0.1214 0.30752
vt 0.13149 0.30861
vt 0.13193 0.30086
vt 0.14204 0.30214
vt 0.14272 0.29253
vt 0.15287 0.29387
vt 0.15379 0.28389
vt 0.16395 0.28563
vt 0.1508 0.20843
vt 0.13481 0.21566
vt 0.11938 0.22412
vt 0.10467 0.23393
vt 0.09065 0.24438
vt 0.0778 0.2551
vt 0.0661 0.26588
vt 0.05586 0.27664
vt 0.05851 0.26389
vt 0.04869 0.27497
vt 0.05199 0.26214
vt 0.04251 0.27348
vt 0.0466 0.26062
vt 0.03728 0.27217
vt 0.0418 0.2592
vt 0.03311 0.27102
vt 0.03374 0.28462
vt 0.02937 0.28373
vt 0.0255 0.2829
vt 0.02732 0.295
vt 0.02299 0.29429
vt 0.01999 0.294
vt 0.0221 0.3034
vt 0.0189 0.30327
vt 0.01594 0.3032
vt 0.01831 0.31043
vt 0.01529 0.31066
vt 0.01224 0.31083
vt 0.01473 0.31679
vt 0.01167 0.31722
vt 0.01782 0.31635
vt 0.01683 0.32219
vt 0.02099 0.31627
vt 0.02158 0.31044
vt 0.02577 0.31141
vt 0.02644 0.30423
vt 0.03113 0.30533
vt 0.03206 0.29587
vt 0.03747 0.29694
vt 0.03934 0.28566
vt 0.04639 0.2871
vt 0.32124 0.15218
vt 0.31664 0.16195
vt 0.30537 0.15699
vt 0.30073 0.16736
vt 0.28875 0.16281
vt 0.28434 0.17378
vt 0.27205 0.16996
vt 0.26774 0.18197
vt 0.40189 0.20442
vt 0.39906 0.20388
vt 0.39634 0.20368
vt 0.39659 0.21972
vt 0.3939 0.21933
vt 0.39123 0.21887
vt 0.39367 0.20345
vt 0.38881 0.21828
vt 0.39108 0.20319
vt 0.38788 0.21802
vt 0.38962 0.2033
vt 0.38527 0.21765
vt 0.38698 0.20337
vt 0.38256 0.21691
vt 0.38428 0.2033
vt 0.37975 0.21619
vt 0.3815 0.20327
vt 0.37662 0.21576
vt 0.37859 0.20329
vt 0.37349 0.21517
vt 0.37559 0.20316
vt 0.37034 0.21432
vt 0.37246 0.20295
vt 0.36634 0.2132
vt 0.36835 0.20215
vt 0.36228 0.21195
vt 0.36394 0.20112
vt 0.36555 0.19002
vt 0.35908 0.19968
vt 0.36058 0.18894
vt 0.35286 0.19769
vt 0.35397 0.18676
vt 0.35776 0.21046
vt 0.35169 0.2084
vt 0.34217 0.2052
vt 0.35012 0.21904
vt 0.34032 0.21556
vt 0.32943 0.21164
vt 0.33927 0.22596
vt 0.32812 0.222
vt 0.31618 0.21799
vt 0.3272 0.23209
vt 0.31583 0.22912
vt 0.3041 0.22609
vt 0.32144 0.24371
vt 0.30996 0.24159
vt 0.29883 0.24051
vt 0.31575 0.25548
vt 0.3048 0.25488
vt 0.29424 0.25526
vt 0.30994 0.26759
vt 0.29926 0.26819
vt 0.28902 0.26978
vt 0.30446 0.28042
vt 0.29496 0.28256
vt 0.28543 0.28465
vt 0.29998 0.29405
vt 0.29031 0.29611
vt 0.28067 0.29822
vt 0.29369 0.30565
vt 0.28358 0.30791
vt 0.2734 0.31038
vt 0.28539 0.3156
vt 0.27433 0.31755
vt 0.26259 0.31893
vt 0.27472 0.32353
vt 0.26255 0.32485
vt 0.25024 0.32527
vt 0.26234 0.32951
vt 0.24992 0.32981
vt 0.23797 0.32892
vt 0.24974 0.33308
vt 0.23775 0.33266
vt 0.22624 0.33159
vt 0.2376 0.33513
vt 0.22608 0.33435
vt 0.21479 0.33321
vt 0.22592 0.33678
vt 0.21467 0.3358
vt 0.2036 0.33517
vt 0.21454 0.33836
vt 0.20351 0.33785
vt 0.19262 0.33765
vt 0.20342 0.34037
vt 0.19259 0.34016
vt 0.18181 0.33994
vt 0.19257 0.34249
vt 0.18185 0.34236
vt 0.17119 0.34201
vt 0.18188 0.3446
vt 0.17123 0.34432
vt 0.16069 0.34386
vt 0.17115 0.34618
vt 0.16063 0.3459
vt 0.1502 0.34573
vt 0.16042 0.34811
vt 0.15 0.34772
vt 0.13967 0.34696
vt 0.14976 0.35012
vt 0.13949 0.34945
vt 0.12931 0.3489
vt 0.13932 0.352
vt 0.12917 0.35145
vt 0.11915 0.35102
vt 0.129 0.35415
vt 0.11899 0.35373
vt 0.10909 0.3534
vt 0.1188 0.35652
vt 0.1089 0.35621
vt 0.09913 0.35562
vt 0.10866 0.35912
vt 0.09901 0.35839
vt 0.08966 0.35777
vt 0.09882 0.36167
vt 0.08979 0.36074
vt 0.08102 0.35964
vt 0.08988 0.36382
vt 0.08136 0.36256
vt 0.07263 0.36107
vt 0.08916 0.36826
vt 0.09767 0.36985
vt 0.09554 0.37545
vt 0.08719 0.37345
vt 0.09858 0.36525
vt 0.1077 0.36626
vt 0.10674 0.37102
vt 0.1083 0.3623
vt 0.11819 0.36234
vt 0.11749 0.36686
vt 0.11852 0.35944
vt 0.12856 0.35975
vt 0.12822 0.36305
vt 0.12881 0.35688
vt 0.13896 0.35745
vt 0.13876 0.36035
vt 0.13913 0.35464
vt 0.14938 0.35538
vt 0.14922 0.35816
vt 0.14953 0.35269
vt 0.15996 0.35302
vt 0.15979 0.35586
vt 0.16017 0.35048
vt 0.17077 0.35075
vt 0.17057 0.35319
vt 0.17096 0.34839
vt 0.18174 0.34873
vt 0.1816 0.35106
vt 0.18182 0.34648
vt 0.19255 0.34671
vt 0.19251 0.34895
vt 0.19255 0.34475
vt 0.20321 0.34494
vt 0.2032 0.34686
vt 0.20331 0.3427
vt 0.21417 0.34314
vt 0.21394 0.34537
vt 0.21439 0.34082
vt 0.22552 0.34153
vt 0.22528 0.34382
vt 0.22575 0.33916
vt 0.2372 0.33986
vt 0.23697 0.34218
vt 0.23741 0.33749
vt 0.24933 0.33805
vt 0.24916 0.34036
vt 0.24953 0.33568
vt 0.26197 0.33591
vt 0.26177 0.33842
vt 0.26216 0.3333
vt 0.27483 0.33261
vt 0.27465 0.33593
vt 0.2749 0.32847
vt 0.28697 0.32684
vt 0.28718 0.33135
vt 0.28638 0.32171
vt 0.29754 0.32011
vt 0.29847 0.32528
vt 0.29603 0.31353
vt 0.30638 0.31176
vt 0.30812 0.31804
vt 0.30373 0.30364
vt 0.31317 0.3014
vt 0.31605 0.30936
vt 0.30934 0.29173
vt 0.31873 0.28992
vt 0.32236 0.29934
vt 0.31456 0.27926
vt 0.32519 0.27955
vt 0.32876 0.28942
vt 0.3209 0.26802
vt 0.33184 0.2698
vt 0.33591 0.28107
vt 0.32722 0.25715
vt 0.33763 0.26053
vt 0.34238 0.27335
vt 0.33221 0.24586
vt 0.34124 0.24831
vt 0.34625 0.26316
vt 0.33871 0.23599
vt 0.34783 0.23948
vt 0.34901 0.25081
vt 0.34866 0.22936
vt 0.35575 0.232
vt 0.3548 0.2422
vt 0.35636 0.22119
vt 0.36086 0.22273
vt 0.3602 0.23363
vt 0.3638 0.235
vt 0.36381 0.24582
vt 0.3598 0.24419
vt 0.36499 0.22414
vt 0.36851 0.22535
vt 0.36726 0.23626
vt 0.37061 0.23748
vt 0.36985 0.2484
vt 0.36682 0.24714
vt 0.37163 0.22638
vt 0.37452 0.22732
vt 0.37338 0.2385
vt 0.37614 0.23961
vt 0.37533 0.25071
vt 0.37262 0.24954
vt 0.37747 0.22824
vt 0.38032 0.22916
vt 0.37887 0.24071
vt 0.38153 0.24184
vt 0.38054 0.25312
vt 0.37793 0.25192
vt 0.38314 0.23019
vt 0.38587 0.23105
vt 0.38405 0.2429
vt 0.38552 0.24376
vt 0.38509 0.25573
vt 0.38274 0.25421
vt 0.38664 0.23152
vt 0.38927 0.23251
vt 0.38813 0.24473
vt 0.39073 0.24604
vt 0.39009 0.25858
vt 0.38759 0.25723
vt 0.39195 0.23343
vt 0.39455 0.23423
vt 0.39314 0.24722
vt 0.39577 0.24862
vt 0.39539 0.26187
vt 0.39272 0.26025
vt 0.39725 0.23537
vt 0.39988 0.23655
vt 0.39857 0.25024
vt 0.39948 0.22095
vt 0.40227 0.22223
vt 0.36987 0.49558
vt 0.36485 0.47865
vt 0.36825 0.47987
vt 0.40474 0.20524
vt 0.36675 0.46376
vt 0.36584 0.44758
vt 0.39817 0.26381
vt 0.36613 0.43379
vt 0.39818 0.27508
vt 0.39493 0.27329
vt 0.39827 0.28517
vt 0.39468 0.28298
vt 0.39192 0.28136
vt 0.39222 0.27149
vt 0.38927 0.27992
vt 0.38951 0.26981
vt 0.38669 0.27857
vt 0.38687 0.26821
vt 0.38399 0.27711
vt 0.38419 0.26665
vt 0.38166 0.27594
vt 0.38204 0.26512
vt 0.38048 0.27492
vt 0.38107 0.26416
vt 0.37851 0.2737
vt 0.37832 0.26294
vt 0.37596 0.27257
vt 0.37557 0.26169
vt 0.37339 0.27148
vt 0.37284 0.26048
vt 0.37064 0.27046
vt 0.37008 0.25925
vt 0.36778 0.26931
vt 0.36705 0.25791
vt 0.36474 0.26822
vt 0.36389 0.25654
vt 0.36146 0.26709
vt 0.35994 0.25484
vt 0.35787 0.26608
vt 0.35518 0.25294
vt 0.35298 0.26483
vt 0.36021 0.27901
vt 0.35601 0.27826
vt 0.35047 0.2767
vt 0.35842 0.28932
vt 0.35351 0.28752
vt 0.34617 0.28392
vt 0.35597 0.29578
vt 0.34887 0.29268
vt 0.33919 0.29023
vt 0.35107 0.30018
vt 0.34189 0.29869
vt 0.33184 0.29814
vt 0.34424 0.30605
vt 0.33437 0.3055
vt 0.32529 0.30708
vt 0.33663 0.31188
vt 0.32751 0.31365
vt 0.31825 0.31593
vt 0.32943 0.31932
vt 0.31977 0.32126
vt 0.3095 0.32343
vt 0.3209 0.32565
vt 0.31038 0.3281
vt 0.29916 0.3298
vt 0.31096 0.33153
vt 0.29939 0.3332
vt 0.28729 0.33538
vt 0.29953 0.33611
vt 0.28729 0.33801
vt 0.27449 0.33849
vt 0.28722 0.34062
vt 0.27433 0.34099
vt 0.26158 0.3408
vt 0.27412 0.34344
vt 0.26136 0.34316
vt 0.24898 0.34263
vt 0.26121 0.34534
vt 0.24879 0.34489
vt 0.23676 0.34448
vt 0.24862 0.34711
vt 0.2366 0.34671
vt 0.22502 0.34606
vt 0.23654 0.34745
vt 0.22502 0.34719
vt 0.21398 0.34704
vt 0.22518 0.34947
vt 0.21415 0.34931
vt 0.20329 0.34914
vt 0.21429 0.3516
vt 0.20337 0.35145
vt 0.1925 0.35132
vt 0.20345 0.35397
vt 0.19252 0.35384
vt 0.18147 0.35353
vt 0.19255 0.35647
vt 0.18142 0.35631
vt 0.17044 0.35606
vt 0.18136 0.35945
vt 0.17034 0.35918
vt 0.15967 0.35877
vt 0.17018 0.36263
vt 0.15952 0.36196
vt 0.14902 0.36128
vt 0.15935 0.36557
vt 0.14881 0.36472
vt 0.13847 0.36366
vt 0.14851 0.36876
vt 0.13807 0.36797
vt 0.12769 0.3674
vt 0.13745 0.37294
vt 0.12692 0.37238
vt 0.11659 0.37181
vt 0.12585 0.37804
vt 0.11522 0.37755
vt 0.10506 0.37677
vt 0.11297 0.38492
vt 0.10216 0.38377
vt 0.09214 0.38215
vt 0.09804 0.3928
vt 0.08677 0.39035
vt 0.08284 0.37966
vt 0.09344 0.40286
vt 0.08067 0.40009
vt 0.08958 0.41297
vt 0.07641 0.41084
vt 0.08799 0.42372
vt 0.07645 0.42301
vt 0.06619 0.42314
vt 0.0789 0.43647
vt 0.06972 0.43707
vt 0.0624 0.43792
vt 0.05854 0.42393
vt 0.07279 0.45049
vt 0.06569 0.45136
vt 0.06017 0.45227
vt 0.0688 0.46462
vt 0.06292 0.46554
vt 0.05811 0.46633
vt 0.06473 0.47894
vt 0.05972 0.47978
vt 0.05586 0.48046
vt 0.05359 0.46717
vt 0.05285 0.48102
vt 0.05013 0.46792
vt 0.05004 0.48153
vt 0.05528 0.49425
vt 0.05262 0.49474
vt 0.05015 0.49519
vt 0.05396 0.50844
vt 0.05155 0.5089
vt 0.04916 0.50939
vt 0.05287 0.52256
vt 0.05023 0.52327
vt 0.04774 0.52386
vt 0.05262 0.53646
vt 0.05007 0.53729
vt 0.04758 0.53806
vt 0.05406 0.55042
vt 0.05158 0.55117
vt 0.04911 0.55192
vt 0.05438 0.56228
vt 0.05176 0.56295
vt 0.04914 0.56364
vt 0.05275 0.57348
vt 0.0501 0.57408
vt 0.0477 0.57469
vt 0.0465 0.56457
vt 0.05039 0.5856
vt 0.04961 0.58606
vt 0.04982 0.10717
vt 0.05234 0.09572
vt 0.05446 0.09563
vt 0.05486 0.08394
vt 0.05705 0.08395
vt 0.05991 0.08397
vt 0.06014 0.07225
vt 0.06299 0.07237
vt 0.06583 0.07248
vt 0.06516 0.06052
vt 0.06799 0.06088
vt 0.07096 0.06128
vt 0.07017 0.04856
vt 0.07297 0.04979
vt 0.07582 0.05089
vt 0.07783 0.03939
vt 0.07989 0.04169
vt 0.0825 0.04411
vt 0.08918 0.03511
vt 0.08905 0.03199
vt 0.10116 0.0282
vt 0.08847 0.02956
vt 0.10044 0.02524
vt 0.11179 0.02233
vt 0.09958 0.02229
vt 0.11079 0.01897
vt 0.1215 0.01519
vt 0.10995 0.01585
vt 0.12097 0.01197
vt 0.13316 0.00826
vt 0.12046 0.00903
vt 0.13286 0.00504
vt 0.14753 0.00464
vt 0.1325 0.00214
vt 0.14773 0.00195
vt 0.16307 0.0057
vt 0.15246 0.69018
vt 0.13618 0.69302
vt 0.13617 0.69045
vt 0.15196 0.68776
vt 0.16606 0.68372
vt 0.16672 0.68607
vt 0.15156 0.68635
vt 0.16543 0.68171
vt 0.17799 0.67716
vt 0.16466 0.67931
vt 0.17715 0.67479
vt 0.18936 0.67038
vt 0.17626 0.67233
vt 0.18844 0.66789
vt 0.20061 0.66346
vt 0.18749 0.66528
vt 0.19968 0.66087
vt 0.2114 0.65591
vt 0.19876 0.65824
vt 0.21048 0.65332
vt 0.22184 0.64858
vt 0.20954 0.65057
vt 0.22086 0.64578
vt 0.23219 0.64142
vt 0.21977 0.64234
vt 0.23111 0.63798
vt 0.24269 0.63337
vt 0.22975 0.63323
vt 0.24144 0.62855
vt 0.25379 0.62372
vt 0.23918 0.62044
vt 0.2515 0.61553
vt 0.26395 0.61035
vt 0.24873 0.60762
vt 0.26137 0.60287
vt 0.27408 0.59757
vt 0.25878 0.59462
vt 0.27206 0.58922
vt 0.28578 0.5832
vt 0.26965 0.58018
vt 0.28352 0.57408
vt 0.2973 0.56737
vt 0.28018 0.56517
vt 0.29324 0.55849
vt 0.30599 0.55147
vt 0.28708 0.5504
vt 0.29903 0.54341
vt 0.31076 0.53569
vt 0.28984 0.53579
vt 0.2996 0.52835
vt 0.30805 0.52025
vt 0.29055 0.52116
vt 0.29904 0.51344
vt 0.30676 0.50498
vt 0.29126 0.5071
vt 0.2988 0.49935
vt 0.28418 0.50094
vt 0.29151 0.49396
vt 0.27795 0.49482
vt 0.28612 0.48832
vt 0.29482 0.48124
vt 0.28208 0.48275
vt 0.29162 0.476
vt 0.30226 0.46885
vt 0.30513 0.47435
vt 0.28776 0.47114
vt 0.2985 0.4635
vt 0.30943 0.45604
vt 0.29356 0.45864
vt 0.30338 0.45012
vt 0.31196 0.44215
vt 0.29541 0.44615
vt 0.30155 0.43768
vt 0.30622 0.4299
vt 0.31905 0.43465
vt 0.30943 0.42244
vt 0.32473 0.42753
vt 0.31377 0.41416
vt 0.32906 0.42004
vt 0.31708 0.40615
vt 0.3335 0.41327
vt 0.31942 0.39826
vt 0.33529 0.40417
vt 0.32109 0.39096
vt 0.33657 0.39619
vt 0.35397 0.40818
vt 0.36369 0.41798
vt 0.33707 0.38904
vt 0.35257 0.39779
vt 0.36329 0.40735
vt 0.40128 0.29826
vt 0.39614 0.29449
vt 0.40169 0.28969
vt 0.3519 0.38893
vt 0.36282 0.39798
vt 0.39992 0.30653
vt 0.39529 0.30241
vt 0.39197 0.30033
vt 0.39354 0.29186
vt 0.39733 0.31433
vt 0.3933 0.30874
vt 0.39017 0.30704
vt 0.38749 0.30539
vt 0.38947 0.29849
vt 0.39056 0.31439
vt 0.3878 0.3121
vt 0.38521 0.31085
vt 0.38297 0.30973
vt 0.38527 0.30414
vt 0.38519 0.31614
vt 0.38289 0.31471
vt 0.38043 0.31403
vt 0.37668 0.31702
vt 0.37876 0.31338
vt 0.38117 0.30885
vt 0.37734 0.3129
vt 0.37942 0.30809
vt 0.3813 0.30193
vt 0.38329 0.30297
vt 0.38284 0.29476
vt 0.385 0.29584
vt 0.3872 0.29703
vt 0.38614 0.28755
vt 0.38852 0.28882
vt 0.39101 0.29024
vt 0.38374 0.28641
vt 0.38077 0.29387
vt 0.38146 0.2854
vt 0.37869 0.29315
vt 0.37977 0.28462
vt 0.37735 0.29247
vt 0.37807 0.28364
vt 0.37533 0.29184
vt 0.37584 0.2828
vt 0.37329 0.29136
vt 0.37351 0.28194
vt 0.37121 0.29093
vt 0.37107 0.28126
vt 0.36913 0.29066
vt 0.36845 0.2807
vt 0.36695 0.2905
vt 0.36591 0.28001
vt 0.36465 0.29004
vt 0.36324 0.27965
vt 0.36202 0.28971
vt 0.36551 0.29871
vt 0.36317 0.29816
vt 0.36034 0.29751
vt 0.36428 0.30462
vt 0.36162 0.30354
vt 0.35777 0.302
vt 0.35933 0.30711
vt 0.35296 0.30645
vt 0.36054 0.3115
vt 0.35483 0.31189
vt 0.34629 0.31226
vt 0.35638 0.31613
vt 0.34797 0.31688
vt 0.33869 0.31761
vt 0.34954 0.32086
vt 0.34018 0.32165
vt 0.33084 0.32338
vt 0.3417 0.32572
vt 0.33202 0.32728
vt 0.32183 0.32929
vt 0.33311 0.33067
vt 0.32253 0.33271
vt 0.31138 0.33465
vt 0.32318 0.33599
vt 0.31173 0.33768
vt 0.29971 0.33888
vt 0.31196 0.34067
vt 0.29974 0.34161
vt 0.2871 0.34321
vt 0.29975 0.3444
vt 0.2869 0.34563
vt 0.27392 0.34567
vt 0.28676 0.34773
vt 0.27367 0.34767
vt 0.26096 0.34736
vt 0.27347 0.34818
vt 0.26084 0.34815
vt 0.24854 0.34783
vt 0.26074 0.35022
vt 0.2485 0.35007
vt 0.23657 0.3497
vt 0.24848 0.35233
vt 0.23661 0.35197
vt 0.22532 0.35177
vt 0.23672 0.3543
vt 0.22546 0.35414
vt 0.21444 0.35404
vt 0.22558 0.35661
vt 0.21455 0.35662
vt 0.20356 0.35675
vt 0.21467 0.35953
vt 0.20363 0.35981
vt 0.19254 0.35971
vt 0.20364 0.36302
vt 0.19252 0.36302
vt 0.18125 0.36288
vt 0.19233 0.36652
vt 0.18117 0.36633
vt 0.17006 0.36609
vt 0.18099 0.37
vt 0.16995 0.36987
vt 0.15911 0.36954
vt 0.16989 0.37373
vt 0.15889 0.37372
vt 0.14805 0.37356
vt 0.15841 0.37926
vt 0.1474 0.37925
vt 0.13657 0.37871
vt 0.14609 0.38719
vt 0.13502 0.38679
vt 0.12399 0.3861
vt 0.13268 0.39661
vt 0.12121 0.39587
vt 0.10965 0.39468
vt 0.11806 0.40615
vt 0.10587 0.40485
vt 0.11515 0.41637
vt 0.1025 0.41495
vt 0.11308 0.42644
vt 0.10042 0.4252
vt 0.11278 0.43704
vt 0.10101 0.43647
vt 0.08958 0.43629
vt 0.10235 0.44863
vt 0.09174 0.44902
vt 0.0816 0.44964
vt 0.0935 0.46187
vt 0.08424 0.46273
vt 0.07592 0.46368
vt 0.08658 0.4758
vt 0.07854 0.47687
vt 0.0711 0.47793
vt 0.08058 0.49006
vt 0.07324 0.49119
vt 0.06699 0.4922
vt 0.0758 0.50427
vt 0.06985 0.50532
vt 0.0646 0.50632
vt 0.06154 0.49312
vt 0.06047 0.50714
vt 0.05833 0.49369
vt 0.05668 0.50792
vt 0.06271 0.51992
vt 0.05884 0.52097
vt 0.05549 0.5219
vt 0.06122 0.53365
vt 0.0578 0.53479
vt 0.0552 0.53562
vt 0.06179 0.54818
vt 0.05918 0.54891
vt 0.05659 0.54967
vt 0.06247 0.56054
vt 0.05973 0.56106
vt 0.05701 0.56162
vt 0.06074 0.57187
vt 0.05809 0.57237
vt 0.05542 0.57293
vt 0.05816 0.5837
vt 0.05542 0.5843
vt 0.05275 0.58495
vt 0.05582 0.59611
vt 0.0531 0.59687
vt 0.0509 0.59759
vt 0.05351 0.60905
vt 0.05165 0.60976
vt 0.05025 0.61023
vt 0.05021 0.59803
vt 0.0519 0.62211
vt 0.04919 0.62283
vt 0.05734 0.07205
vt 0.05957 0.05998
vt 0.06236 0.06026
vt 0.06233 0.04587
vt 0.06492 0.04684
vt 0.06751 0.0478
vt 0.0724 0.03316
vt 0.07428 0.03502
vt 0.07601 0.03732
vt 0.08729 0.0272
vt 0.08603 0.0247
vt 0.09857 0.01965
vt 0.08479 0.02233
vt 0.09755 0.01701
vt 0.10915 0.01297
vt 0.09661 0.0144
vt 0.10845 0.01015
vt 0.11999 0.00621
vt 0.1066 0.68633
vt 0.09552 0.67997
vt 0.09692 0.67791
vt 0.10801 0.68407
vt 0.12041 0.68951
vt 0.11969 0.69222
vt 0.10855 0.68335
vt 0.12063 0.68877
vt 0.13604 0.68974
vt 0.12143 0.68582
vt 0.13586 0.68703
vt 0.15102 0.68396
vt 0.13568 0.68451
vt 0.15041 0.68149
vt 0.16387 0.67681
vt 0.1498 0.679
vt 0.16304 0.67421
vt 0.1753 0.66972
vt 0.16214 0.67142
vt 0.17428 0.66692
vt 0.18651 0.66252
vt 0.17317 0.66399
vt 0.18543 0.6596
vt 0.19782 0.65553
vt 0.18392 0.65547
vt 0.19643 0.65133
vt 0.20837 0.64686
vt 0.19484 0.64584
vt 0.2069 0.64152
vt 0.21835 0.63732
vt 0.20487 0.63414
vt 0.21615 0.62933
vt 0.22735 0.62488
vt 0.21195 0.62022
vt 0.2236 0.61574
vt 0.23602 0.61183
vt 0.21909 0.60693
vt 0.23264 0.60324
vt 0.24577 0.59929
vt 0.22933 0.59456
vt 0.24272 0.59034
vt 0.25603 0.58559
vt 0.23956 0.58142
vt 0.25298 0.57665
vt 0.26663 0.57126
vt 0.2492 0.56808
vt 0.26224 0.56289
vt 0.27478 0.55693
vt 0.25599 0.55461
vt 0.26778 0.54894
vt 0.2791 0.54262
vt 0.26062 0.54085
vt 0.27128 0.53485
vt 0.28131 0.52831
vt 0.26398 0.52711
vt 0.27371 0.52092
vt 0.28285 0.51425
vt 0.26676 0.51373
vt 0.27582 0.50754
vt 0.26053 0.50654
vt 0.26959 0.50093
vt 0.25512 0.49944
vt 0.26433 0.49428
vt 0.27319 0.48875
vt 0.25989 0.48792
vt 0.26909 0.48306
vt 0.27811 0.47763
vt 0.26498 0.4776
vt 0.27374 0.47309
vt 0.2832 0.46691
vt 0.26197 0.47171
vt 0.25563 0.4817
vt 0.25333 0.47444
vt 0.25343 0.46577
vt 0.26149 0.46391
vt 0.25425 0.4573
vt 0.26295 0.4555
vt 0.25543 0.44924
vt 0.26534 0.44735
vt 0.27564 0.44544
vt 0.28618 0.44422
vt 0.26753 0.43996
vt 0.27903 0.43758
vt 0.29076 0.43637
vt 0.28123 0.43016
vt 0.294 0.42871
vt 0.28302 0.42239
vt 0.29659 0.42095
vt 0.28552 0.41377
vt 0.29963 0.4127
vt 0.28847 0.40483
vt 0.30258 0.40403
vt 0.29094 0.39622
vt 0.30493 0.39639
vt 0.29296 0.3884
vt 0.3068 0.38898
vt 0.29442 0.38112
vt 0.30813 0.3823
vt 0.32236 0.38436
vt 0.30917 0.37624
vt 0.32303 0.37836
vt 0.33761 0.38251
vt 0.32371 0.37258
vt 0.33763 0.37655
vt 0.35152 0.38174
vt 0.36263 0.38893
vt 0.33775 0.37165
vt 0.35102 0.37562
vt 0.36239 0.38088
vt 0.39421 0.3212
vt 0.35065 0.37028
vt 0.36192 0.3738
vt 0.38964 0.32686
vt 0.38761 0.31939
vt 0.38623 0.33036
vt 0.38409 0.32303
vt 0.38225 0.33335
vt 0.38078 0.32577
vt 0.37772 0.33591
vt 0.3776 0.32781
vt 0.37293 0.33785
vt 0.37463 0.32918
vt 0.37522 0.32364
vt 0.37545 0.31986
vt 0.37201 0.32999
vt 0.37333 0.32395
vt 0.37446 0.32015
vt 0.37193 0.3244
vt 0.37313 0.32022
vt 0.37411 0.3166
vt 0.37544 0.31693
vt 0.37595 0.31246
vt 0.37385 0.31646
vt 0.37495 0.31224
vt 0.37625 0.30698
vt 0.37783 0.30745
vt 0.37751 0.30057
vt 0.37946 0.30119
vt 0.37487 0.30663
vt 0.37629 0.30011
vt 0.3734 0.30643
vt 0.37457 0.29971
vt 0.37187 0.30621
vt 0.37278 0.2994
vt 0.37047 0.30609
vt 0.37104 0.29916
vt 0.36922 0.30589
vt 0.36956 0.29911
vt 0.36807 0.30562
vt 0.36755 0.29886
vt 0.36628 0.30522
vt 0.36759 0.31067
vt 0.36877 0.31119
vt 0.36826 0.31448
vt 0.36738 0.31363
vt 0.36668 0.31679
vt 0.36572 0.31551
vt 0.36416 0.31918
vt 0.36308 0.31738
vt 0.36205 0.3156
vt 0.35786 0.31981
vt 0.35923 0.32225
vt 0.35118 0.32474
vt 0.3607 0.32468
vt 0.35286 0.32822
vt 0.34307 0.3293
vt 0.35454 0.3315
vt 0.34445 0.33301
vt 0.3341 0.33405
vt 0.34566 0.33649
vt 0.33497 0.33732
vt 0.32395 0.33921
vt 0.33602 0.34058
vt 0.32466 0.34226
vt 0.31219 0.3435
vt 0.32503 0.34519
vt 0.31222 0.34638
vt 0.29971 0.34713
vt 0.31218 0.34791
vt 0.29959 0.34795
vt 0.28656 0.34821
vt 0.29926 0.35064
vt 0.2862 0.35018
vt 0.2733 0.35035
vt 0.28592 0.35276
vt 0.27304 0.35269
vt 0.26056 0.35254
vt 0.27279 0.35523
vt 0.26046 0.35494
vt 0.24845 0.35467
vt 0.26029 0.35737
vt 0.24841 0.35707
vt 0.23681 0.35671
vt 0.24841 0.35959
vt 0.2369 0.35914
vt 0.22571 0.35915
vt 0.23698 0.36164
vt 0.22578 0.36195
vt 0.21474 0.36259
vt 0.22576 0.36518
vt 0.21469 0.36595
vt 0.20362 0.36655
vt 0.21449 0.36964
vt 0.20336 0.3702
vt 0.19212 0.37009
vt 0.20284 0.37422
vt 0.19178 0.3744
vt 0.18081 0.37413
vt 0.19121 0.38035
vt 0.18048 0.37984
vt 0.16947 0.3797
vt 0.1794 0.38856
vt 0.16841 0.38807
vt 0.15721 0.38771
vt 0.16661 0.39783
vt 0.1554 0.39745
vt 0.14407 0.39708
vt 0.15317 0.40765
vt 0.14165 0.4074
vt 0.12996 0.40699
vt 0.13937 0.41762
vt 0.12739 0.41721
vt 0.13764 0.42777
vt 0.12557 0.42731
vt 0.13674 0.43798
vt 0.12478 0.43758
vt 0.13661 0.44862
vt 0.12501 0.4485
vt 0.11354 0.44857
vt 0.12579 0.46014
vt 0.11458 0.46056
vt 0.10365 0.46116
vt 0.11573 0.47287
vt 0.10507 0.47379
vt 0.0952 0.47477
vt 0.10658 0.48654
vt 0.0971 0.48775
vt 0.08857 0.48891
vt 0.09885 0.50067
vt 0.09043 0.50195
vt 0.08253 0.50315
vt 0.09208 0.5145
vt 0.08447 0.5156
vt 0.07808 0.51662
vt 0.08495 0.52787
vt 0.07884 0.5291
vt 0.07351 0.53027
vt 0.07223 0.51767
vt 0.06902 0.53135
vt 0.06731 0.51881
vt 0.06477 0.53248
vt 0.07312 0.54478
vt 0.0689 0.54616
vt 0.06523 0.54723
vt 0.07256 0.55841
vt 0.06889 0.5592
vt 0.06539 0.55995
vt 0.06993 0.57041
vt 0.0661 0.57104
vt 0.06341 0.57145
vt 0.06681 0.58231
vt 0.06383 0.58276
vt 0.06097 0.58319
vt 0.0642 0.59424
vt 0.06134 0.59473
vt 0.05855 0.59537
vt 0.06174 0.60672
vt 0.05901 0.60743
vt 0.05628 0.60818
vt 0.05954 0.6199
vt 0.05684 0.62067
vt 0.05415 0.62147
vt 0.05795 0.63495
vt 0.05539 0.6358
vt 0.05402 0.63623
vt 0.06128 0.65254
vt 0.06074 0.6528
vt 0.05824 0.65311
vt 0.05177 0.63743
vt 0.07067 0.03108
vt 0.0693 0.02897
vt 0.0837 0.0199
vt 0.07182 0.66639
vt 0.07352 0.66453
vt 0.08572 0.67163
vt 0.08437 0.67374
vt 0.0752 0.6625
vt 0.0866 0.67074
vt 0.0976 0.67736
vt 0.08827 0.66876
vt 0.09902 0.67524
vt 0.10988 0.681
vt 0.10054 0.67283
vt 0.11121 0.6785
vt 0.12226 0.68299
vt 0.11247 0.67597
vt 0.12283 0.68009
vt 0.13554 0.68176
vt 0.12344 0.67724
vt 0.13515 0.67925
vt 0.14921 0.67646
vt 0.13486 0.67656
vt 0.14847 0.67374
vt 0.16113 0.66839
vt 0.12396 0.67453
vt 0.11375 0.67322
vt 0.11526 0.67052
vt 0.11725 0.66661
vt 0.10581 0.66503
vt 0.1078 0.66143
vt 0.10933 0.65741
vt 0.1197 0.6621
vt 0.11044 0.65287
vt 0.12181 0.65721
vt 0.09849 0.65201
vt 0.09995 0.64747
vt 0.08809 0.64503
vt 0.09212 0.64116
vt 0.09835 0.63741
vt 0.10726 0.63453
vt 0.0883 0.63323
vt 0.09603 0.63016
vt 0.10516 0.6272
vt 0.11581 0.62497
vt 0.11836 0.63317
vt 0.09422 0.62129
vt 0.10318 0.61868
vt 0.11354 0.61622
vt 0.12481 0.61417
vt 0.12746 0.62368
vt 0.10186 0.60894
vt 0.11149 0.60669
vt 0.12229 0.6043
vt 0.13379 0.60191
vt 0.13628 0.61208
vt 0.1099 0.59639
vt 0.12039 0.59408
vt 0.13178 0.59164
vt 0.14358 0.58903
vt 0.14567 0.59924
vt 0.11897 0.58344
vt 0.13016 0.58106
vt 0.14166 0.57857
vt 0.15334 0.57596
vt 0.15559 0.58624
vt 0.1284 0.57018
vt 0.1394 0.56778
vt 0.15071 0.56527
vt 0.16214 0.56269
vt 0.16524 0.57312
vt 0.13586 0.55661
vt 0.14677 0.55424
vt 0.15795 0.55185
vt 0.16928 0.54939
vt 0.17373 0.55995
vt 0.14212 0.54283
vt 0.15327 0.54071
vt 0.16442 0.53849
vt 0.17566 0.53617
vt 0.18067 0.54677
vt 0.14861 0.52943
vt 0.15981 0.52745
vt 0.17091 0.52538
vt 0.18192 0.52317
vt 0.18682 0.53366
vt 0.15598 0.51632
vt 0.16691 0.5144
vt 0.17771 0.51245
vt 0.18842 0.51041
vt 0.19285 0.52081
vt 0.16409 0.50313
vt 0.17482 0.50134
vt 0.18539 0.49951
vt 0.1958 0.49759
vt 0.19897 0.50822
vt 0.17313 0.4902
vt 0.18385 0.4886
vt 0.19446 0.48692
vt 0.20493 0.48514
vt 0.2061 0.49555
vt 0.18283 0.47798
vt 0.19356 0.47656
vt 0.20417 0.47507
vt 0.21465 0.47344
vt 0.21526 0.48328
vt 0.19297 0.4665
vt 0.20373 0.46532
vt 0.21436 0.46401
vt 0.22478 0.46251
vt 0.2249 0.47171
vt 0.20356 0.45587
vt 0.21428 0.45482
vt 0.2249 0.45368
vt 0.23531 0.45237
vt 0.23497 0.46088
vt 0.21447 0.44584
vt 0.2252 0.44501
vt 0.23582 0.44406
vt 0.24625 0.44299
vt 0.24556 0.45093
vt 0.2258 0.43626
vt 0.23654 0.43557
vt 0.24713 0.43479
vt 0.25774 0.43386
vt 0.2567 0.44175
vt 0.23764 0.42681
vt 0.24841 0.42611
vt 0.25929 0.42522
vt 0.27042 0.42418
vt 0.26884 0.43253
vt 0.25027 0.41706
vt 0.26135 0.4162
vt 0.27291 0.41517
vt 0.26375 0.40694
vt 0.27556 0.40593
vt 0.26614 0.39774
vt 0.27806 0.39697
vt 0.26832 0.38848
vt 0.28021 0.38828
vt 0.26984 0.38049
vt 0.28189 0.38029
vt 0.27083 0.37417
vt 0.28296 0.37382
vt 0.29553 0.37521
vt 0.28366 0.36995
vt 0.29622 0.3706
vt 0.30978 0.37138
vt 0.29675 0.36745
vt 0.30987 0.36797
vt 0.32414 0.36874
vt 0.31007 0.36512
vt 0.32426 0.36505
vt 0.33799 0.36723
vt 0.32452 0.36218
vt 0.33797 0.36378
vt 0.35067 0.36631
vt 0.3616 0.36888
vt 0.33801 0.36037
vt 0.3504 0.36213
vt 0.36139 0.36391
vt 0.33817 0.35693
vt 0.35014 0.35793
vt 0.36113 0.35874
vt 0.3381 0.35354
vt 0.34968 0.35383
vt 0.36093 0.35361
vt 0.33788 0.35026
vt 0.34915 0.3495
vt 0.36087 0.34783
vt 0.36743 0.33946
vt 0.34845 0.34596
vt 0.36081 0.34301
vt 0.36247 0.3403
vt 0.36946 0.33054
vt 0.36053 0.34121
vt 0.3684 0.33088
vt 0.37119 0.32457
vt 0.3728 0.32031
vt 0.36619 0.33002
vt 0.37 0.32407
vt 0.37139 0.32011
vt 0.37257 0.31646
vt 0.3683 0.32326
vt 0.37013 0.31965
vt 0.37133 0.31617
vt 0.36882 0.319
vt 0.37022 0.31577
vt 0.37098 0.31169
vt 0.37226 0.3119
vt 0.37352 0.31204
vt 0.36915 0.31525
vt 0.36978 0.31145
vt 0.36769 0.31798
vt 0.36677 0.32214
vt 0.36537 0.32085
vt 0.36235 0.32698
vt 0.36425 0.32855
vt 0.35639 0.33497
vt 0.35834 0.33807
vt 0.34677 0.34041
vt 0.34778 0.34423
vt 0.33697 0.34395
vt 0.33756 0.347
vt 0.32522 0.34767
vt 0.32521 0.35064
vt 0.31204 0.35069
vt 0.32517 0.35352
vt 0.31179 0.35348
vt 0.29896 0.35335
vt 0.31142 0.35628
vt 0.29855 0.35607
vt 0.28564 0.35541
vt 0.2981 0.35879
vt 0.28521 0.35809
vt 0.27256 0.35782
vt 0.28484 0.3608
vt 0.27223 0.36044
vt 0.26013 0.36
vt 0.27199 0.36309
vt 0.26004 0.36267
vt 0.24837 0.36227
vt 0.25981 0.36535
vt 0.24823 0.36493
vt 0.23692 0.36497
vt 0.248 0.36918
vt 0.23671 0.36908
vt 0.2256 0.36921
vt 0.2363 0.37426
vt 0.22518 0.37447
vt 0.21404 0.37449
vt 0.22433 0.38168
vt 0.21319 0.38143
vt 0.20213 0.38104
vt 0.212 0.39019
vt 0.20097 0.38971
vt 0.19017 0.38919
vt 0.1995 0.39915
vt 0.18869 0.3987
vt 0.17772 0.39826
vt 0.18668 0.40848
vt 0.17567 0.4081
vt 0.16451 0.40787
vt 0.17362 0.41813
vt 0.16245 0.41798
vt 0.15103 0.41788
vt 0.16083 0.42808
vt 0.14937 0.428
vt 0.15985 0.43816
vt 0.14841 0.43815
vt 0.1595 0.44837
vt 0.14811 0.44856
vt 0.15958 0.4588
vt 0.14837 0.45933
vt 0.13704 0.45976
vt 0.14903 0.47045
vt 0.13788 0.47126
vt 0.12672 0.47206
vt 0.13896 0.48296
vt 0.12792 0.48412
vt 0.117 0.48532
vt 0.12938 0.49628
vt 0.11845 0.4978
vt 0.10803 0.4993
vt 0.1202 0.5101
vt 0.10958 0.51183
vt 0.10033 0.51328
vt 0.11138 0.52355
vt 0.10153 0.5251
vt 0.09282 0.52649
vt 0.10552 0.53667
vt 0.0967 0.53839
vt 0.0888 0.5401
vt 0.10257 0.55108
vt 0.09491 0.55294
vt 0.08831 0.5546
vt 0.08298 0.54169
vt 0.08247 0.55606
vt 0.07766 0.54327
vt 0.07743 0.55727
vt 0.08474 0.56764
vt 0.07934 0.56869
vt 0.07424 0.56967
vt 0.07982 0.58016
vt 0.07465 0.58106
vt 0.07052 0.58173
vt 0.07496 0.59246
vt 0.07089 0.59314
vt 0.06705 0.59378
vt 0.07127 0.60479
vt 0.06748 0.60556
vt 0.06459 0.60613
vt 0.06793 0.61773
vt 0.06509 0.61841
vt 0.06226 0.61914
vt 0.06584 0.63179
vt 0.06315 0.63297
vt 0.06054 0.63396
vt 0.06773 0.6475
vt 0.06559 0.64919
vt 0.0634 0.65078
vt 0.07691 0.66055
vt 0.07883 0.65854
vt 0.08998 0.66651
vt 0.08097 0.65667
vt 0.09177 0.6644
vt 0.10218 0.67043
vt 0.09335 0.66203
vt 0.10392 0.66791
vt 0.09508 0.65938
vt 0.08268 0.65469
vt 0.08391 0.65195
vt 0.0856 0.64866
vt 0.09712 0.65609
vt 0.0748 0.64155
vt 0.07777 0.63939
vt 0.08239 0.63634
vt 0.07515 0.62808
vt 0.08035 0.62597
vt 0.08658 0.62374
vt 0.08033 0.6145
vt 0.08625 0.61294
vt 0.09339 0.61107
vt 0.08549 0.60184
vt 0.09274 0.60025
vt 0.10085 0.59839
vt 0.09213 0.58918
vt 0.10002 0.58749
vt 0.10876 0.58561
vt 0.09932 0.57633
vt 0.1079 0.57451
vt 0.11768 0.57245
vt 0.10635 0.56307
vt 0.11546 0.5611
vt 0.12534 0.55891
vt 0.11127 0.54909
vt 0.12093 0.54702
vt 0.1313 0.54488
vt 0.11535 0.53497
vt 0.12609 0.53318
vt 0.13727 0.53135
vt 0.12235 0.52184
vt 0.13367 0.52005
vt 0.14486 0.51821
vt 0.13121 0.50835
vt 0.14227 0.50663
vt 0.15321 0.50489
vt 0.14037 0.49479
vt 0.15137 0.49328
vt 0.16228 0.49177
vt 0.14999 0.48178
vt 0.16103 0.48056
vt 0.17197 0.47931
vt 0.16012 0.46961
vt 0.17116 0.46865
vt 0.18211 0.46765
vt 0.1707 0.45823
vt 0.18172 0.45759
vt 0.19268 0.45681
vt 0.18176 0.44768
vt 0.19271 0.44722
vt 0.20362 0.44658
vt 0.19317 0.43763
vt 0.20406 0.43729
vt 0.21495 0.43688
vt 0.20494 0.42792
vt 0.21584 0.4278
vt 0.2268 0.42742
vt 0.21736 0.4185
vt 0.22829 0.41835
vt 0.23929 0.41783
vt 0.23039 0.40896
vt 0.24128 0.40859
vt 0.25241 0.40787
vt 0.24343 0.39907
vt 0.25463 0.39843
vt 0.24527 0.38978
vt 0.25662 0.38912
vt 0.24661 0.38129
vt 0.25805 0.38067
vt 0.24751 0.37451
vt 0.25896 0.3742
vt 0.25947 0.36924
vt 0.27139 0.36931
vt 0.27172 0.36605
vt 0.28416 0.36643
vt 0.28458 0.36354
vt 0.29715 0.36445
vt 0.29763 0.3616
vt 0.31057 0.36212
vt 0.31104 0.3592
vt 0.32479 0.35934
vt 0.32499 0.35647
vt 0.23546 0.38163
vt 0.23415 0.39015
vt 0.22311 0.3904
vt 0.23247 0.39949
vt 0.22151 0.39954
vt 0.21048 0.39943
vt 0.21964 0.40897
vt 0.20865 0.4088
vt 0.19765 0.40879
vt 0.20657 0.41844
vt 0.19568 0.41834
vt 0.18466 0.4183
vt 0.19412 0.42807
vt 0.18315 0.42808
vt 0.17205 0.42812
vt 0.18223 0.43786
vt 0.17112 0.43804
vt 0.17073 0.44803
vt 0.09803 0.56487
vt 0.09174 0.57792
vt 0.09061 0.56647
vt 0.08554 0.57911
vt 0.08548 0.5905
vt 0.07989 0.59155
vt 0.07992 0.60302
vt 0.07528 0.60396
vt 0.07542 0.61581
vt 0.07138 0.61683
vt 0.07176 0.62941
vt 0.06859 0.63072
vt 0.07207 0.6438
vt 0.06983 0.64562
vt 0.24484 0.45912
vt 0.24437 0.4678
vt 0.23483 0.46981
vt 0.24434 0.47693
vt 0.23503 0.47922
vt 0.22534 0.48132
vt 0.23628 0.48864
vt 0.22638 0.49126
vt 0.21632 0.49341
vt 0.23003 0.5
vt 0.2197 0.50299
vt 0.20941 0.50573
vt 0.22497 0.51195
vt 0.21443 0.51523
vt 0.20369 0.51817
vt 0.21979 0.52438
vt 0.20891 0.52779
vt 0.19791 0.53087
vt 0.21463 0.53726
vt 0.20341 0.5407
vt 0.19205 0.54386
vt 0.20884 0.5503
vt 0.19717 0.5538
vt 0.18541 0.55701
vt 0.20182 0.56337
vt 0.18951 0.56686
vt 0.17726 0.57013
vt 0.19305 0.57626
vt 0.18031 0.57981
vt 0.16786 0.58317
vt 0.18295 0.58928
vt 0.17021 0.59294
vt 0.15781 0.59625
vt 0.17248 0.60275
vt 0.16011 0.60641
vt 0.14811 0.6095
vt 0.16294 0.61685
vt 0.15115 0.6204
vt 0.1393 0.62248
vt 0.15699 0.63041
vt 0.14363 0.63259
vt 0.13042 0.63312
vt 0.14907 0.64046
vt 0.13441 0.64125
vt 0.16348 0.63815
vt 0.17658 0.63477
vt 0.18014 0.64268
vt 0.17013 0.62655
vt 0.18223 0.62225
vt 0.18901 0.63067
vt 0.17509 0.61276
vt 0.18769 0.60838
vt 0.19395 0.61719
vt 0.18524 0.59872
vt 0.19853 0.59449
vt 0.20098 0.60329
vt 0.19601 0.58542
vt 0.20942 0.58137
vt 0.21242 0.59012
vt 0.2059 0.57252
vt 0.21878 0.56851
vt 0.22274 0.57717
vt 0.21407 0.55961
vt 0.22611 0.55554
vt 0.23149 0.56423
vt 0.22044 0.5465
vt 0.2318 0.54236
vt 0.23796 0.55104
vt 0.22566 0.53342
vt 0.2365 0.52926
vt 0.24289 0.53773
vt 0.23049 0.52063
vt 0.24085 0.51648
vt 0.24712 0.5246
vt 0.23531 0.50828
vt 0.24541 0.50412
vt 0.25088 0.51173
vt 0.24032 0.49652
vt 0.25032 0.49244
vt 0.24603 0.48542
vt 0.25719 0.51941
vt 0.25369 0.53271
vt 0.24947 0.54618
vt 0.24393 0.55962
vt 0.23595 0.57277
vt 0.22614 0.58584
vt 0.21536 0.59859
vt 0.20608 0.61156
vt 0.2008 0.62575
vt 0.1929 0.63879
vt 0.18209 0.64984
vt 0.36713 0.423
vt 0.40593 0.18748
vt 0.61777 0.5203
vt 0.62406 0.52271
vt 0.61768 0.52946
vt 0.61283 0.52335
vt 0.61863 0.51434
vt 0.62708 0.51529
vt 0.60916 0.51642
vt 0.62016 0.16204
vt 0.60961 0.16263
vt 0.61094 0.15302
vt 0.62354 0.15604
vt 0.6257 0.16776
vt 0.614 0.17057
vt 0.63556 0.16206
vt 0.65423 0.23389
vt 0.64669 0.23332
vt 0.64742 0.22603
vt 0.65719 0.22925
vt 0.6584 0.23955
vt 0.6493 0.24193
vt 0.66422 0.23567
vt 0.60012 0.34694
vt 0.60538 0.34542
vt 0.60578 0.35251
vt 0.59816 0.35216
vt 0.59143 0.34933
vt 0.59629 0.3434
vt 0.60281 0.33918
vt 0.64599 0.65675
vt 0.65477 0.66394
vt 0.63521 0.66682
vt 0.6356 0.65739
vt 0.65102 0.65007
vt 0.6623 0.65337
vt 0.63979 0.64705
vt 0.57325 0.60599
vt 0.57315 0.61226
vt 0.56303 0.6085
vt 0.56765 0.60108
vt 0.57449 0.59553
vt 0.58004 0.60318
vt 0.5832 0.61112
vt 0.75427 0.56658
vt 0.76113 0.56074
vt 0.76499 0.56767
vt 0.7564 0.57266
vt 0.74826 0.56567
vt 0.75141 0.55759
vt 0.74574 0.57432
vt 0.80297 0.32119
vt 0.80671 0.31668
vt 0.81156 0.32682
vt 0.80509 0.32814
vt 0.79724 0.3176
vt 0.799 0.31015
vt 0.79748 0.32684
vt 0.7984 0.337
vt 0.78942 0.33471
vt 0.78859 0.32435
vt 0.78867 0.31463
vt 0.80712 0.33879
vt 0.80873 0.3496
vt 0.79943 0.34789
vt 0.81515 0.33764
vt 0.81789 0.3487
vt 0.81994 0.36011
vt 0.81012 0.36061
vt 0.82267 0.33401
vt 0.82658 0.34574
vt 0.8294 0.35793
vt 0.83123 0.37049
vt 0.82133 0.37187
vt 0.83483 0.34171
vt 0.83836 0.35472
vt 0.84091 0.3681
vt 0.84227 0.38163
vt 0.83215 0.38325
vt 0.84717 0.35105
vt 0.85026 0.36503
vt 0.85226 0.37923
vt 0.85315 0.39344
vt 0.84275 0.39521
vt 0.85979 0.36159
vt 0.86223 0.37627
vt 0.86367 0.3911
vt 0.86399 0.4059
vt 0.85318 0.40772
vt 0.87245 0.37292
vt 0.87428 0.38814
vt 0.87504 0.40355
vt 0.87473 0.41897
vt 0.86347 0.42074
vt 0.88518 0.38475
vt 0.88626 0.40065
vt 0.88625 0.41675
vt 0.88511 0.43297
vt 0.87356 0.43447
vt 0.39992 0.31894
vt 0.40823 0.30255
vt 0.41953 0.30554
vt 0.41146 0.32151
vt 0.40403 0.33761
vt 0.39276 0.33589
vt 0.39778 0.35425
vt 0.38646 0.35275
vt 0.42235 0.32435
vt 0.41502 0.34011
vt 0.40845 0.35605
vt 0.40318 0.3724
vt 0.39239 0.37091
vt 0.42523 0.34286
vt 0.41891 0.35842
vt 0.41338 0.3741
vt 0.409 0.39016
vt 0.3987 0.38876
vt 0.4282 0.36092
vt 0.42287 0.37618
vt 0.41837 0.39163
vt 0.41505 0.40743
vt 0.40546 0.40619
vt 0.43055 0.37803
vt 0.42655 0.39317
vt 0.4233 0.40857
vt 0.42094 0.42421
vt 0.41247 0.42325
vt 0.4336 0.39458
vt 0.4307 0.40987
vt 0.42852 0.42535
vt 0.42722 0.44082
vt 0.41933 0.43988
vt 0.43762 0.41112
vt 0.43577 0.42659
vt 0.43454 0.44202
vt 0.43415 0.4574
vt 0.42665 0.45635
vt 0.44245 0.42754
vt 0.44163 0.44309
vt 0.44129 0.45856
vt 0.44141 0.47398
vt 0.43429 0.47294
vt 0.4483 0.44401
vt 0.44821 0.45976
vt 0.44848 0.47521
vt 0.44962 0.49012
vt 0.44239 0.4895
vt 0.45495 0.46075
vt 0.45572 0.47621
vt 0.45705 0.49066
vt 0.45924 0.50478
vt 0.45178 0.50478
vt 0.46305 0.47668
vt 0.46477 0.49089
vt 0.46679 0.50472
vt 0.46954 0.51885
vt 0.46215 0.51908
vt 0.47278 0.49112
vt 0.47488 0.50495
vt 0.47722 0.5188
vt 0.48046 0.53329
vt 0.47284 0.53334
vt 0.48324 0.50534
vt 0.48532 0.51915
vt 0.48836 0.53319
vt 0.49233 0.54734
vt 0.48455 0.54772
vt 0.49389 0.5195
vt 0.49668 0.53303
vt 0.50043 0.54679
vt 0.50549 0.56068
vt 0.49761 0.56165
vt 0.50551 0.53219
vt 0.50904 0.54554
vt 0.51369 0.55902
vt 0.51994 0.57239
vt 0.51192 0.5747
vt 0.51807 0.54353
vt 0.52259 0.55652
vt 0.52838 0.56932
vt 0.53561 0.58142
vt 0.52759 0.58516
vt 0.53147 0.55343
vt 0.53708 0.56568
vt 0.54393 0.57699
vt 0.55177 0.58683
vt 0.54401 0.59229
vt 0.54573 0.56141
vt 0.55259 0.57171
vt 0.56015 0.58079
vt 0.56788 0.58829
vt 0.56001 0.595
vt 0.56135 0.56628
vt 0.56888 0.57534
vt 0.57613 0.58377
vt 0.58255 0.59176
vt 0.57734 0.57053
vt 0.58437 0.57928
vt 0.59073 0.5873
vt 0.59239 0.57428
vt 0.59876 0.5818
vt 0.60458 0.58838
vt 0.59637 0.59443
vt 0.58792 0.5994
vt 0.60112 0.60071
vt 0.59231 0.60643
vt 0.6048 0.60552
vt 0.5954 0.61225
vt 0.58425 0.6177
vt 0.57152 0.619
vt 0.5977 0.61639
vt 0.58552 0.6227
vt 0.57015 0.62495
vt 0.58678 0.62736
vt 0.56988 0.63076
vt 0.55172 0.62824
vt 0.55473 0.62146
vt 0.55875 0.61512
vt 0.54148 0.61275
vt 0.54702 0.60718
vt 0.55315 0.60161
vt 0.5366 0.59716
vt 0.52974 0.60124
vt 0.51999 0.58828
vt 0.5232 0.60461
vt 0.51285 0.59052
vt 0.50442 0.57615
vt 0.50582 0.59229
vt 0.49707 0.57721
vt 0.49008 0.56234
vt 0.49 0.57804
vt 0.48281 0.56294
vt 0.4772 0.54808
vt 0.47581 0.56364
vt 0.47007 0.54853
vt 0.46557 0.53381
vt 0.46293 0.54917
vt 0.45844 0.53422
vt 0.45482 0.51947
vt 0.45119 0.53459
vt 0.44753 0.51965
vt 0.44445 0.50475
vt 0.44013 0.51972
vt 0.43721 0.5044
vt 0.43523 0.48877
vt 0.42982 0.50389
vt 0.42798 0.48795
vt 0.42687 0.47206
vt 0.42032 0.48722
vt 0.41928 0.47138
vt 0.41873 0.4556
vt 0.41079 0.4709
vt 0.41039 0.45505
vt 0.41075 0.43907
vt 0.40077 0.45459
vt 0.40132 0.43847
vt 0.40275 0.42227
vt 0.39114 0.43808
vt 0.39266 0.4216
vt 0.39507 0.40507
vt 0.38207 0.42111
vt 0.38452 0.40431
vt 0.38788 0.38744
vt 0.37345 0.40368
vt 0.37682 0.38669
vt 0.38104 0.36957
vt 0.88017 0.46562
vt 0.87626 0.48163
vt 0.86493 0.48033
vt 0.86861 0.46521
vt 0.87154 0.44998
vt 0.88306 0.44931
vt 0.8572 0.46461
vt 0.86002 0.45013
vt 0.86218 0.43552
vt 0.84873 0.44984
vt 0.85088 0.43591
vt 0.85243 0.4219
vt 0.83982 0.4357
vt 0.84142 0.42227
vt 0.84249 0.4088
vt 0.83062 0.4219
vt 0.83175 0.40898
vt 0.83236 0.39612
vt 0.82115 0.4083
vt 0.82181 0.39601
vt 0.82194 0.38387
vt 0.81132 0.3949
vt 0.81149 0.38325
vt 0.81119 0.3718
vt 0.80118 0.38153
vt 0.80094 0.37022
vt 0.80038 0.35899
vt 0.7911 0.36787
vt 0.7908 0.35666
vt 0.79027 0.34554
vt 0.78123 0.35447
vt 0.78074 0.34342
vt 0.77992 0.3324
vt 0.77108 0.34141
vt 0.77019 0.33019
vt 0.76948 0.31862
vt 0.77899 0.32159
vt 0.76991 0.30708
vt 0.77918 0.31114
vt 0.77166 0.2961
vt 0.78103 0.30112
vt 0.79025 0.3057
vt 0.78411 0.29193
vt 0.79336 0.29774
vt 0.80257 0.30395
vt 0.81096 0.31256
vt 0.79777 0.29035
vt 0.80732 0.29814
vt 0.81616 0.30734
vt 0.82362 0.31788
vt 0.81747 0.32292
vt 0.81282 0.2918
vt 0.82215 0.30159
vt 0.83035 0.31252
vt 0.83728 0.32449
vt 0.82987 0.32929
vt 0.82885 0.29545
vt 0.8376 0.30706
vt 0.84507 0.31971
vt 0.85125 0.33319
vt 0.8429 0.33748
vt 0.84553 0.30157
vt 0.85338 0.3148
vt 0.86002 0.3287
vt 0.86539 0.34303
vt 0.85615 0.34722
vt 0.86227 0.30975
vt 0.86926 0.32385
vt 0.87501 0.33852
vt 0.87956 0.3536
vt 0.86958 0.35786
vt 0.45139 0.23879
vt 0.46503 0.22452
vt 0.47297 0.23157
vt 0.46039 0.24521
vt 0.44859 0.25933
vt 0.43902 0.25413
vt 0.43803 0.27443
vt 0.42754 0.26975
vt 0.4691 0.2514
vt 0.45806 0.26509
vt 0.44785 0.27916
vt 0.43878 0.29391
vt 0.42823 0.28962
vt 0.46687 0.27066
vt 0.45721 0.28437
vt 0.44833 0.29818
vt 0.44022 0.31265
vt 0.43019 0.30878
vt 0.46515 0.2889
vt 0.45692 0.30257
vt 0.44895 0.31639
vt 0.44117 0.33086
vt 0.4324 0.32738
vt 0.4631 0.30582
vt 0.45486 0.31949
vt 0.44712 0.33359
vt 0.44061 0.3482
vt 0.43429 0.34573
vt 0.4602 0.32229
vt 0.45292 0.3363
vt 0.44664 0.35047
vt 0.44154 0.36495
vt 0.43519 0.363
vt 0.45829 0.33853
vt 0.4525 0.3525
vt 0.44765 0.3667
vt 0.44361 0.38118
vt 0.43712 0.37961
vt 0.45805 0.35423
vt 0.45352 0.36828
vt 0.44972 0.3825
vt 0.44661 0.39712
vt 0.44028 0.3959
vt 0.45932 0.3697
vt 0.45574 0.38373
vt 0.45273 0.39805
vt 0.45041 0.41289
vt 0.44406 0.41211
vt 0.46199 0.38487
vt 0.45911 0.39892
vt 0.45682 0.41345
vt 0.45545 0.42877
vt 0.44894 0.42832
vt 0.46593 0.39959
vt 0.46355 0.41401
vt 0.46189 0.42914
vt 0.46127 0.44518
vt 0.45482 0.44471
vt 0.47037 0.41476
vt 0.46848 0.42987
vt 0.46795 0.4455
vt 0.46867 0.46127
vt 0.46177 0.46134
vt 0.47551 0.43081
vt 0.47506 0.4459
vt 0.47597 0.46109
vt 0.4781 0.47627
vt 0.47056 0.47663
vt 0.48282 0.44649
vt 0.48371 0.46099
vt 0.48585 0.47586
vt 0.48877 0.49081
vt 0.48077 0.49119
vt 0.4922 0.46127
vt 0.49414 0.47536
vt 0.49684 0.48995
vt 0.49992 0.50459
vt 0.49155 0.50551
vt 0.50296 0.47514
vt 0.50533 0.48895
vt 0.50823 0.50304
vt 0.5113 0.51697
vt 0.50263 0.5187
vt 0.51417 0.48802
vt 0.51683 0.50145
vt 0.51994 0.51489
vt 0.52337 0.52802
vt 0.51449 0.5304
vt 0.52566 0.49968
vt 0.52868 0.51257
vt 0.53213 0.5253
vt 0.536 0.53775
vt 0.52708 0.54084
vt 0.53753 0.51009
vt 0.54092 0.52235
vt 0.5447 0.53443
vt 0.54913 0.54592
vt 0.54024 0.54994
vt 0.54969 0.51924
vt 0.55346 0.53075
vt 0.5579 0.54171
vt 0.56343 0.55183
vt 0.55446 0.55663
vt 0.56219 0.52706
vt 0.56667 0.53746
vt 0.57213 0.54728
vt 0.57861 0.55668
vt 0.57007 0.56141
vt 0.5753 0.53319
vt 0.58064 0.5427
vt 0.58677 0.55197
vt 0.59346 0.56069
vt 0.58547 0.56585
vt 0.5889 0.53801
vt 0.59478 0.54675
vt 0.6011 0.55494
vt 0.60256 0.5411
vt 0.60869 0.54842
vt 0.61477 0.55468
vt 0.60754 0.56203
vt 0.60007 0.56863
vt 0.61372 0.5682
vt 0.60643 0.57546
vt 0.61981 0.57344
vt 0.61246 0.58137
vt 0.62495 0.57724
vt 0.61786 0.58619
vt 0.60986 0.5941
vt 0.62182 0.58942
vt 0.61346 0.59782
vt 0.6251 0.59205
vt 0.61678 0.60109
vt 0.60785 0.60929
vt 0.61979 0.60405
vt 0.61066 0.61257
vt 0.60011 0.6203
vt 0.61357 0.61574
vt 0.60278 0.62383
vt 0.58882 0.63171
vt 0.60533 0.62708
vt 0.59169 0.63567
vt 0.57368 0.64197
vt 0.57094 0.63661
vt 0.54738 0.64295
vt 0.54945 0.63542
vt 0.52472 0.62587
vt 0.53075 0.62211
vt 0.53607 0.61802
vt 0.51674 0.60748
vt 0.51051 0.60965
vt 0.49922 0.59374
vt 0.50381 0.61123
vt 0.49272 0.59503
vt 0.4831 0.57894
vt 0.4861 0.59619
vt 0.47635 0.5801
vt 0.4688 0.56455
vt 0.46957 0.58149
vt 0.46191 0.5658
vt 0.45586 0.55008
vt 0.45475 0.56702
vt 0.44873 0.55091
vt 0.4439 0.53508
vt 0.44124 0.5517
vt 0.43648 0.53552
vt 0.43255 0.51964
vt 0.42856 0.53576
vt 0.42472 0.5194
vt 0.42199 0.50323
vt 0.41635 0.51922
vt 0.41366 0.50277
vt 0.41175 0.48668
vt 0.40414 0.50284
vt 0.40223 0.48659
vt 0.401 0.47057
vt 0.39221 0.48698
vt 0.39102 0.47074
vt 0.39049 0.45442
vt 0.3806 0.47124
vt 0.38015 0.45465
vt 0.38049 0.43784
vt 0.36938 0.45507
vt 0.36977 0.43801
vt 0.37099 0.42075
vt 0.86588 0.51302
vt 0.85918 0.52825
vt 0.84896 0.5243
vt 0.85513 0.50991
vt 0.86049 0.49528
vt 0.87151 0.49742
vt 0.84456 0.50677
vt 0.84946 0.49298
vt 0.85373 0.47896
vt 0.83866 0.49048
vt 0.84261 0.47716
vt 0.84602 0.46366
vt 0.83175 0.47507
vt 0.83496 0.46217
vt 0.83771 0.44907
vt 0.82418 0.46025
vt 0.82681 0.44763
vt 0.82903 0.43485
vt 0.81621 0.44568
vt 0.81835 0.43329
vt 0.82006 0.42082
vt 0.80795 0.43115
vt 0.80957 0.41901
vt 0.81074 0.40691
vt 0.7993 0.41662
vt 0.80038 0.4048
vt 0.80104 0.39308
vt 0.79026 0.40222
vt 0.79089 0.39065
vt 0.79121 0.3792
vt 0.78092 0.3881
vt 0.78127 0.37682
vt 0.78143 0.3656
vt 0.77147 0.37449
vt 0.77164 0.36344
vt 0.7716 0.35243
vt 0.76204 0.36151
vt 0.76193 0.35055
vt 0.76159 0.33946
vt 0.75286 0.34888
vt 0.75249 0.33768
vt 0.75226 0.32592
vt 0.76086 0.32797
vt 0.75205 0.31332
vt 0.76046 0.31576
vt 0.75216 0.30043
vt 0.76079 0.30339
vt 0.75256 0.288
vt 0.76181 0.29138
vt 0.75268 0.27612
vt 0.7632 0.28056
vt 0.77406 0.28592
vt 0.7648 0.27048
vt 0.77673 0.27674
vt 0.78778 0.28333
vt 0.77996 0.26815
vt 0.79193 0.27537
vt 0.80276 0.28309
vt 0.79675 0.26748
vt 0.80829 0.27574
vt 0.81897 0.28497
vt 0.81442 0.26802
vt 0.82575 0.27798
vt 0.83625 0.2892
vt 0.83316 0.27096
vt 0.84417 0.28301
vt 0.85394 0.29609
vt 0.49514 0.19767
vt 0.51213 0.18567
vt 0.51687 0.19456
vt 0.50096 0.20622
vt 0.4863 0.21848
vt 0.47959 0.21085
vt 0.50673 0.21425
vt 0.49331 0.22623
vt 0.48076 0.23835
vt 0.50012 0.23319
vt 0.48858 0.24514
vt 0.47727 0.25731
vt 0.49467 0.25022
vt 0.48409 0.26238
vt 0.47414 0.27523
vt 0.48966 0.26663
vt 0.47998 0.27908
vt 0.47113 0.29212
vt 0.48525 0.28262
vt 0.47654 0.29534
vt 0.4683 0.30864
vt 0.48133 0.29833
vt 0.47304 0.31134
vt 0.46514 0.32479
vt 0.47751 0.31394
vt 0.46992 0.32712
vt 0.46342 0.34056
vt 0.475 0.32939
vt 0.46872 0.34251
vt 0.46356 0.3559
vt 0.47452 0.34449
vt 0.46955 0.35761
vt 0.46534 0.37103
vt 0.47597 0.35934
vt 0.47197 0.37246
vt 0.46868 0.38584
vt 0.4791 0.37389
vt 0.47589 0.38684
vt 0.47294 0.40031
vt 0.48353 0.38818
vt 0.48022 0.40169
vt 0.47732 0.41598
vt 0.48777 0.40381
vt 0.48478 0.41794
vt 0.48318 0.43219
vt 0.49314 0.42023
vt 0.49171 0.43386
vt 0.49145 0.44748
vt 0.50086 0.43545
vt 0.50057 0.44854
vt 0.50126 0.46168
vt 0.50998 0.44938
vt 0.51059 0.46197
vt 0.51205 0.47483
vt 0.5201 0.46208
vt 0.52134 0.47436
vt 0.5232 0.48694
vt 0.53079 0.47373
vt 0.53247 0.48567
vt 0.53467 0.49781
vt 0.54191 0.4843
vt 0.5439 0.49579
vt 0.54642 0.50747
vt 0.55322 0.49364
vt 0.55553 0.5048
vt 0.55847 0.51606
vt 0.56463 0.502
vt 0.56733 0.51279
vt 0.57086 0.52331
vt 0.57615 0.50938
vt 0.57956 0.51939
vt 0.58375 0.52898
vt 0.58822 0.51545
vt 0.5922 0.52445
vt 0.5969 0.533
vt 0.60061 0.51996
vt 0.60488 0.52801
vt 0.61012 0.53534
vt 0.6233 0.53425
vt 0.61605 0.54147
vt 0.62909 0.53852
vt 0.62194 0.54675
vt 0.63464 0.54236
vt 0.62769 0.55116
vt 0.62067 0.55989
vt 0.63303 0.55493
vt 0.62659 0.56441
vt 0.63719 0.55755
vt 0.63135 0.56749
vt 0.64053 0.55942
vt 0.63499 0.56951
vt 0.62875 0.57968
vt 0.63855 0.57137
vt 0.63215 0.58184
vt 0.64177 0.57321
vt 0.63537 0.58381
vt 0.62798 0.59456
vt 0.63842 0.58577
vt 0.63099 0.59662
vt 0.62263 0.60684
vt 0.63398 0.59873
vt 0.62562 0.60911
vt 0.61628 0.61838
vt 0.62862 0.61144
vt 0.6195 0.62113
vt 0.60858 0.63025
vt 0.5952 0.63933
vt 0.6227 0.62376
vt 0.61217 0.63332
vt 0.59935 0.64287
vt 0.61634 0.63634
vt 0.60459 0.64616
vt 0.59232 0.65585
vt 0.58499 0.65169
vt 0.57808 0.64704
vt 0.57202 0.66143
vt 0.56073 0.6533
vt 0.53191 0.64372
vt 0.51879 0.64375
vt 0.50803 0.62824
vt 0.51667 0.62739
vt 0.49689 0.61242
vt 0.49892 0.62835
vt 0.48946 0.613
vt 0.47907 0.59745
vt 0.48163 0.61361
vt 0.47186 0.59864
vt 0.46244 0.58304
vt 0.46415 0.59993
vt 0.45484 0.58445
vt 0.44717 0.56821
vt 0.44647 0.58574
vt 0.43904 0.56913
vt 0.4332 0.55238
vt 0.42997 0.56975
vt 0.42452 0.55271
vt 0.42 0.53593
vt 0.41417 0.55282
vt 0.41028 0.53594
vt 0.40681 0.51928
vt 0.39999 0.53598
vt 0.39686 0.51958
vt 0.39412 0.50323
vt 0.38659 0.52013
vt 0.38396 0.50396
vt 0.38181 0.48764
vt 0.37356 0.50517
vt 0.37143 0.4888
vt 0.36985 0.47203
vt 0.84278 0.55757
vt 0.83278 0.57161
vt 0.82432 0.56538
vt 0.83365 0.55204
vt 0.84185 0.53839
vt 0.85152 0.54308
vt 0.82489 0.54646
vt 0.83237 0.53354
vt 0.83889 0.5204
vt 0.82305 0.52865
vt 0.82895 0.5162
vt 0.83417 0.50354
vt 0.81916 0.51191
vt 0.82387 0.49993
vt 0.82812 0.4877
vt 0.81372 0.49605
vt 0.81759 0.48449
vt 0.82115 0.4726
vt 0.80721 0.48093
vt 0.81057 0.46958
vt 0.81366 0.45784
vt 0.8002 0.46616
vt 0.80321 0.45483
vt 0.80587 0.44315
vt 0.79296 0.45139
vt 0.79556 0.44008
vt 0.79777 0.42845
vt 0.78546 0.43663
vt 0.78759 0.42529
vt 0.78924 0.4138
vt 0.77758 0.42194
vt 0.77914 0.41073
vt 0.78031 0.39943
vt 0.76923 0.40774
vt 0.7703 0.39669
vt 0.77111 0.38562
vt 0.76069 0.39424
vt 0.76141 0.38338
vt 0.76191 0.37247
vt 0.75206 0.38154
vt 0.75258 0.37076
vt 0.75292 0.35995
vt 0.74375 0.36952
vt 0.74436 0.35868
vt 0.7447 0.34763
vt 0.73788 0.35793
vt 0.73835 0.34674
vt 0.73878 0.33504
vt 0.7447 0.33609
vt 0.7387 0.32282
vt 0.74456 0.32406
vt 0.73855 0.31021
vt 0.74448 0.31143
vt 0.7374 0.29718
vt 0.74417 0.29833
vt 0.7361 0.2844
vt 0.744 0.28561
vt 0.73447 0.27164
vt 0.74327 0.27333
vt 0.73299 0.25917
vt 0.74231 0.26144
vt 0.75277 0.26483
vt 0.74205 0.25
vt 0.75367 0.25477
vt 0.76699 0.26096
vt 0.75579 0.24516
vt 0.77021 0.25243
vt 0.78404 0.25987
vt 0.77521 0.24457
vt 0.78928 0.25182
vt 0.80234 0.25934
vt 0.79581 0.2432
vt 0.8088 0.25092
vt 0.8213 0.26026
vt 0.54775 0.16618
vt 0.56562 0.16001
vt 0.56805 0.1702
vt 0.55126 0.17598
vt 0.53375 0.18403
vt 0.5299 0.17506
vt 0.55438 0.18434
vt 0.53745 0.19252
vt 0.52127 0.20266
vt 0.5405 0.19948
vt 0.52573 0.20977
vt 0.51218 0.22106
vt 0.53003 0.21551
vt 0.51734 0.22642
vt 0.50563 0.23811
vt 0.52217 0.23119
vt 0.51083 0.24256
vt 0.49996 0.25458
vt 0.51558 0.24674
vt 0.50498 0.25851
vt 0.49476 0.2705
vt 0.5095 0.26212
vt 0.49944 0.27402
vt 0.49 0.28595
vt 0.50396 0.2774
vt 0.49455 0.28926
vt 0.48585 0.30125
vt 0.49912 0.29261
vt 0.49046 0.3044
vt 0.48218 0.31655
vt 0.49531 0.30769
vt 0.48734 0.31939
vt 0.48049 0.33175
vt 0.49336 0.32251
vt 0.48673 0.33433
vt 0.48089 0.34663
vt 0.49361 0.33714
vt 0.48809 0.3491
vt 0.48325 0.36131
vt 0.49589 0.35191
vt 0.49119 0.36363
vt 0.487 0.37556
vt 0.49984 0.3667
vt 0.49563 0.37824
vt 0.49154 0.39036
vt 0.50465 0.38169
vt 0.50018 0.39375
vt 0.49595 0.40671
vt 0.50877 0.39767
vt 0.50476 0.41004
vt 0.5021 0.42262
vt 0.51415 0.4131
vt 0.51171 0.42489
vt 0.51032 0.43701
vt 0.52152 0.42689
vt 0.52011 0.43835
vt 0.51964 0.45007
vt 0.53009 0.43947
vt 0.52953 0.45063
vt 0.52977 0.46205
vt 0.53952 0.451
vt 0.53966 0.46189
vt 0.54045 0.47294
vt 0.54974 0.4615
vt 0.55035 0.47201
vt 0.55149 0.48274
vt 0.56048 0.47091
vt 0.56137 0.48095
vt 0.56266 0.49133
vt 0.57157 0.47923
vt 0.57245 0.489
vt 0.57376 0.49906
vt 0.58259 0.48698
vt 0.58337 0.49643
vt 0.58509 0.50604
vt 0.59348 0.49422
vt 0.59469 0.50295
vt 0.59712 0.51157
vt 0.60493 0.50074
vt 0.60657 0.50874
vt 0.61564 0.50002
vt 0.6167 0.5074
vt 0.62626 0.50052
vt 0.62677 0.50789
vt 0.63531 0.50188
vt 0.6348 0.50979
vt 0.6333 0.51813
vt 0.62951 0.5266
vt 0.64171 0.51189
vt 0.63943 0.52078
vt 0.63513 0.52999
vt 0.64506 0.52334
vt 0.6409 0.53316
vt 0.64998 0.52557
vt 0.64541 0.53559
vt 0.63936 0.54532
vt 0.64906 0.53766
vt 0.6428 0.54747
vt 0.65219 0.53955
vt 0.64615 0.54953
vt 0.65528 0.54118
vt 0.6494 0.55149
vt 0.64398 0.56129
vt 0.65273 0.5533
vt 0.64735 0.56313
vt 0.65592 0.5551
vt 0.6507 0.56494
vt 0.64492 0.57499
vt 0.65389 0.56663
vt 0.648 0.57674
vt 0.64139 0.58763
vt 0.65091 0.57846
vt 0.64435 0.58941
vt 0.63662 0.60059
vt 0.64735 0.59121
vt 0.63968 0.60255
vt 0.63147 0.6136
vt 0.64295 0.60445
vt 0.63496 0.61569
vt 0.62639 0.62639
vt 0.6387 0.61776
vt 0.63035 0.62887
vt 0.6208 0.63926
vt 0.6105 0.64923
vt 0.63495 0.63134
vt 0.62623 0.64214
vt 0.61723 0.65227
vt 0.6104 0.66272
vt 0.60078 0.65957
vt 0.63253 0.64472
vt 0.6251 0.65491
vt 0.62143 0.66554
vt 0.63852 0.67525
vt 0.62142 0.67633
vt 0.60773 0.67506
vt 0.48551 0.64215
vt 0.47506 0.64028
vt 0.47105 0.62796
vt 0.48049 0.62791
vt 0.48984 0.62811
vt 0.49615 0.64326
vt 0.59524 0.67209
vt 0.50714 0.64389
vt 0.58347 0.66755
vt 0.47298 0.61424
vt 0.46385 0.61489
vt 0.45551 0.60119
vt 0.45414 0.61657
vt 0.44579 0.60287
vt 0.43658 0.58694
vt 0.43459 0.60609
vt 0.42464 0.58754
vt 0.41872 0.57006
vt 0.41106 0.5857
vt 0.40654 0.56909
vt 0.40318 0.55257
vt 0.39402 0.56743
vt 0.39161 0.55164
vt 0.38955 0.53611
vt 0.38017 0.55067
vt 0.3789 0.53644
vt 0.37625 0.52119
vt 0.80822 0.59891
vt 0.79244 0.61229
vt 0.78727 0.60325
vt 0.80144 0.59109
vt 0.81373 0.57845
vt 0.82141 0.58527
vt 0.79571 0.5832
vt 0.80674 0.57134
vt 0.81648 0.5591
vt 0.8004 0.56431
vt 0.80896 0.55268
vt 0.8165 0.54082
vt 0.80166 0.54639
vt 0.80809 0.53511
vt 0.81397 0.52365
vt 0.7998 0.52938
vt 0.80487 0.51843
vt 0.80956 0.50736
vt 0.79569 0.51311
vt 0.79976 0.50255
vt 0.80366 0.49192
vt 0.78985 0.49762
vt 0.7934 0.48748
vt 0.79697 0.47707
vt 0.78323 0.48269
vt 0.7867 0.47275
vt 0.79005 0.46233
vt 0.77647 0.46817
vt 0.77978 0.45817
vt 0.78289 0.44764
vt 0.76967 0.45398
vt 0.77281 0.44368
vt 0.77555 0.43296
vt 0.76306 0.43978
vt 0.76566 0.42932
vt 0.76777 0.41863
vt 0.75626 0.426
vt 0.75819 0.4156
vt 0.75973 0.40504
vt 0.74909 0.41296
vt 0.75043 0.40268
vt 0.75145 0.39222
vt 0.74178 0.40078
vt 0.74249 0.39057
vt 0.74328 0.38017
vt 0.73665 0.38975
vt 0.73726 0.37946
vt 0.73771 0.36886
vt 0.73223 0.37895
vt 0.73271 0.36842
vt 0.73299 0.35751
vt 0.72794 0.36804
vt 0.72826 0.35707
vt 0.72861 0.34558
vt 0.73337 0.34607
vt 0.72888 0.33347
vt 0.73368 0.33416
vt 0.72876 0.32115
vt 0.73364 0.32182
vt 0.72824 0.30898
vt 0.73329 0.30939
vt 0.727 0.29682
vt 0.73202 0.29676
vt 0.72517 0.28452
vt 0.73016 0.2842
vt 0.72292 0.27163
vt 0.7282 0.27144
vt 0.72003 0.25824
vt 0.72576 0.25824
vt 0.71715 0.24428
vt 0.72345 0.24508
vt 0.7317 0.24665
vt 0.7215 0.2317
vt 0.73123 0.23465
vt 0.74298 0.23889
vt 0.7322 0.22299
vt 0.7456 0.22902
vt 0.76011 0.23639
vt 0.75114 0.22092
vt 0.76697 0.22952
vt 0.7818 0.23625
vt 0.59724 0.15324
vt 0.59739 0.16386
vt 0.58338 0.16631
vt 0.58223 0.15582
vt 0.60038 0.17259
vt 0.58609 0.17538
vt 0.57075 0.17887
vt 0.58839 0.18286
vt 0.57297 0.18643
vt 0.55652 0.19141
vt 0.57456 0.19318
vt 0.55868 0.19819
vt 0.54377 0.20572
vt 0.56091 0.20464
vt 0.54722 0.21169
vt 0.53423 0.2207
vt 0.55048 0.21764
vt 0.53833 0.22595
vt 0.52674 0.23573
vt 0.54216 0.23118
vt 0.531 0.24036
vt 0.51999 0.25073
vt 0.535 0.24517
vt 0.52437 0.25489
vt 0.514 0.26567
vt 0.529 0.25923
vt 0.5186 0.26945
vt 0.50842 0.28081
vt 0.52339 0.27348
vt 0.51304 0.28443
vt 0.50376 0.29608
vt 0.51798 0.28852
vt 0.50889 0.29989
vt 0.50082 0.31114
vt 0.51475 0.30388
vt 0.5071 0.31493
vt 0.49997 0.32585
vt 0.51455 0.31884
vt 0.5076 0.3296
vt 0.50135 0.3406
vt 0.5159 0.33387
vt 0.50987 0.3445
vt 0.50447 0.35546
vt 0.51871 0.34899
vt 0.51354 0.35955
vt 0.50891 0.37041
vt 0.52254 0.36397
vt 0.51794 0.3746
vt 0.51345 0.38583
vt 0.52673 0.37897
vt 0.52214 0.38995
vt 0.5177 0.40136
vt 0.53108 0.39359
vt 0.52699 0.40451
vt 0.52376 0.41557
vt 0.53661 0.4073
vt 0.53366 0.41778
vt 0.53143 0.42846
vt 0.54376 0.41978
vt 0.54155 0.42996
vt 0.54017 0.44035
vt 0.55194 0.43129
vt 0.55052 0.44114
vt 0.54972 0.45123
vt 0.56115 0.44183
vt 0.56031 0.45135
vt 0.5601 0.46099
vt 0.5713 0.45138
vt 0.57096 0.46049
vt 0.57097 0.4697
vt 0.58221 0.46
vt 0.58205 0.46878
vt 0.58217 0.47776
vt 0.59337 0.46815
vt 0.59319 0.47675
vt 0.59315 0.48546
vt 0.60444 0.47627
vt 0.60424 0.48456
vt 0.6042 0.4927
vt 0.6154 0.48444
vt 0.61537 0.49237
vt 0.62623 0.48495
vt 0.62614 0.49289
vt 0.63615 0.48602
vt 0.6357 0.49407
vt 0.64482 0.48739
vt 0.64394 0.49548
vt 0.64293 0.50354
vt 0.65122 0.49707
vt 0.64974 0.50529
vt 0.64786 0.51391
vt 0.65576 0.50695
vt 0.6533 0.5159
vt 0.66071 0.50842
vt 0.65762 0.5175
vt 0.65414 0.52755
vt 0.66128 0.51884
vt 0.6574 0.52907
vt 0.66456 0.52001
vt 0.66047 0.53035
vt 0.6678 0.52122
vt 0.66348 0.53174
vt 0.65835 0.54279
vt 0.66645 0.53312
vt 0.66142 0.54442
vt 0.66956 0.53448
vt 0.66447 0.54589
vt 0.65913 0.55677
vt 0.66761 0.54732
vt 0.66241 0.55826
vt 0.65698 0.56831
vt 0.66548 0.55967
vt 0.66005 0.56994
vt 0.65398 0.58018
vt 0.66326 0.57161
vt 0.65714 0.58195
vt 0.65041 0.59301
vt 0.66052 0.58377
vt 0.65364 0.59479
vt 0.64647 0.60636
vt 0.65722 0.59672
vt 0.65034 0.60825
vt 0.64292 0.61989
vt 0.6546 0.61027
vt 0.64751 0.62189
vt 0.64003 0.63372
vt 0.65283 0.62415
vt 0.64614 0.63591
vt 0.66028 0.62698
vt 0.6545 0.63866
vt 0.6691 0.6298
vt 0.66486 0.6416
vt 0.67997 0.63256
vt 0.67681 0.64449
vt 0.67279 0.65664
vt 0.69006 0.64674
vt 0.68662 0.6588
vt 0.68201 0.67118
vt 0.66402 0.66878
vt 0.45149 0.64037
vt 0.44843 0.63131
vt 0.46077 0.62856
vt 0.46365 0.63898
vt 0.44266 0.62021
vt 0.69918 0.67216
vt 0.70172 0.65993
vt 0.71737 0.65999
vt 0.71539 0.67184
vt 0.70433 0.64811
vt 0.71965 0.64832
vt 0.73599 0.64711
vt 0.73329 0.65944
vt 0.73058 0.6714
vt 0.72143 0.63673
vt 0.73736 0.63543
vt 0.7545 0.63178
vt 0.75299 0.64434
vt 0.75045 0.65712
vt 0.73765 0.62455
vt 0.75416 0.62064
vt 0.77092 0.61418
vt 0.77231 0.6255
vt 0.77093 0.63874
vt 0.75319 0.6105
vt 0.76865 0.60386
vt 0.78305 0.59447
vt 0.76653 0.59458
vt 0.7793 0.58581
vt 0.79064 0.57558
vt 0.7763 0.57764
vt 0.78593 0.56807
vt 0.79437 0.5575
vt 0.78153 0.56058
vt 0.78822 0.5507
vt 0.79435 0.54021
vt 0.78142 0.54411
vt 0.78652 0.53408
vt 0.79136 0.52367
vt 0.77824 0.52829
vt 0.78245 0.51803
vt 0.78634 0.50776
vt 0.77342 0.5128
vt 0.7767 0.50244
vt 0.77997 0.4924
vt 0.76727 0.49748
vt 0.77002 0.48728
vt 0.77307 0.47764
vt 0.76011 0.48291
vt 0.76284 0.47319
vt 0.76625 0.46379
vt 0.75317 0.46938
vt 0.75641 0.45975
vt 0.76 0.44996
vt 0.7472 0.45616
vt 0.75076 0.4463
vt 0.75389 0.43624
vt 0.74206 0.44302
vt 0.74501 0.43309
vt 0.74741 0.42306
vt 0.73678 0.43031
vt 0.73879 0.42051
vt 0.74054 0.41073
vt 0.73243 0.41871
vt 0.73391 0.40918
vt 0.73519 0.39954
vt 0.72915 0.40812
vt 0.73033 0.39871
vt 0.73152 0.38905
vt 0.72549 0.39786
vt 0.72651 0.38833
vt 0.7274 0.37848
vt 0.72202 0.38765
vt 0.72266 0.37788
vt 0.72337 0.36765
vt 0.71822 0.37742
vt 0.71898 0.36725
vt 0.71941 0.35625
vt 0.72381 0.35667
vt 0.71963 0.34457
vt 0.7241 0.34504
vt 0.71975 0.33238
vt 0.72427 0.33284
vt 0.71931 0.32041
vt 0.72406 0.3207
vt 0.71848 0.30881
vt 0.72334 0.30885
vt 0.71721 0.29726
vt 0.72212 0.297
vt 0.71556 0.28541
vt 0.72032 0.28496
vt 0.71324 0.27287
vt 0.718 0.27215
vt 0.7101 0.25916
vt 0.7149 0.25849
vt 0.7065 0.2445
vt 0.7116 0.24417
vt 0.7016 0.22982
vt 0.70745 0.22941
vt 0.71413 0.22988
vt 0.7017 0.21454
vt 0.71053 0.21572
vt 0.72021 0.21824
vt 0.70768 0.20214
vt 0.72147 0.20688
vt 0.73518 0.21244
vt 0.64549 0.16839
vt 0.65483 0.17632
vt 0.63929 0.1795
vt 0.63322 0.17376
vt 0.62245 0.1821
vt 0.61818 0.17685
vt 0.60343 0.17949
vt 0.60603 0.18525
vt 0.59025 0.18941
vt 0.62581 0.1874
vt 0.60842 0.19074
vt 0.59179 0.19503
vt 0.57565 0.19977
vt 0.61049 0.19572
vt 0.59352 0.20035
vt 0.57744 0.20568
vt 0.56338 0.21095
vt 0.59533 0.20538
vt 0.57952 0.21119
vt 0.56571 0.21697
vt 0.5537 0.22348
vt 0.58183 0.21646
vt 0.56847 0.22279
vt 0.55676 0.2294
vt 0.54583 0.23661
vt 0.57146 0.22844
vt 0.56004 0.23522
vt 0.54924 0.24236
vt 0.53913 0.25028
vt 0.56357 0.24121
vt 0.55332 0.2483
vt 0.5437 0.25579
vt 0.53384 0.26393
vt 0.55817 0.25445
vt 0.54876 0.26167
vt 0.53884 0.26912
vt 0.5283 0.27782
vt 0.55445 0.26822
vt 0.544 0.27512
vt 0.53336 0.28307
vt 0.52339 0.29282
vt 0.54917 0.28169
vt 0.53885 0.28916
vt 0.52987 0.29797
vt 0.52195 0.30816
vt 0.54582 0.29582
vt 0.53736 0.30396
vt 0.52969 0.31325
vt 0.52256 0.32342
vt 0.5454 0.31068
vt 0.53791 0.3194
vt 0.531 0.32881
vt 0.52453 0.33879
vt 0.54597 0.32554
vt 0.53932 0.33454
vt 0.53312 0.34401
vt 0.52758 0.35383
vt 0.54727 0.34025
vt 0.54148 0.34926
vt 0.53622 0.35877
vt 0.53138 0.36858
vt 0.54959 0.3545
vt 0.54471 0.36359
vt 0.54003 0.37312
vt 0.53551 0.38309
vt 0.55313 0.36828
vt 0.54875 0.37745
vt 0.54446 0.38694
vt 0.54026 0.39699
vt 0.55773 0.38135
vt 0.55371 0.39051
vt 0.54982 0.39997
vt 0.54652 0.40979
vt 0.56333 0.39364
vt 0.55979 0.4027
vt 0.55663 0.412
vt 0.55401 0.42161
vt 0.57 0.4051
vt 0.56702 0.4141
vt 0.56453 0.42321
vt 0.56259 0.43246
vt 0.57758 0.41604
vt 0.5753 0.42481
vt 0.5735 0.43356
vt 0.57215 0.44247
vt 0.58658 0.42613
vt 0.58494 0.4345
vt 0.58364 0.44286
vt 0.58269 0.45137
vt 0.59681 0.43499
vt 0.59556 0.44312
vt 0.59446 0.45131
vt 0.59378 0.45967
vt 0.60733 0.44328
vt 0.6062 0.45141
vt 0.60531 0.4596
vt 0.60478 0.4679
vt 0.6176 0.45169
vt 0.6167 0.45985
vt 0.616 0.46805
vt 0.61563 0.47628
vt 0.62771 0.46037
vt 0.62697 0.46862
vt 0.62644 0.47682
vt 0.63735 0.46951
vt 0.63666 0.47783
vt 0.6469 0.47071
vt 0.64583 0.47915
vt 0.65514 0.47206
vt 0.65388 0.48056
vt 0.65256 0.48886
vt 0.66129 0.48207
vt 0.65964 0.49039
vt 0.65767 0.49853
vt 0.66505 0.49165
vt 0.6633 0.50001
vt 0.66958 0.49276
vt 0.6673 0.5011
vt 0.66462 0.50963
vt 0.67096 0.50216
vt 0.66818 0.51079
vt 0.67448 0.50321
vt 0.6715 0.51187
vt 0.67785 0.50431
vt 0.67475 0.51306
vt 0.67092 0.52242
vt 0.67776 0.51416
vt 0.67402 0.52371
vt 0.68059 0.51527
vt 0.67673 0.52481
vt 0.67233 0.53568
vt 0.6799 0.52608
vt 0.67551 0.53702
vt 0.67069 0.54872
vt 0.67861 0.53845
vt 0.67392 0.55001
vt 0.66877 0.56127
vt 0.67714 0.55135
vt 0.67214 0.56275
vt 0.66665 0.57333
vt 0.67554 0.56424
vt 0.67008 0.5751
vt 0.66404 0.5857
vt 0.67378 0.57692
vt 0.66778 0.58773
vt 0.6613 0.59872
vt 0.67192 0.5899
vt 0.66554 0.60083
vt 0.65944 0.61236
vt 0.67219 0.60383
vt 0.66633 0.6153
vt 0.67961 0.60654
vt 0.67432 0.61804
vt 0.68814 0.60914
vt 0.68346 0.62059
vt 0.69871 0.61181
vt 0.69481 0.6231
vt 0.69207 0.63495
vt 0.70789 0.62509
vt 0.70629 0.63646
vt 0.72217 0.62578
vt 0.71063 0.61409
vt 0.72364 0.61501
vt 0.73772 0.61429
vt 0.72582 0.60427
vt 0.7385 0.60401
vt 0.75247 0.60098
vt 0.74057 0.59382
vt 0.75288 0.59132
vt 0.76535 0.58562
vt 0.75435 0.58152
vt 0.76531 0.57647
vt 0.77406 0.56937
vt 0.77078 0.56115
vt 0.77628 0.55326
vt 0.76476 0.55422
vt 0.76901 0.54664
vt 0.77374 0.53801
vt 0.76057 0.54156
vt 0.76533 0.53262
vt 0.76974 0.52302
vt 0.75687 0.52786
vt 0.76092 0.51821
vt 0.76445 0.50806
vt 0.75205 0.51384
vt 0.75528 0.50383
vt 0.75796 0.49332
vt 0.74604 0.49993
vt 0.74846 0.48973
vt 0.75054 0.47927
vt 0.73944 0.48638
vt 0.74156 0.47597
vt 0.74411 0.46597
vt 0.73306 0.47296
vt 0.73532 0.46279
vt 0.73862 0.4529
vt 0.72797 0.46022
vt 0.73105 0.45021
vt 0.73452 0.44022
vt 0.72539 0.44815
vt 0.72821 0.43808
vt 0.73097 0.42832
vt 0.72387 0.43651
vt 0.72612 0.42687
vt 0.72779 0.41744
vt 0.72171 0.42558
vt 0.72322 0.41632
vt 0.72444 0.40711
vt 0.71874 0.41534
vt 0.71996 0.40622
vt 0.72094 0.39704
vt 0.71563 0.40541
vt 0.71664 0.39631
vt 0.7175 0.387
vt 0.71242 0.39563
vt 0.71326 0.38643
vt 0.71409 0.377
vt 0.70953 0.38597
vt 0.71015 0.37655
vt 0.7108 0.36641
vt 0.7146 0.36676
vt 0.71107 0.35553
vt 0.71512 0.35589
vt 0.71127 0.34383
vt 0.71536 0.34419
vt 0.71086 0.33186
vt 0.7153 0.33202
vt 0.70987 0.32012
vt 0.71458 0.3202
vt 0.70872 0.30899
vt 0.71359 0.30886
vt 0.70742 0.29782
vt 0.71234 0.29754
vt 0.70579 0.28632
vt 0.71073 0.28587
vt 0.70378 0.27404
vt 0.70853 0.27351
vt 0.70087 0.26075
vt 0.70543 0.25992
vt 0.69696 0.24659
vt 0.70181 0.2453
vt 0.69124 0.23299
vt 0.69634 0.2311
vt 0.68298 0.22005
vt 0.68802 0.21683
vt 0.69379 0.21439
vt 0.67301 0.20215
vt 0.67638 0.19607
vt 0.69272 0.19838
vt 0.66517 0.18522
vt 0.6488 0.19152
vt 0.64449 0.18559
vt 0.62865 0.19238
vt 0.65062 0.19688
vt 0.63063 0.19751
vt 0.61254 0.20045
vt 0.63198 0.20261
vt 0.61436 0.20535
vt 0.59733 0.21023
vt 0.61611 0.21034
vt 0.59948 0.21514
vt 0.58435 0.22162
vt 0.60183 0.22025
vt 0.58746 0.22676
vt 0.57481 0.23413
vt 0.59104 0.23216
vt 0.57896 0.23982
vt 0.56801 0.24729
vt 0.58408 0.24565
vt 0.57384 0.25351
vt 0.5642 0.26117
vt 0.58022 0.25981
vt 0.57032 0.26763
vt 0.56005 0.27488
vt 0.57636 0.27416
vt 0.56588 0.28144
vt 0.5554 0.28844
vt 0.57231 0.28815
vt 0.56247 0.29533
vt 0.55345 0.30274
vt 0.56958 0.302
vt 0.56106 0.30942
vt 0.5532 0.31722
vt 0.56821 0.31578
vt 0.56064 0.32348
vt 0.55367 0.33161
vt 0.56753 0.32945
vt 0.56097 0.33741
vt 0.555 0.34579
vt 0.56798 0.34283
vt 0.56252 0.35098
vt 0.55763 0.3595
vt 0.56993 0.35579
vt 0.56575 0.364
vt 0.56171 0.37252
vt 0.57411 0.36795
vt 0.57061 0.37625
vt 0.56697 0.38482
vt 0.57979 0.37937
vt 0.57659 0.38777
vt 0.57328 0.39631
vt 0.58645 0.39025
vt 0.58346 0.39874
vt 0.58036 0.4073
vt 0.59365 0.40088
vt 0.591 0.40937
vt 0.58845 0.41777
vt 0.60193 0.41047
vt 0.59993 0.41868
vt 0.59821 0.42684
vt 0.61146 0.41881
vt 0.60995 0.42699
vt 0.60858 0.4351
vt 0.62127 0.42707
vt 0.61994 0.4353
vt 0.61867 0.4435
vt 0.63086 0.43554
vt 0.62964 0.44387
vt 0.62854 0.45212
vt 0.6401 0.44431
vt 0.63905 0.45274
vt 0.63811 0.46116
vt 0.64892 0.45349
vt 0.64785 0.46213
vt 0.65786 0.45444
vt 0.65656 0.46327
vt 0.66599 0.45558
vt 0.66443 0.46457
vt 0.6628 0.47348
vt 0.67152 0.46598
vt 0.66975 0.47493
vt 0.66728 0.4834
vt 0.6741 0.47591
vt 0.6719 0.48447
vt 0.67789 0.47695
vt 0.67572 0.48544
vt 0.67339 0.49375
vt 0.67948 0.48643
vt 0.67704 0.49478
vt 0.68306 0.48749
vt 0.68055 0.49584
vt 0.68655 0.48854
vt 0.68396 0.49692
vt 0.68092 0.50535
vt 0.68708 0.49797
vt 0.68408 0.50651
vt 0.69026 0.49907
vt 0.68728 0.50769
vt 0.68377 0.51652
vt 0.69057 0.50895
vt 0.68704 0.51787
vt 0.68312 0.52742
vt 0.69049 0.51932
vt 0.68643 0.52903
vt 0.68194 0.53978
vt 0.68992 0.53071
vt 0.68521 0.54124
vt 0.68057 0.5527
vt 0.68869 0.54299
vt 0.68389 0.55416
vt 0.67904 0.56582
vt 0.68802 0.55625
vt 0.68319 0.56772
vt 0.67781 0.57889
vt 0.68893 0.57038
vt 0.68375 0.58161
vt 0.67812 0.59271
vt 0.69053 0.58443
vt 0.68517 0.59548
vt 0.6985 0.58727
vt 0.69341 0.59817
vt 0.70783 0.58992
vt 0.70327 0.60082
vt 0.71821 0.59205
vt 0.7142 0.60301
vt 0.72919 0.59355
vt 0.72181 0.58147
vt 0.73241 0.58321
vt 0.74327 0.58383
vt 0.73525 0.5735
vt 0.72487 0.57127
vt 0.72824 0.56135
vt 0.73785 0.56432
vt 0.73305 0.55162
vt 0.74184 0.55526
vt 0.73884 0.5421
vt 0.74709 0.54609
vt 0.75581 0.54983
vt 0.75231 0.53717
vt 0.74385 0.53277
vt 0.74833 0.52348
vt 0.73521 0.52857
vt 0.73941 0.51926
vt 0.74308 0.50979
vt 0.73068 0.51541
vt 0.73413 0.50605
vt 0.73707 0.49644
vt 0.72607 0.50289
vt 0.72891 0.49343
vt 0.73118 0.48346
vt 0.72141 0.49078
vt 0.7234 0.48088
vt 0.72552 0.47061
vt 0.71748 0.47903
vt 0.71966 0.46886
vt 0.72245 0.45847
vt 0.71523 0.46763
vt 0.7178 0.45709
vt 0.72076 0.44647
vt 0.71388 0.456
vt 0.71666 0.44519
vt 0.71963 0.43512
vt 0.71289 0.44429
vt 0.71546 0.43406
vt 0.71741 0.4245
vt 0.71146 0.43309
vt 0.71326 0.4236
vt 0.71455 0.41441
vt 0.70911 0.42288
vt 0.71041 0.4137
vt 0.71152 0.40468
vt 0.7065 0.41301
vt 0.70764 0.40405
vt 0.70875 0.39509
vt 0.70389 0.40352
vt 0.70476 0.39455
vt 0.70545 0.38555
vt 0.70065 0.39412
vt 0.70134 0.3851
vt 0.70195 0.37574
vt 0.70613 0.37617
vt 0.70232 0.36569
vt 0.70652 0.36606
vt 0.70261 0.35486
vt 0.70686 0.35513
vt 0.70258 0.34348
vt 0.70697 0.3436
vt 0.70174 0.33188
vt 0.7063 0.33181
vt 0.70011 0.32056
vt 0.70502 0.32021
vt 0.69845 0.30941
vt 0.7036 0.30914
vt 0.69719 0.29846
vt 0.70239 0.29814
vt 0.69565 0.28721
vt 0.7008 0.28675
vt 0.69386 0.27527
vt 0.69894 0.27468
vt 0.69098 0.26295
vt 0.69601 0.26172
vt 0.68697 0.25014
vt 0.69206 0.24817
vt 0.68122 0.23824
vt 0.68624 0.23536
vt 0.6738 0.22764
vt 0.67838 0.22373
vt 0.66369 0.21865
vt 0.66692 0.2132
vt 0.67024 0.20761
vt 0.65055 0.20819
vt 0.65087 0.2025
vt 0.63324 0.20779
vt 0.64982 0.2139
vt 0.63389 0.21332
vt 0.61799 0.21546
vt 0.63469 0.21919
vt 0.6197 0.22102
vt 0.60476 0.22548
vt 0.62169 0.22715
vt 0.60826 0.23123
vt 0.59567 0.23784
vt 0.61218 0.23789
vt 0.60083 0.24408
vt 0.59017 0.25186
vt 0.60617 0.2515
vt 0.59615 0.25871
vt 0.58637 0.26656
vt 0.60226 0.26639
vt 0.59247 0.2736
vt 0.58249 0.28096
vt 0.59845 0.28089
vt 0.58863 0.28792
vt 0.57887 0.29491
vt 0.5946 0.29491
vt 0.58527 0.30161
vt 0.57642 0.30851
vt 0.59138 0.30825
vt 0.58282 0.31486
vt 0.57482 0.32191
vt 0.58867 0.32107
vt 0.58098 0.32776
vt 0.57408 0.33506
vt 0.58675 0.33339
vt 0.58036 0.3403
vt 0.57478 0.34782
vt 0.58601 0.34508
vt 0.58141 0.35235
vt 0.57766 0.35996
vt 0.58861 0.35602
vt 0.58574 0.36338
vt 0.58282 0.37121
vt 0.59431 0.3659
vt 0.59193 0.3737
vt 0.58927 0.38188
vt 0.60112 0.37541
vt 0.59889 0.38378
vt 0.59634 0.39221
vt 0.60849 0.38474
vt 0.60632 0.39344
vt 0.60404 0.40197
vt 0.61662 0.3935
vt 0.61485 0.40205
vt 0.61308 0.41047
vt 0.6256 0.4019
vt 0.62413 0.41039
vt 0.62265 0.41874
vt 0.63497 0.41034
vt 0.63358 0.41884
vt 0.63216 0.42719
vt 0.64412 0.41892
vt 0.64273 0.42745
vt 0.64135 0.43586
vt 0.65283 0.42779
vt 0.65144 0.43638
vt 0.65004 0.4449
vt 0.66061 0.43691
vt 0.65936 0.44564
vt 0.66891 0.43748
vt 0.66756 0.44649
vt 0.67608 0.43803
vt 0.67434 0.44732
vt 0.67285 0.45674
vt 0.67956 0.44819
vt 0.67758 0.45774
vt 0.67586 0.46707
vt 0.68194 0.45877
vt 0.67988 0.46807
vt 0.68598 0.45974
vt 0.68375 0.46908
vt 0.68163 0.478
vt 0.68748 0.47011
vt 0.68534 0.47903
vt 0.69105 0.47107
vt 0.68873 0.48001
vt 0.69474 0.47223
vt 0.69214 0.481
vt 0.68954 0.48948
vt 0.69565 0.48221
vt 0.69299 0.49065
vt 0.69919 0.4834
vt 0.69653 0.49189
vt 0.69364 0.50031
vt 0.70014 0.49318
vt 0.69723 0.50168
vt 0.6941 0.51033
vt 0.70107 0.50318
vt 0.69784 0.51191
vt 0.6942 0.52097
vt 0.70177 0.51362
vt 0.69807 0.52282
vt 0.69369 0.5326
vt 0.7022 0.52479
vt 0.69781 0.53481
vt 0.69295 0.5452
vt 0.70341 0.53747
vt 0.69825 0.54794
vt 0.6935 0.55893
vt 0.7045 0.55105
vt 0.6997 0.56195
vt 0.69553 0.57331
vt 0.707 0.56517
vt 0.70306 0.57627
vt 0.71553 0.5684
vt 0.71187 0.57914
vt 0.71166 0.55452
vt 0.71963 0.55788
vt 0.71688 0.54406
vt 0.72479 0.54764
vt 0.72221 0.53412
vt 0.73038 0.53796
vt 0.72684 0.52474
vt 0.7148 0.53065
vt 0.71903 0.52123
vt 0.72285 0.51211
vt 0.71235 0.51827
vt 0.71573 0.50916
vt 0.71891 0.50015
vt 0.70967 0.50668
vt 0.71229 0.49766
vt 0.71505 0.48862
vt 0.70784 0.49601
vt 0.71041 0.48705
vt 0.71293 0.47776
vt 0.70657 0.4858
vt 0.70915 0.47667
vt 0.71138 0.46667
vt 0.7054 0.47555
vt 0.70766 0.4656
vt 0.71025 0.45499
vt 0.70408 0.46461
vt 0.7066 0.45398
vt 0.70925 0.44335
vt 0.70305 0.45308
vt 0.70549 0.44257
vt 0.70749 0.4323
vt 0.70168 0.4418
vt 0.7036 0.43166
vt 0.70519 0.42209
vt 0.69997 0.4311
vt 0.70154 0.42155
vt 0.7029 0.41244
vt 0.6976 0.421
vt 0.69887 0.41192
vt 0.69984 0.40301
vt 0.69471 0.4115
vt 0.69567 0.4026
vt 0.69651 0.39374
vt 0.69142 0.40229
vt 0.6923 0.39339
vt 0.69305 0.38438
vt 0.69719 0.38472
vt 0.69347 0.37493
vt 0.69776 0.37538
vt 0.69375 0.36492
vt 0.69816 0.3653
vt 0.69377 0.35444
vt 0.69829 0.35457
vt 0.69337 0.34369
vt 0.69809 0.34353
vt 0.69215 0.33278
vt 0.69703 0.33227
vt 0.69015 0.32166
vt 0.69516 0.32103
vt 0.68804 0.31044
vt 0.69327 0.30985
vt 0.68614 0.29925
vt 0.6918 0.29882
vt 0.68452 0.28802
vt 0.69031 0.28767
vt 0.68243 0.27669
vt 0.68846 0.27596
vt 0.67959 0.26554
vt 0.68555 0.26422
vt 0.67595 0.25454
vt 0.68173 0.2523
vt 0.67041 0.24433
vt 0.67604 0.24125
vt 0.66933 0.23163
vt 0.6606 0.22405
vt 0.64863 0.21982
vt 0.63571 0.22566
vt 0.63645 0.23321
vt 0.62448 0.23437
vt 0.63887 0.24268
vt 0.62768 0.24336
vt 0.61657 0.2461
vt 0.63214 0.2534
vt 0.62151 0.25542
vt 0.61176 0.2598
vt 0.62717 0.26509
vt 0.61777 0.26856
vt 0.60824 0.27412
vt 0.62292 0.27777
vt 0.61362 0.28214
vt 0.60409 0.28827
vt 0.61855 0.29085
vt 0.60954 0.29586
vt 0.60036 0.3019
vt 0.61442 0.30414
vt 0.60569 0.30922
vt 0.597 0.31483
vt 0.61035 0.31692
vt 0.60201 0.32168
vt 0.59403 0.3271
vt 0.60647 0.32869
vt 0.5988 0.33322
vt 0.59193 0.33855
vt 0.61029 0.33587
vt 0.61447 0.32488
vt 0.61808 0.33308
vt 0.62035 0.34173
vt 0.61281 0.34347
vt 0.61338 0.35149
vt 0.62138 0.35049
vt 0.62142 0.35908
vt 0.61301 0.35975
vt 0.62837 0.34002
vt 0.62964 0.34918
vt 0.63014 0.35818
vt 0.63004 0.36698
vt 0.62087 0.36759
vt 0.63823 0.34791
vt 0.63907 0.35715
vt 0.63936 0.36628
vt 0.63907 0.37524
vt 0.6294 0.3758
vt 0.64822 0.35621
vt 0.64877 0.3655
vt 0.64882 0.37467
vt 0.64846 0.38372
vt 0.63844 0.38418
vt 0.6583 0.36487
vt 0.65854 0.37419
vt 0.65829 0.38337
vt 0.65764 0.39243
vt 0.64774 0.39267
vt 0.66801 0.37389
vt 0.66761 0.38324
vt 0.66677 0.39235
vt 0.66566 0.40141
vt 0.6567 0.40139
vt 0.67581 0.38332
vt 0.67484 0.3925
vt 0.67374 0.40148
vt 0.67258 0.41048
vt 0.66461 0.41037
vt 0.68234 0.39279
vt 0.68136 0.40176
vt 0.68031 0.41066
vt 0.67901 0.4197
vt 0.67146 0.41944
vt 0.68697 0.40201
vt 0.68569 0.41093
vt 0.68449 0.41986
vt 0.68317 0.42908
vt 0.67741 0.42869
vt 0.69028 0.41114
vt 0.68916 0.42021
vt 0.68771 0.42935
vt 0.68589 0.43917
vt 0.68133 0.43849
vt 0.69345 0.42049
vt 0.69193 0.42994
vt 0.69009 0.43971
vt 0.68811 0.4498
vt 0.68395 0.44899
vt 0.696 0.43043
vt 0.69407 0.44043
vt 0.69202 0.45061
vt 0.68983 0.46067
vt 0.69799 0.44107
vt 0.69583 0.45142
vt 0.69353 0.46169
vt 0.6994 0.4522
vt 0.69714 0.46262
vt 0.70052 0.46355
vt 0.69806 0.47336
vt 0.7017 0.47446
vt 0.70284 0.48462
vt 0.70396 0.49457
vt 0.70504 0.5048
vt 0.70638 0.51561
vt 0.70838 0.52762
vt 0.70997 0.54063
vt 0.67018 0.42844
vt 0.66186 0.4281
vt 0.66319 0.41917
vt 0.65417 0.41907
vt 0.65546 0.41022
vt 0.64548 0.41027
vt 0.6467 0.40147
vt 0.63633 0.40174
vt 0.63745 0.39298
vt 0.62701 0.39328
vt 0.62831 0.38455
vt 0.61831 0.38486
vt 0.61979 0.3762
vt 0.61036 0.37619
vt 0.61189 0.36787
vt 0.60312 0.36738
vt 0.60466 0.35965
vt 0.59644 0.35862
vt 0.68792 0.39311
vt 0.68325 0.38364
vt 0.68844 0.38403
vt 0.68355 0.37411
vt 0.68903 0.37447
vt 0.68368 0.36426
vt 0.68914 0.36453
vt 0.68329 0.35428
vt 0.68888 0.35433
vt 0.68226 0.34417
vt 0.68843 0.3439
vt 0.68045 0.33384
vt 0.68702 0.33331
vt 0.67785 0.32307
vt 0.68462 0.32232
vt 0.67502 0.31195
vt 0.68229 0.31108
vt 0.67233 0.30075
vt 0.67995 0.29985
vt 0.66964 0.28976
vt 0.67788 0.28865
vt 0.66683 0.27907
vt 0.67546 0.27772
vt 0.66358 0.26873
vt 0.67222 0.26702
vt 0.65959 0.25898
vt 0.66858 0.25651
vt 0.65433 0.25007
vt 0.66369 0.24722
vt 0.6487 0.2613
vt 0.6435 0.25208
vt 0.63754 0.26302
vt 0.6531 0.27078
vt 0.64243 0.27285
vt 0.63232 0.27486
vt 0.64667 0.28281
vt 0.63683 0.28495
vt 0.62749 0.28736
vt 0.64099 0.29504
vt 0.63183 0.2973
vt 0.62307 0.30018
vt 0.63587 0.30726
vt 0.62724 0.30978
vt 0.6188 0.31283
vt 0.63104 0.3193
vt 0.62271 0.32178
vt 0.62604 0.33083
vt 0.63431 0.32893
vt 0.63667 0.33849
vt 0.63961 0.31726
vt 0.64287 0.32727
vt 0.64538 0.33713
vt 0.64709 0.34678
vt 0.65172 0.32582
vt 0.6543 0.33602
vt 0.65619 0.34587
vt 0.65757 0.35543
vt 0.66337 0.33515
vt 0.66544 0.34508
vt 0.66695 0.35485
vt 0.66796 0.3644
vt 0.67446 0.34452
vt 0.6758 0.35442
vt 0.6764 0.36424
vt 0.67643 0.37388
vt 0.67222 0.33445
vt 0.66065 0.32474
vt 0.66944 0.32385
vt 0.65752 0.31406
vt 0.66654 0.31291
vt 0.65415 0.30345
vt 0.66351 0.30195
vt 0.65057 0.29299
vt 0.6604 0.29116
vt 0.65698 0.28079
vt 0.64482 0.30522
vt 0.64843 0.31556
vt 0.4174 0.28617
vt 0.883 0.36907
vt 0.48845 0.68471
vt 0.48076 0.6835
vt 0.47794 0.67369
vt 0.48885 0.67701
vt 0.4939 0.69123
vt 0.48597 0.69481
vt 0.50003 0.68633
vt 0.41392 0.70382
vt 0.4192 0.70067
vt 0.42111 0.7091
vt 0.41359 0.70956
vt 0.40566 0.70815
vt 0.40937 0.70055
vt 0.41437 0.69444
vt 0.39458 0.67173
vt 0.38818 0.67573
vt 0.38481 0.67033
vt 0.3962 0.66635
vt 0.4012 0.67345
vt 0.392 0.68021
vt 0.40459 0.66661
vt 0.39556 0.9208
vt 0.40286 0.92957
vt 0.39182 0.93877
vt 0.3865 0.92657
vt 0.39698 0.91187
vt 0.408 0.91258
vt 0.38558 0.91051
vt 0.3861 0.63461
vt 0.39293 0.63023
vt 0.40673 0.63531
vt 0.39501 0.64028
vt 0.37579 0.64193
vt 0.37507 0.63547
vt 0.37454 0.6278
vt 0.28148 0.88697
vt 0.27661 0.87892
vt 0.29086 0.88043
vt 0.28949 0.88961
vt 0.28805 0.89863
vt 0.27363 0.89095
vt 0.26673 0.8811
vt 0.44688 0.96437
vt 0.44507 0.97011
vt 0.43054 0.966
vt 0.44046 0.95955
vt 0.4532 0.95487
vt 0.45986 0.96104
vt 0.45719 0.97107
vt 0.47642 0.91526
vt 0.47869 0.92104
vt 0.46867 0.92613
vt 0.46908 0.91728
vt 0.48113 0.90827
vt 0.48755 0.91261
vt 0.47364 0.90558
vt 0.4609 0.91766
vt 0.46566 0.90478
vt 0.47045 0.892
vt 0.47911 0.89372
vt 0.48731 0.89738
vt 0.48416 0.88185
vt 0.49342 0.88626
vt 0.50175 0.89231
vt 0.49493 0.9029
vt 0.50991 0.89774
vt 0.50224 0.90829
vt 0.49331 0.91796
vt 0.48301 0.92607
vt 0.50938 0.91374
vt 0.49908 0.92354
vt 0.48802 0.9317
vt 0.47672 0.93796
vt 0.47206 0.93227
vt 0.50479 0.92982
vt 0.49314 0.93805
vt 0.48168 0.94446
vt 0.4714 0.949
vt 0.46578 0.94277
vt 0.49768 0.94542
vt 0.4864 0.95222
vt 0.47643 0.95693
vt 0.46772 0.9597
vt 0.46219 0.95241
vt 0.48857 0.96206
vt 0.47761 0.96727
vt 0.46727 0.97006
vt 0.31109 0.94343
vt 0.29756 0.93745
vt 0.30557 0.93041
vt 0.31928 0.93568
vt 0.33295 0.94066
vt 0.32413 0.94799
vt 0.32745 0.92703
vt 0.34031 0.92977
vt 0.35222 0.93293
vt 0.34731 0.94426
vt 0.34024 0.95305
vt 0.36472 0.9365
vt 0.36366 0.94739
vt 0.35852 0.95615
vt 0.37835 0.9399
vt 0.38429 0.95048
vt 0.37595 0.95919
vt 0.41231 0.95654
vt 0.4288 0.95323
vt 0.4009 0.94398
vt 0.41308 0.94462
vt 0.42596 0.94442
vt 0.42013 0.93119
vt 0.42973 0.93146
vt 0.43959 0.93135
vt 0.43892 0.94238
vt 0.44384 0.9501
vt 0.45036 0.93993
vt 0.45526 0.94662
vt 0.46112 0.93668
vt 0.44931 0.93059
vt 0.4591 0.92865
vt 0.45273 0.91806
vt 0.44417 0.91784
vt 0.44907 0.90465
vt 0.45738 0.90483
vt 0.45343 0.89145
vt 0.46175 0.89155
vt 0.45603 0.87857
vt 0.46496 0.87886
vt 0.47456 0.87982
vt 0.46712 0.86707
vt 0.47765 0.8686
vt 0.48877 0.87096
vt 0.48065 0.85822
vt 0.49257 0.86076
vt 0.50432 0.86463
vt 0.49934 0.87536
vt 0.51511 0.86937
vt 0.5087 0.88118
vt 0.52435 0.87459
vt 0.51711 0.88644
vt 0.5336 0.88086
vt 0.52599 0.89206
vt 0.51841 0.90313
vt 0.53527 0.89808
vt 0.52667 0.9091
vt 0.51647 0.9199
vt 0.53409 0.915
vt 0.52245 0.92603
vt 0.51024 0.93667
vt 0.52805 0.93196
vt 0.51446 0.94344
vt 0.50104 0.95377
vt 0.27044 0.92307
vt 0.25864 0.91328
vt 0.26418 0.90855
vt 0.27662 0.91745
vt 0.29083 0.92472
vt 0.28395 0.93048
vt 0.28103 0.91181
vt 0.29657 0.91787
vt 0.31222 0.92366
vt 0.30047 0.91111
vt 0.3154 0.9147
vt 0.33004 0.91615
vt 0.31596 0.90418
vt 0.32929 0.90358
vt 0.34218 0.9021
vt 0.34245 0.9164
vt 0.35329 0.90355
vt 0.35341 0.91844
vt 0.36399 0.90694
vt 0.36456 0.92214
vt 0.3747 0.90945
vt 0.3757 0.92512
vt 0.36434 0.89251
vt 0.37516 0.89524
vt 0.38643 0.89726
vt 0.37635 0.88218
vt 0.3879 0.88499
vt 0.40002 0.88704
vt 0.39848 0.8984
vt 0.41252 0.88888
vt 0.41075 0.8999
vt 0.42452 0.88995
vt 0.422 0.90132
vt 0.41773 0.91465
vt 0.41119 0.93074
vt 0.43181 0.90263
vt 0.42677 0.91631
vt 0.44064 0.90387
vt 0.43557 0.91734
vt 0.43554 0.89044
vt 0.44494 0.89096
vt 0.43698 0.8794
vt 0.44721 0.87877
vt 0.43702 0.8682
vt 0.44715 0.86718
vt 0.45721 0.86651
vt 0.44738 0.85573
vt 0.45819 0.85558
vt 0.46943 0.85656
vt 0.45973 0.84548
vt 0.47151 0.84664
vt 0.48346 0.84818
vt 0.47363 0.83692
vt 0.48577 0.83842
vt 0.49873 0.84078
vt 0.49594 0.85073
vt 0.51175 0.84367
vt 0.50853 0.85407
vt 0.52434 0.8467
vt 0.52042 0.85793
vt 0.53651 0.85033
vt 0.53125 0.86239
vt 0.54772 0.85561
vt 0.54098 0.86871
vt 0.55766 0.85936
vt 0.55083 0.87375
vt 0.54329 0.88658
vt 0.56006 0.8768
vt 0.55236 0.89061
vt 0.544 0.90341
vt 0.56062 0.89345
vt 0.55127 0.90689
vt 0.5405 0.91985
vt 0.24132 0.88792
vt 0.23442 0.87383
vt 0.2406 0.86972
vt 0.247 0.8837
vt 0.25476 0.89686
vt 0.24913 0.90139
vt 0.25208 0.87961
vt 0.2592 0.8921
vt 0.26829 0.9031
vt 0.26286 0.88662
vt 0.27133 0.89704
vt 0.285 0.90578
vt 0.30215 0.90218
vt 0.30319 0.8921
vt 0.31605 0.89259
vt 0.30372 0.88129
vt 0.31567 0.88037
vt 0.32806 0.8783
vt 0.3288 0.89101
vt 0.34074 0.8763
vt 0.34145 0.88899
vt 0.35339 0.87671
vt 0.3532 0.8895
vt 0.36517 0.87951
vt 0.35365 0.86501
vt 0.36639 0.86732
vt 0.37813 0.87015
vt 0.36777 0.85615
vt 0.38036 0.85895
vt 0.39242 0.86214
vt 0.38999 0.87347
vt 0.40432 0.86478
vt 0.40196 0.87587
vt 0.41563 0.86695
vt 0.41398 0.87837
vt 0.42645 0.8678
vt 0.42585 0.87909
vt 0.41725 0.85472
vt 0.42733 0.85561
vt 0.43739 0.85618
vt 0.42861 0.84255
vt 0.43801 0.84363
vt 0.44827 0.8444
vt 0.43967 0.83069
vt 0.45025 0.83386
vt 0.4619 0.83583
vt 0.45308 0.82358
vt 0.46388 0.82604
vt 0.47573 0.82728
vt 0.46666 0.81581
vt 0.47749 0.81725
vt 0.48986 0.819
vt 0.48793 0.8287
vt 0.50303 0.8209
vt 0.5011 0.83089
vt 0.51624 0.82262
vt 0.51433 0.83322
vt 0.5293 0.8242
vt 0.52727 0.83549
vt 0.54233 0.82616
vt 0.54013 0.83832
vt 0.55507 0.828
vt 0.55238 0.84171
vt 0.56701 0.8289
vt 0.5632 0.84405
vt 0.57819 0.82922
vt 0.57327 0.84546
vt 0.56727 0.86162
vt 0.5835 0.84601
vt 0.5768 0.86241
vt 0.56905 0.8788
vt 0.22331 0.84362
vt 0.21978 0.8267
vt 0.22932 0.82416
vt 0.23134 0.83956
vt 0.23533 0.85486
vt 0.22859 0.85922
vt 0.2405 0.83825
vt 0.24288 0.85239
vt 0.2468 0.86643
vt 0.25186 0.85134
vt 0.25391 0.8632
vt 0.25731 0.8752
vt 0.26422 0.86129
vt 0.26483 0.8712
vt 0.2779 0.86064
vt 0.27746 0.87024
vt 0.29121 0.85941
vt 0.2913 0.87034
vt 0.30262 0.8578
vt 0.30332 0.86973
vt 0.31431 0.8559
vt 0.31495 0.86809
vt 0.32669 0.85394
vt 0.32732 0.8659
vt 0.3401 0.85316
vt 0.34024 0.86444
vt 0.35409 0.85409
vt 0.34014 0.84238
vt 0.35471 0.84367
vt 0.36883 0.84567
vt 0.3551 0.83354
vt 0.36962 0.83563
vt 0.38343 0.83803
vt 0.38233 0.84825
vt 0.39656 0.84011
vt 0.39481 0.85114
vt 0.4083 0.8415
vt 0.4065 0.85337
vt 0.41887 0.84195
vt 0.40932 0.82993
vt 0.42021 0.82943
vt 0.43029 0.82928
vt 0.42049 0.81771
vt 0.4311 0.81679
vt 0.44233 0.81944
vt 0.43161 0.80653
vt 0.44448 0.80951
vt 0.45641 0.81343
vt 0.44636 0.80067
vt 0.45905 0.8036
vt 0.46931 0.80528
vt 0.46088 0.79402
vt 0.47153 0.7952
vt 0.48209 0.79679
vt 0.4798 0.80716
vt 0.49336 0.79873
vt 0.49167 0.80909
vt 0.50562 0.80006
vt 0.50459 0.81067
vt 0.51795 0.80063
vt 0.51746 0.8118
vt 0.53043 0.80091
vt 0.53039 0.81271
vt 0.54315 0.80123
vt 0.54332 0.81377
vt 0.55587 0.80136
vt 0.55619 0.81467
vt 0.56835 0.80024
vt 0.56874 0.81451
vt 0.58064 0.79762
vt 0.5806 0.81334
vt 0.59304 0.79647
vt 0.59229 0.81304
vt 0.58919 0.82984
vt 0.21989 0.79126
vt 0.22334 0.77289
vt 0.23472 0.77586
vt 0.23141 0.7924
vt 0.22916 0.8083
vt 0.21861 0.80926
vt 0.24243 0.79529
vt 0.24116 0.81071
vt 0.24007 0.82458
vt 0.25225 0.81347
vt 0.25186 0.82713
vt 0.25131 0.8394
vt 0.26351 0.82805
vt 0.26384 0.84005
vt 0.26401 0.85121
vt 0.27701 0.83889
vt 0.2779 0.85024
vt 0.28958 0.83533
vt 0.29061 0.84755
vt 0.30148 0.83298
vt 0.3021 0.84545
vt 0.31318 0.83157
vt 0.31371 0.84386
vt 0.32604 0.83121
vt 0.32629 0.84246
vt 0.34031 0.83197
vt 0.32624 0.8202
vt 0.34082 0.82164
vt 0.35546 0.82356
vt 0.34148 0.81146
vt 0.35624 0.81362
vt 0.37056 0.81597
vt 0.37007 0.82577
vt 0.38438 0.81794
vt 0.38405 0.82795
vt 0.39725 0.81924
vt 0.39723 0.82963
vt 0.40917 0.81895
vt 0.39708 0.80856
vt 0.40856 0.80811
vt 0.41992 0.80677
vt 0.40876 0.79729
vt 0.42001 0.79647
vt 0.4326 0.79734
vt 0.42155 0.78674
vt 0.43396 0.78859
vt 0.44816 0.79216
vt 0.43579 0.78011
vt 0.44965 0.78387
vt 0.46232 0.78492
vt 0.45127 0.77538
vt 0.46287 0.7761
vt 0.47353 0.77573
vt 0.47304 0.78542
vt 0.48425 0.77569
vt 0.48365 0.78611
vt 0.49497 0.77634
vt 0.49477 0.78795
vt 0.50546 0.77659
vt 0.50607 0.78878
vt 0.51636 0.77645
vt 0.51765 0.78885
vt 0.52772 0.77599
vt 0.52954 0.78866
vt 0.53959 0.77527
vt 0.54187 0.78841
vt 0.55164 0.77406
vt 0.55424 0.78783
vt 0.56359 0.77164
vt 0.56633 0.78588
vt 0.5761 0.76828
vt 0.57867 0.78264
vt 0.58901 0.76513
vt 0.59155 0.78045
vt 0.23494 0.73765
vt 0.24317 0.72198
vt 0.25315 0.72709
vt 0.24584 0.74269
vt 0.23941 0.75888
vt 0.22854 0.75481
vt 0.25523 0.74705
vt 0.24948 0.76322
vt 0.24506 0.77931
vt 0.25874 0.76659
vt 0.25529 0.78238
vt 0.25303 0.79796
vt 0.26541 0.78431
vt 0.26375 0.7996
vt 0.26314 0.81461
vt 0.27474 0.79932
vt 0.27474 0.81339
vt 0.27556 0.8267
vt 0.28698 0.81076
vt 0.28829 0.82308
vt 0.2997 0.80827
vt 0.30063 0.82061
vt 0.31262 0.8079
vt 0.31295 0.81945
vt 0.32654 0.80946
vt 0.31274 0.7968
vt 0.32737 0.7991
vt 0.34229 0.8015
vt 0.32855 0.78909
vt 0.34364 0.79176
vt 0.35828 0.79398
vt 0.35713 0.80376
vt 0.37211 0.79617
vt 0.37122 0.80608
vt 0.38524 0.79757
vt 0.38472 0.80785
vt 0.39732 0.79781
vt 0.38654 0.78752
vt 0.3986 0.78732
vt 0.41015 0.78659
vt 0.4002 0.77719
vt 0.41205 0.7764
vt 0.42345 0.77711
vt 0.41399 0.76651
vt 0.42576 0.76783
vt 0.43835 0.77186
vt 0.42888 0.75941
vt 0.4413 0.76355
vt 0.45267 0.76622
vt 0.44374 0.75442
vt 0.45378 0.75616
vt 0.46289 0.75698
vt 0.46279 0.76706
vt 0.47179 0.75642
vt 0.47313 0.76619
vt 0.48103 0.75495
vt 0.48352 0.76543
vt 0.48999 0.75275
vt 0.49352 0.76443
vt 0.50004 0.75143
vt 0.50351 0.76389
vt 0.51063 0.7505
vt 0.51402 0.76347
vt 0.52136 0.74965
vt 0.52499 0.76286
vt 0.53261 0.74869
vt 0.53647 0.76198
vt 0.54439 0.74714
vt 0.54833 0.7605
vt 0.55616 0.74422
vt 0.56032 0.75783
vt 0.56807 0.7401
vt 0.5728 0.75418
vt 0.57898 0.7354
vt 0.58498 0.75018
vt 0.25212 0.7065
vt 0.26264 0.69146
vt 0.27103 0.69635
vt 0.26155 0.71186
vt 0.27878 0.69965
vt 0.27004 0.71562
vt 0.26208 0.73123
vt 0.27856 0.71745
vt 0.27039 0.73418
vt 0.26374 0.75055
vt 0.27893 0.73635
vt 0.27292 0.75264
vt 0.26829 0.76851
vt 0.28327 0.75415
vt 0.27897 0.76923
vt 0.27589 0.78434
vt 0.28977 0.7704
vt 0.28711 0.78427
vt 0.28628 0.79785
vt 0.29928 0.78439
vt 0.29883 0.79633
vt 0.31356 0.78617
vt 0.30143 0.77257
vt 0.31537 0.77595
vt 0.33028 0.77934
vt 0.31821 0.76593
vt 0.33265 0.76985
vt 0.3474 0.77281
vt 0.34528 0.78215
vt 0.36216 0.77499
vt 0.35997 0.78441
vt 0.37566 0.77678
vt 0.37355 0.78639
vt 0.38793 0.77745
vt 0.37801 0.76705
vt 0.39008 0.76759
vt 0.40195 0.76718
vt 0.39182 0.75778
vt 0.40345 0.7575
vt 0.41602 0.75741
vt 0.40498 0.74847
vt 0.41828 0.74925
vt 0.43186 0.7515
vt 0.42006 0.74167
vt 0.43338 0.74332
vt 0.44467 0.74443
vt 0.43353 0.73475
vt 0.4441 0.73464
vt 0.45323 0.73455
vt 0.45442 0.74556
vt 0.46035 0.73392
vt 0.46249 0.7459
vt 0.46698 0.73304
vt 0.47009 0.74532
vt 0.47377 0.73189
vt 0.4776 0.74367
vt 0.48152 0.7303
vt 0.48592 0.74155
vt 0.49105 0.72857
vt 0.49571 0.73966
vt 0.50195 0.72653
vt 0.5065 0.7381
vt 0.51277 0.72422
vt 0.51736 0.73662
vt 0.52348 0.72222
vt 0.52822 0.73542
vt 0.53419 0.72029
vt 0.53979 0.73396
vt 0.54386 0.71647
vt 0.55084 0.73054
vt 0.55277 0.71125
vt 0.56146 0.72593
vt 0.55983 0.70516
vt 0.57032 0.72056
vt 0.27404 0.67648
vt 0.28739 0.66349
vt 0.29457 0.66849
vt 0.28208 0.68138
vt 0.30148 0.6734
vt 0.28964 0.68538
vt 0.30849 0.6795
vt 0.29772 0.68981
vt 0.28762 0.70216
vt 0.30656 0.69646
vt 0.29659 0.70692
vt 0.28699 0.72025
vt 0.30504 0.71478
vt 0.29606 0.72566
vt 0.28859 0.73921
vt 0.30549 0.73311
vt 0.29904 0.74418
vt 0.29384 0.75674
vt 0.30992 0.75031
vt 0.30516 0.7611
vt 0.32199 0.75603
vt 0.31546 0.74029
vt 0.32654 0.74636
vt 0.33876 0.75105
vt 0.33543 0.7604
vt 0.35247 0.75467
vt 0.34982 0.76369
vt 0.36641 0.75697
vt 0.36445 0.76594
vt 0.37978 0.75758
vt 0.36851 0.74794
vt 0.38143 0.74831
vt 0.39332 0.74826
vt 0.38312 0.73923
vt 0.39504 0.73934
vt 0.40699 0.74031
vt 0.39685 0.73116
vt 0.4088 0.73272
vt 0.42125 0.73408
vt 0.41047 0.72524
vt 0.42178 0.72621
vt 0.43269 0.72589
vt 0.4217 0.71789
vt 0.43047 0.7165
vt 0.43881 0.71424
vt 0.44205 0.72435
vt 0.44593 0.71266
vt 0.45005 0.72346
vt 0.45217 0.71124
vt 0.45662 0.72216
vt 0.45839 0.70995
vt 0.46282 0.72093
vt 0.46524 0.70898
vt 0.46956 0.71988
vt 0.47277 0.70809
vt 0.47703 0.71893
vt 0.48168 0.70716
vt 0.48619 0.71776
vt 0.49169 0.7053
vt 0.49699 0.71574
vt 0.50117 0.7018
vt 0.50745 0.71263
vt 0.50943 0.69723
vt 0.51727 0.70931
vt 0.51692 0.6927
vt 0.52666 0.70627
vt 0.52355 0.68782
vt 0.53489 0.70202
vt 0.5287 0.6817
vt 0.54171 0.69641
vt 0.53326 0.67491
vt 0.5469 0.6899
vt 0.30213 0.65187
vt 0.31854 0.64265
vt 0.3234 0.64912
vt 0.30828 0.65775
vt 0.3277 0.65594
vt 0.314 0.66385
vt 0.33204 0.66382
vt 0.31985 0.67114
vt 0.33747 0.67265
vt 0.32665 0.68029
vt 0.31641 0.68784
vt 0.33344 0.68878
vt 0.32401 0.69729
vt 0.31444 0.70563
vt 0.33054 0.7047
vt 0.32166 0.71405
vt 0.31312 0.72325
vt 0.32908 0.72088
vt 0.32187 0.73061
vt 0.33734 0.72686
vt 0.33158 0.73661
vt 0.34734 0.73225
vt 0.34277 0.74166
vt 0.35882 0.73637
vt 0.35539 0.74558
vt 0.37094 0.73865
vt 0.36297 0.72704
vt 0.37404 0.72922
vt 0.38535 0.73015
vt 0.37801 0.71984
vt 0.38857 0.72157
vt 0.3992 0.72355
vt 0.39283 0.71353
vt 0.40237 0.7159
vt 0.4121 0.71767
vt 0.39749 0.70571
vt 0.38326 0.71103
vt 0.38915 0.70278
vt 0.39548 0.69494
vt 0.40249 0.69786
vt 0.40244 0.68726
vt 0.40846 0.69056
vt 0.40959 0.68014
vt 0.41499 0.68447
vt 0.42042 0.69017
vt 0.42506 0.69785
vt 0.42152 0.67984
vt 0.42682 0.68684
vt 0.43154 0.69507
vt 0.4354 0.70441
vt 0.42831 0.70701
vt 0.43348 0.6836
vt 0.4381 0.6925
vt 0.44213 0.70231
vt 0.4444 0.69072
vt 0.44831 0.70074
vt 0.45108 0.68943
vt 0.45461 0.69944
vt 0.45791 0.6881
vt 0.46152 0.69848
vt 0.46541 0.68689
vt 0.46906 0.69749
vt 0.4731 0.68528
vt 0.47738 0.69641
vt 0.46137 0.67652
vt 0.46919 0.67487
vt 0.45711 0.66664
vt 0.46665 0.66567
vt 0.47803 0.66636
vt 0.46424 0.65725
vt 0.47893 0.65921
vt 0.49487 0.66511
vt 0.49193 0.67153
vt 0.50542 0.68092
vt 0.51018 0.67494
vt 0.49774 0.65841
vt 0.51429 0.66875
vt 0.50063 0.65113
vt 0.51782 0.66194
vt 0.33625 0.63523
vt 0.35532 0.63003
vt 0.35698 0.63749
vt 0.33971 0.64233
vt 0.35852 0.64478
vt 0.34255 0.64967
vt 0.36042 0.65201
vt 0.34564 0.6575
vt 0.36286 0.65889
vt 0.34952 0.66545
vt 0.3661 0.66508
vt 0.3541 0.67239
vt 0.34308 0.68021
vt 0.35903 0.67832
vt 0.34921 0.68647
vt 0.33969 0.69536
vt 0.35446 0.6925
vt 0.34552 0.70153
vt 0.33687 0.71098
vt 0.35164 0.70778
vt 0.34398 0.71719
vt 0.35903 0.71324
vt 0.35269 0.72278
vt 0.36792 0.71734
vt 0.36629 0.70388
vt 0.37419 0.70795
vt 0.37429 0.69514
vt 0.38127 0.6993
vt 0.38288 0.68721
vt 0.3888 0.69138
vt 0.39687 0.68391
vt 0.40504 0.67636
vt 0.41086 0.66967
vt 0.41624 0.67404
vt 0.41514 0.66374
vt 0.42216 0.6693
vt 0.42816 0.67588
vt 0.42841 0.66525
vt 0.43495 0.67276
vt 0.44015 0.68128
vt 0.44177 0.67041
vt 0.44705 0.67953
vt 0.44902 0.66822
vt 0.45391 0.67798
vt 0.43524 0.66186
vt 0.44314 0.65941
vt 0.45241 0.65747
vt 0.43484 0.65105
vt 0.44697 0.64962
vt 0.46144 0.64894
vt 0.43771 0.64196
vt 0.4583 0.64191
vt 0.48069 0.64421
vt 0.47978 0.65185
vt 0.4188 0.64225
vt 0.42678 0.65405
vt 0.41377 0.6484
vt 0.39543 0.64909
vt 0.39601 0.64426
vt 0.37688 0.64756
vt 0.37789 0.653
vt 0.39493 0.65473
vt 0.37971 0.65887
vt 0.39506 0.66046
vt 0.38214 0.66469
vt 0.36994 0.67086
vt 0.37394 0.67671
vt 0.36376 0.68414
vt 0.37802 0.6822
vt 0.36866 0.68994
vt 0.35974 0.69862
vt 0.40959 0.65422
vt 0.40654 0.66029
vt 0.42031 0.65836
vt 0.80857 0.98702
vt 0.81975 0.98082
vt 0.83115 0.98427
vt 0.82771 0.99213
vt 0.7897 0.9909
vt 0.78459 0.98228
vt 0.7998 0.98088
vt 0.81039 0.97653
vt 0.82122 0.73671
vt 0.82546 0.73283
vt 0.82959 0.74018
vt 0.82225 0.74243
vt 0.81419 0.7423
vt 0.81584 0.73454
vt 0.81953 0.72764
vt 0.79432 0.70979
vt 0.78924 0.71457
vt 0.78459 0.7095
vt 0.79414 0.70461
vt 0.80231 0.7031
vt 0.80115 0.71049
vt 0.79416 0.7184
vt 0.89783 0.7156
vt 0.88959 0.71547
vt 0.88566 0.7057
vt 0.89755 0.70843
vt 0.90436 0.72181
vt 0.89663 0.72586
vt 0.91058 0.71625
vt 0.81448 0.95095
vt 0.81885 0.95939
vt 0.81145 0.96665
vt 0.8063 0.95807
vt 0.81512 0.94417
vt 0.82456 0.94472
vt 0.80559 0.94367
vt 0.7846 0.67837
vt 0.7937 0.67385
vt 0.80423 0.67868
vt 0.78899 0.68239
vt 0.77372 0.68663
vt 0.77388 0.68029
vt 0.7755 0.6729
vt 0.70676 0.92503
vt 0.70026 0.91749
vt 0.71524 0.91649
vt 0.71544 0.92594
vt 0.71624 0.93547
vt 0.69942 0.931
vt 0.69046 0.92159
vt 0.89231 0.93911
vt 0.89376 0.94592
vt 0.8844 0.95067
vt 0.88503 0.93978
vt 0.89663 0.93125
vt 0.90261 0.9382
vt 0.88968 0.92836
vt 0.89472 0.91765
vt 0.90292 0.92093
vt 0.87817 0.94047
vt 0.88226 0.92812
vt 0.88631 0.91654
vt 0.88895 0.90511
vt 0.89862 0.90658
vt 0.87476 0.92804
vt 0.87804 0.91584
vt 0.88019 0.90391
vt 0.88163 0.89274
vt 0.89158 0.89427
vt 0.87022 0.91547
vt 0.87146 0.9038
vt 0.87217 0.89248
vt 0.87269 0.88172
vt 0.88337 0.88251
vt 0.86244 0.90421
vt 0.86253 0.89321
vt 0.86277 0.88142
vt 0.8634 0.86978
vt 0.87412 0.87155
vt 0.85303 0.8933
vt 0.8534 0.88132
vt 0.85424 0.86838
vt 0.8551 0.85549
vt 0.8654 0.85857
vt 0.84415 0.88054
vt 0.84508 0.86781
vt 0.84555 0.85558
vt 0.84474 0.84421
vt 0.85584 0.84454
vt 0.83537 0.86824
vt 0.83525 0.85676
vt 0.83425 0.84612
vt 0.83272 0.83575
vt 0.84385 0.83416
vt 0.82431 0.85798
vt 0.82315 0.84779
vt 0.82184 0.83743
vt 0.82149 0.82705
vt 0.83239 0.82557
vt 0.81145 0.84828
vt 0.8105 0.83831
vt 0.81007 0.82831
vt 0.81011 0.81846
vt 0.82181 0.8169
vt 0.79797 0.83831
vt 0.79769 0.82876
vt 0.79786 0.81923
vt 0.79865 0.80975
vt 0.81052 0.80881
vt 0.78433 0.82827
vt 0.78481 0.81903
vt 0.7857 0.80985
vt 0.78645 0.80107
vt 0.79933 0.80028
vt 0.77053 0.81853
vt 0.77133 0.80965
vt 0.77211 0.80092
vt 0.77301 0.7923
vt 0.78676 0.79237
vt 0.7563 0.80879
vt 0.75752 0.79983
vt 0.75896 0.79083
vt 0.76095 0.78175
vt 0.77402 0.78352
vt 0.74361 0.79765
vt 0.74594 0.78807
vt 0.74871 0.77835
vt 0.75222 0.76863
vt 0.76332 0.77241
vt 0.73408 0.78406
vt 0.73817 0.77412
vt 0.74278 0.76388
vt 0.74816 0.75365
vt 0.75645 0.75879
vt 0.72843 0.76853
vt 0.73428 0.75849
vt 0.74047 0.74825
vt 0.74721 0.73818
vt 0.75417 0.74348
vt 0.72584 0.75163
vt 0.73271 0.74202
vt 0.73946 0.73243
vt 0.74688 0.72303
vt 0.75407 0.72842
vt 0.72344 0.73406
vt 0.73109 0.72492
vt 0.73954 0.71578
vt 0.74974 0.70725
vt 0.75551 0.71398
vt 0.72252 0.71708
vt 0.73264 0.70773
vt 0.74469 0.69918
vt 0.75875 0.69217
vt 0.76146 0.69948
vt 0.72679 0.70059
vt 0.74116 0.69149
vt 0.75682 0.68444
vt 0.7375 0.68445
vt 0.75602 0.67684
vt 0.73378 0.67716
vt 0.756 0.6689
vt 0.77823 0.66492
vt 0.80094 0.66772
vt 0.87142 0.67162
vt 0.89116 0.67421
vt 0.88857 0.68176
vt 0.87014 0.67989
vt 0.85166 0.68048
vt 0.84967 0.67294
vt 0.87045 0.68813
vt 0.85741 0.68979
vt 0.84751 0.69259
vt 0.8385 0.68386
vt 0.82355 0.67583
vt 0.8313 0.68899
vt 0.81901 0.68417
vt 0.80403 0.68414
vt 0.78958 0.68758
vt 0.81513 0.69079
vt 0.80283 0.69043
vt 0.78986 0.69295
vt 0.80211 0.69667
vt 0.79147 0.69891
vt 0.78046 0.70394
vt 0.77704 0.69853
vt 0.77467 0.69263
vt 0.7654 0.70566
vt 0.7706 0.71128
vt 0.76152 0.71935
vt 0.77573 0.7165
vt 0.76775 0.72473
vt 0.7605 0.73376
vt 0.7738 0.72995
vt 0.76734 0.73917
vt 0.76148 0.74892
vt 0.77495 0.74359
vt 0.7702 0.7532
vt 0.76625 0.76289
vt 0.77996 0.75574
vt 0.77719 0.76531
vt 0.7753 0.77446
vt 0.78847 0.76559
vt 0.78743 0.7747
vt 0.78687 0.78351
vt 0.7993 0.77365
vt 0.79937 0.78218
vt 0.79937 0.79104
vt 0.81096 0.78088
vt 0.81091 0.78984
vt 0.8109 0.79921
vt 0.82258 0.78825
vt 0.82251 0.79737
vt 0.82225 0.807
vt 0.83453 0.79628
vt 0.83369 0.80564
vt 0.833 0.81548
vt 0.84528 0.80636
vt 0.84439 0.81564
vt 0.84393 0.82488
vt 0.85774 0.81776
vt 0.85705 0.82629
vt 0.85642 0.83506
vt 0.87096 0.82906
vt 0.86963 0.83818
vt 0.8677 0.84798
vt 0.88061 0.84057
vt 0.87825 0.85098
vt 0.87612 0.8614
vt 0.88851 0.85288
vt 0.88674 0.86277
vt 0.88523 0.87271
vt 0.89816 0.86387
vt 0.89631 0.8739
vt 0.8942 0.88397
vt 0.90799 0.87593
vt 0.90528 0.88601
vt 0.9022 0.89625
vt 0.91722 0.88975
vt 0.91319 0.90012
vt 0.90852 0.91047
vt 0.9235 0.90656
vt 0.91717 0.9178
vt 0.91037 0.92853
vt 0.9248 0.92589
vt 0.91692 0.93709
vt 0.90803 0.94706
vt 0.92404 0.9452
vt 0.91292 0.9561
vt 0.90022 0.96493
vt 0.89718 0.95517
vt 0.88659 0.97115
vt 0.88538 0.96102
vt 0.87307 0.97481
vt 0.87363 0.96411
vt 0.87518 0.953
vt 0.8626 0.96524
vt 0.86624 0.95329
vt 0.87062 0.94072
vt 0.85775 0.95267
vt 0.86274 0.94001
vt 0.86728 0.92769
vt 0.8549 0.93866
vt 0.85932 0.92666
vt 0.86185 0.91526
vt 0.85029 0.92566
vt 0.85222 0.9152
vt 0.85277 0.90468
vt 0.84165 0.91445
vt 0.84246 0.90406
vt 0.84332 0.89273
vt 0.832 0.90304
vt 0.83333 0.89183
vt 0.83452 0.88003
vt 0.82252 0.89031
vt 0.82389 0.87933
vt 0.82467 0.86832
vt 0.81246 0.87775
vt 0.81263 0.86778
vt 0.81227 0.85805
vt 0.79949 0.86671
vt 0.7991 0.8573
vt 0.79843 0.8479
vt 0.78514 0.85637
vt 0.78466 0.84702
vt 0.78428 0.83764
vt 0.77032 0.84615
vt 0.77006 0.8368
vt 0.77003 0.82759
vt 0.75509 0.83625
vt 0.75507 0.82698
vt 0.75541 0.81777
vt 0.73994 0.82587
vt 0.74051 0.81642
vt 0.7417 0.807
vt 0.72571 0.8145
vt 0.72775 0.80418
vt 0.73063 0.79401
vt 0.71556 0.80031
vt 0.71875 0.78901
vt 0.7231 0.77855
vt 0.70775 0.78455
vt 0.71266 0.77226
vt 0.71895 0.76151
vt 0.70296 0.76705
vt 0.70933 0.75432
vt 0.71614 0.7435
vt 0.69971 0.75062
vt 0.70625 0.73811
vt 0.71376 0.72695
vt 0.69765 0.73533
vt 0.70577 0.72258
vt 0.71527 0.71101
vt 0.69794 0.71981
vt 0.70795 0.70694
vt 0.72045 0.69456
vt 0.7002 0.70371
vt 0.71268 0.69001
vt 0.69228 0.70054
vt 0.70166 0.68778
vt 0.92107 0.68195
vt 0.92043 0.69059
vt 0.90572 0.68673
vt 0.90738 0.67873
vt 0.92131 0.70165
vt 0.9038 0.69434
vt 0.88684 0.6894
vt 0.90074 0.7016
vt 0.88553 0.69742
vt 0.87268 0.69731
vt 0.87668 0.70728
vt 0.86884 0.7099
vt 0.86305 0.69961
vt 0.86154 0.71224
vt 0.85509 0.70225
vt 0.85511 0.71468
vt 0.84854 0.70522
vt 0.84073 0.69639
vt 0.84246 0.70848
vt 0.83473 0.7008
vt 0.82574 0.69447
vt 0.82905 0.70565
vt 0.82096 0.70058
vt 0.81197 0.69708
vt 0.81645 0.70697
vt 0.8096 0.70413
vt 0.81169 0.71429
vt 0.80579 0.71218
vt 0.80631 0.72277
vt 0.79991 0.72088
vt 0.80136 0.73131
vt 0.79382 0.72926
vt 0.78698 0.7261
vt 0.78845 0.73771
vt 0.78057 0.7345
vt 0.78111 0.72165
vt 0.78374 0.74647
vt 0.79719 0.73962
vt 0.79359 0.74791
vt 0.79041 0.75668
vt 0.80339 0.7491
vt 0.80109 0.75704
vt 0.79969 0.76523
vt 0.81193 0.75757
vt 0.81135 0.76493
vt 0.81101 0.77256
vt 0.82369 0.76495
vt 0.82354 0.77233
vt 0.823 0.78003
vt 0.8372 0.77208
vt 0.83684 0.77965
vt 0.83574 0.78766
vt 0.85064 0.78068
vt 0.84922 0.78908
vt 0.84708 0.79754
vt 0.8613 0.79177
vt 0.86007 0.80092
vt 0.85876 0.80935
vt 0.87208 0.80234
vt 0.87208 0.81125
vt 0.87172 0.8201
vt 0.88353 0.81076
vt 0.88328 0.82022
vt 0.88238 0.83008
vt 0.89351 0.82096
vt 0.89222 0.8315
vt 0.89052 0.84221
vt 0.90273 0.83318
vt 0.90115 0.84369
vt 0.89977 0.85382
vt 0.91352 0.84543
vt 0.91207 0.85571
vt 0.91037 0.86587
vt 0.92511 0.85816
vt 0.92311 0.8688
vt 0.92061 0.87938
vt 0.93597 0.87232
vt 0.93288 0.88375
vt 0.92885 0.89523
vt 0.94461 0.88864
vt 0.93923 0.90108
vt 0.93236 0.91378
vt 0.94855 0.90837
vt 0.94071 0.92099
vt 0.93314 0.93331
vt 0.95011 0.92925
vt 0.94133 0.9417
vt 0.93085 0.95426
vt 0.94941 0.94967
vt 0.93671 0.96292
vt 0.92147 0.97594
vt 0.91755 0.96599
vt 0.90472 0.9865
vt 0.9027 0.97535
vt 0.88892 0.99337
vt 0.88771 0.98179
vt 0.87412 0.9971
vt 0.87323 0.98541
vt 0.85943 0.99804
vt 0.85908 0.98673
vt 0.86012 0.97656
vt 0.84504 0.98618
vt 0.84837 0.97608
vt 0.8525 0.96517
vt 0.8371 0.97508
vt 0.84355 0.96375
vt 0.84955 0.95135
vt 0.83511 0.96177
vt 0.84159 0.94908
vt 0.84662 0.93698
vt 0.83331 0.94673
vt 0.83758 0.93503
vt 0.84015 0.9246
vt 0.82742 0.93342
vt 0.82911 0.92335
vt 0.83034 0.91354
vt 0.81773 0.92189
vt 0.8191 0.91143
vt 0.82078 0.90092
vt 0.80793 0.90974
vt 0.8095 0.89892
vt 0.81111 0.88827
vt 0.79804 0.89659
vt 0.79923 0.88603
vt 0.79958 0.87624
vt 0.78639 0.88479
vt 0.7862 0.87513
vt 0.78566 0.8657
vt 0.77213 0.87461
vt 0.7714 0.86511
vt 0.77072 0.85563
vt 0.75691 0.8651
vt 0.75615 0.85537
vt 0.75545 0.84574
vt 0.74182 0.85556
vt 0.7407 0.84533
vt 0.74 0.83551
vt 0.72694 0.84556
vt 0.72546 0.83498
vt 0.72493 0.8247
vt 0.71248 0.8366
vt 0.71196 0.82463
vt 0.7131 0.81236
vt 0.70109 0.82542
vt 0.70238 0.81158
vt 0.70457 0.7979
vt 0.69204 0.81184
vt 0.69436 0.79701
vt 0.69768 0.78185
vt 0.68515 0.79642
vt 0.68906 0.78061
vt 0.69399 0.76471
vt 0.68109 0.77966
vt 0.68562 0.76448
vt 0.69081 0.74939
vt 0.67742 0.76297
vt 0.68294 0.74806
vt 0.68958 0.73342
vt 0.67424 0.74599
vt 0.68105 0.73158
vt 0.68966 0.71752
vt 0.67228 0.72771
vt 0.68164 0.71394
vt 0.66301 0.72049
vt 0.67362 0.70736
vt 0.68499 0.69528
vt 0.69369 0.6834
vt 0.93992 0.7166
vt 0.9539 0.73261
vt 0.94379 0.73702
vt 0.93146 0.72243
vt 0.91659 0.70941
vt 0.92269 0.72696
vt 0.93259 0.74013
vt 0.92206 0.74337
vt 0.91379 0.73195
vt 0.91185 0.7467
vt 0.90445 0.73609
vt 0.90151 0.74974
vt 0.89466 0.73913
vt 0.88831 0.72846
vt 0.88203 0.71781
vt 0.88619 0.74122
vt 0.88019 0.73058
vt 0.87461 0.7202
vt 0.87298 0.73254
vt 0.86733 0.72235
vt 0.86638 0.73437
vt 0.86068 0.72445
vt 0.86056 0.73646
vt 0.85463 0.72671
vt 0.84906 0.71725
vt 0.84905 0.72919
vt 0.84309 0.72013
vt 0.83656 0.71204
vt 0.83712 0.72397
vt 0.83054 0.7169
vt 0.82361 0.71106
vt 0.82472 0.72202
vt 0.81808 0.71747
vt 0.81289 0.72481
vt 0.80874 0.73298
vt 0.80589 0.74116
vt 0.81313 0.75007
vt 0.82299 0.75013
vt 0.82353 0.75769
vt 0.83249 0.74837
vt 0.83495 0.75656
vt 0.83652 0.76443
vt 0.84504 0.75389
vt 0.84817 0.76298
vt 0.84998 0.77188
vt 0.85812 0.76125
vt 0.86078 0.77125
vt 0.86175 0.78163
vt 0.86988 0.77121
vt 0.87127 0.78219
vt 0.87187 0.79262
vt 0.87983 0.78168
vt 0.88135 0.79209
vt 0.8829 0.80149
vt 0.89108 0.79039
vt 0.89298 0.80033
vt 0.89392 0.81058
vt 0.90346 0.79968
vt 0.90426 0.81069
vt 0.90401 0.822
vt 0.91522 0.81193
vt 0.91533 0.82379
vt 0.91473 0.83489
vt 0.92721 0.82458
vt 0.92724 0.83623
vt 0.92662 0.84738
vt 0.93995 0.83737
vt 0.93958 0.84924
vt 0.93833 0.86086
vt 0.95278 0.85149
vt 0.95131 0.86403
vt 0.94872 0.87638
vt 0.96459 0.86799
vt 0.96116 0.88177
vt 0.95575 0.8952
vt 0.97247 0.88745
vt 0.966 0.90281
vt 0.95835 0.91661
vt 0.97584 0.90752
vt 0.96815 0.92264
vt 0.95956 0.93655
vt 0.64851 0.92017
vt 0.64113 0.90533
vt 0.64904 0.90061
vt 0.65607 0.9151
vt 0.66457 0.92931
vt 0.65744 0.93419
vt 0.66241 0.91082
vt 0.67034 0.92488
vt 0.68053 0.9385
vt 0.67531 0.9434
vt 0.66824 0.94847
vt 0.69396 0.95083
vt 0.68961 0.95651
vt 0.6824 0.9621
vt 0.71088 0.95821
vt 0.70685 0.96586
vt 0.69958 0.97319
vt 0.72772 0.96242
vt 0.72358 0.97135
vt 0.71714 0.98119
vt 0.74351 0.96592
vt 0.73883 0.97579
vt 0.73445 0.98683
vt 0.75776 0.96826
vt 0.75399 0.97955
vt 0.75198 0.9908
vt 0.76988 0.96969
vt 0.76933 0.98138
vt 0.7702 0.99278
vt 0.84405 0.99663
vt 0.78166 0.97128
vt 0.7794 0.95642
vt 0.78912 0.95771
vt 0.79277 0.97098
vt 0.76979 0.95548
vt 0.76739 0.94109
vt 0.77729 0.94173
vt 0.75936 0.95483
vt 0.75717 0.94289
vt 0.75446 0.93106
vt 0.76554 0.92817
vt 0.74701 0.95569
vt 0.74538 0.94508
vt 0.74291 0.93427
vt 0.74084 0.92326
vt 0.7521 0.91974
vt 0.73183 0.94553
vt 0.73039 0.93587
vt 0.72908 0.92572
vt 0.72749 0.91496
vt 0.73857 0.91209
vt 0.73631 0.90099
vt 0.7479 0.89758
vt 0.75001 0.90853
vt 0.72522 0.90398
vt 0.72335 0.89291
vt 0.73443 0.88999
vt 0.71402 0.90658
vt 0.71216 0.89596
vt 0.71018 0.88496
vt 0.72145 0.88158
vt 0.69988 0.90853
vt 0.69906 0.89904
vt 0.69747 0.88895
vt 0.69565 0.87834
vt 0.70785 0.87391
vt 0.68514 0.90118
vt 0.68386 0.89084
vt 0.68264 0.87998
vt 0.68164 0.86808
vt 0.6933 0.86669
vt 0.67181 0.89167
vt 0.67039 0.87966
vt 0.66972 0.86724
vt 0.66946 0.85365
vt 0.68057 0.85502
vt 0.65958 0.87898
vt 0.658 0.86491
vt 0.65821 0.85113
vt 0.65925 0.83665
vt 0.66978 0.83934
vt 0.64791 0.86533
vt 0.64719 0.84966
vt 0.64797 0.83385
vt 0.6504 0.81815
vt 0.66105 0.8216
vt 0.63694 0.85043
vt 0.63722 0.83291
vt 0.63879 0.81559
vt 0.64202 0.79899
vt 0.65365 0.80268
vt 0.62594 0.83345
vt 0.62715 0.81468
vt 0.62921 0.79648
vt 0.6332 0.77917
vt 0.6459 0.78349
vt 0.99184 0.82639
vt 0.99315 0.8421
vt 0.97982 0.84196
vt 0.97851 0.82715
vt 0.97579 0.81182
vt 0.98861 0.81038
vt 0.97163 0.79653
vt 0.98474 0.79439
vt 0.96524 0.82642
vt 0.96266 0.81212
vt 0.95889 0.79741
vt 0.95378 0.783
vt 0.96649 0.78148
vt 0.94986 0.81202
vt 0.94636 0.79812
vt 0.94178 0.78379
vt 0.93582 0.76982
vt 0.9477 0.7686
vt 0.93475 0.79855
vt 0.93042 0.78475
vt 0.92502 0.77096
vt 0.91864 0.75845
vt 0.92955 0.75584
vt 0.91989 0.78553
vt 0.9144 0.77269
vt 0.90826 0.76073
vt 0.9046 0.77471
vt 0.89878 0.76354
vt 0.8926 0.75218
vt 0.89093 0.76612
vt 0.88518 0.75439
vt 0.87908 0.74296
vt 0.87879 0.75632
vt 0.87242 0.74477
vt 0.87263 0.75808
vt 0.86662 0.74685
vt 0.86612 0.75975
vt 0.86064 0.74906
vt 0.85478 0.73885
vt 0.85371 0.75113
vt 0.84836 0.74146
vt 0.843 0.73236
vt 0.84063 0.74509
vt 0.83629 0.73644
vt 0.83108 0.72834
vt 0.87718 0.77012
vt 0.88404 0.76854
vt 0.88809 0.78016
vt 0.89621 0.77763
vt 0.90077 0.78862
vt 0.90992 0.78667
vt 0.91371 0.79931
vt 0.92383 0.79901
vt 0.9263 0.81213
vt 0.93769 0.81214
vt 0.93947 0.82499
vt 0.95204 0.82558
vt 0.95314 0.83863
vt 0.96645 0.84048
vt 0.96629 0.85421
vt 0.97939 0.85669
vt 0.9771 0.87177
vt 0.99197 0.85792
vt 0.98827 0.87414
vt 0.98273 0.89108
vt 0.62922 0.8714
vt 0.62647 0.85243
vt 0.63879 0.86796
vt 0.64293 0.8849
vt 0.63457 0.88925
vt 0.65075 0.881
vt 0.65586 0.89622
vt 0.66308 0.89322
vt 0.66829 0.90733
vt 0.67515 0.90394
vt 0.68014 0.91613
vt 0.6752 0.92063
vt 0.68721 0.92758
vt 0.68434 0.93346
vt 0.69849 0.93784
vt 0.69693 0.94444
vt 0.71545 0.94382
vt 0.71374 0.951
vt 0.73155 0.95427
vt 0.68673 0.9112
vt 0.94084 0.75418
vt 0.95288 0.75228
vt 0.96039 0.76668
vt 0.96466 0.7483
vt 0.97291 0.76367
vt 0.97969 0.77885
vt 0.64572 0.74834
vt 0.65386 0.73408
vt 0.66426 0.74149
vt 0.65752 0.75523
vt 0.65119 0.76917
vt 0.63896 0.76324
vt 0.66822 0.75997
vt 0.66283 0.77388
vt 0.65767 0.78789
vt 0.67234 0.77732
vt 0.66794 0.79171
vt 0.66384 0.80636
vt 0.67669 0.79455
vt 0.67329 0.80946
vt 0.67087 0.82453
vt 0.68223 0.81151
vt 0.6807 0.82634
vt 0.68 0.84096
vt 0.69052 0.82635
vt 0.69058 0.84056
vt 0.69138 0.85413
vt 0.70121 0.83882
vt 0.70287 0.85124
vt 0.70499 0.86292
vt 0.71437 0.84812
vt 0.71694 0.85907
vt 0.71923 0.87029
vt 0.72884 0.85648
vt 0.73078 0.86756
vt 0.73252 0.87895
vt 0.74293 0.86596
vt 0.74439 0.87635
vt 0.7461 0.88692
vt 0.75781 0.87488
vt 0.75901 0.8848
vt 0.76023 0.89503
vt 0.77278 0.88421
vt 0.77336 0.89417
vt 0.77406 0.90462
vt 0.76179 0.90556
vt 0.77494 0.91584
vt 0.76364 0.9166
vt 0.77591 0.92838
vt 0.78581 0.91743
vt 0.78606 0.92978
vt 0.78705 0.94352
vt 0.79582 0.93095
vt 0.7964 0.94394
vt 0.79821 0.9583
vt 0.80281 0.97035
vt 0.81889 0.97042
vt 0.82737 0.95959
vt 0.82722 0.973
vt 0.806 0.93207
vt 0.80687 0.92067
vt 0.81658 0.93233
vt 0.7962 0.91911
vt 0.79688 0.90746
vt 0.78585 0.90582
vt 0.78613 0.89491
g Group43265
f 1/1 23/2 24/3 25/4
f 1/1 26/5 27/6 23/2
f 1/1 25/4 28/7 26/5
f 2/8 29/9 30/10 31/11
f 2/8 31/11 32/12 33/13
f 2/8 33/13 34/14 29/9
f 3/15 35/16 36/17 37/18
f 3/15 38/19 39/20 35/16
f 3/15 37/18 40/21 38/19
f 4/22 41/23 42/24 43/25
f 4/22 44/26 45/27 41/23
f 4/22 43/25 46/28 44/26
f 5/29 47/30 48/31 49/32
f 5/29 50/33 51/34 47/30
f 5/29 49/32 52/35 50/33
f 6/36 53/37 54/38 55/39
f 6/40 56/41 17/42 53/43
f 6/40 57/44 58/45 56/41
f 6/40 59/46 60/47 57/44
f 6/36 55/39 61/48 59/49
f 7/50 62/51 63/52 64/53
f 7/50 64/53 65/54 66/55
f 7/50 66/55 67/56 62/51
f 8/57 68/58 69/59 70/60
f 8/57 70/60 71/61 72/62
f 8/57 72/62 73/63 74/64
f 8/57 74/64 75/65 76/66
f 8/57 76/66 9/67 68/58
f 9/67 77/68 78/69 68/58
f 9/67 76/66 79/70 77/68
f 10/71 80/72 81/73 82/74
f 10/71 82/74 83/75 84/76
f 10/71 84/76 85/77 80/72
f 11/78 86/79 87/80 88/81
f 11/78 88/81 89/82 90/83
f 11/78 91/84 92/85 93/86
f 11/78 93/86 94/87 86/79
f 11/78 90/83 95/88 91/84
f 12/89 96/90 97/91 98/92
f 12/89 98/92 99/93 100/94
f 12/89 100/94 101/95 102/96
f 13/97 103/98 104/99 105/100
f 13/97 105/100 106/101 107/102
f 13/97 108/103 109/104 110/105
f 13/97 107/102 111/106 108/103
f 13/97 110/105 112/107 103/98
f 14/108 113/109 114/110 115/111
f 14/108 115/111 116/112 117/113
f 14/108 117/113 118/114 113/109
f 15/115 119/116 120/117 121/118
f 15/115 121/118 109/104 108/103
f 15/115 108/103 111/106 119/116
f 16/119 122/120 123/121 124/122
f 126/123 127/124 122/120 16/119
f 16/119 124/122 125/125 126/123
f 17/126 128/127 129/128 53/37
f 17/42 56/41 130/129 128/127
f 18/130 131/131 132/132 133/133
f 18/130 134/134 135/135 131/131
f 18/130 133/133 136/136 134/134
f 19/137 137/138 138/139 139/140
f 19/137 140/141 141/142 137/138
f 19/137 139/140 142/143 140/141
f 20/144 143/145 144/146 145/147
f 20/144 146/148 147/149 148/150
f 20/144 148/150 149/151 150/152
f 20/144 145/147 151/153 146/148
f 21/154 152/155 153/156 154/157
f 21/154 154/157 155/158 156/159
f 21/154 156/159 157/160 152/155
f 22/161 158/162 159/163 160/164
f 22/161 160/164 161/165 162/166
f 22/161 162/166 163/167 158/162
f 163/167 164/168 165/169 158/162
f 163/167 162/166 166/170 167/171
f 163/167 167/171 168/172 164/168
f 168/172 169/173 170/174 164/168
f 168/172 167/171 171/175 172/176
f 168/172 172/176 173/177 169/173
f 173/177 174/178 175/179 169/173
f 173/177 172/176 176/180 177/181
f 173/177 177/181 178/182 174/178
f 178/182 179/183 180/184 174/178
f 178/182 177/181 181/185 182/186
f 178/182 182/186 183/187 179/183
f 183/187 184/188 185/189 179/183
f 183/187 182/186 186/190 187/191
f 183/187 187/191 188/192 184/188
f 188/192 189/193 190/194 184/188
f 188/192 187/191 191/195 192/196
f 188/192 192/196 193/197 189/193
f 193/197 194/198 195/199 189/193
f 193/197 192/196 196/200 197/201
f 193/197 197/201 198/202 194/198
f 198/202 199/203 200/204 194/198
f 198/202 197/201 201/205 202/206
f 198/202 202/206 203/207 199/203
f 203/207 204/208 205/209 199/203
f 203/210 202/211 206/212 207/213
f 203/210 207/213 208/214 204/215
f 208/216 209/217 210/218 204/208
f 208/214 207/213 211/219 212/220
f 208/214 212/220 213/221 209/222
f 213/221 214/223 215/224 209/222
f 213/221 212/220 216/225 217/226
f 213/221 217/226 218/227 214/223
f 218/227 219/228 220/229 214/223
f 218/227 217/226 221/230 222/231
f 218/227 222/231 223/232 219/228
f 223/232 224/233 225/234 219/228
f 223/232 222/231 226/235 227/236
f 223/232 227/236 228/237 224/233
f 228/237 229/238 230/239 224/233
f 228/237 227/236 231/240 232/241
f 228/237 232/241 233/242 229/238
f 233/242 234/243 235/244 229/238
f 233/242 232/241 236/245 237/246
f 233/242 237/246 238/247 234/243
f 238/247 239/248 240/249 234/243
f 238/247 237/246 241/250 242/251
f 238/247 242/251 243/252 239/248
f 243/252 244/253 245/254 239/248
f 243/252 242/251 246/255 247/256
f 243/252 247/256 248/257 244/253
f 248/257 249/258 250/259 244/253
f 248/257 247/256 251/260 252/261
f 248/257 252/261 253/262 249/258
f 253/262 254/263 255/264 249/258
f 253/262 252/261 256/265 257/266
f 253/262 257/266 258/267 254/263
f 258/267 259/268 260/269 254/263
f 258/267 257/266 261/270 262/271
f 258/267 262/271 263/272 259/268
f 263/272 264/273 265/274 259/268
f 263/272 262/271 266/275 267/276
f 263/272 267/276 268/277 264/273
f 268/277 125/125 124/122 264/273
f 268/277 267/276 269/278 270/279
f 268/277 270/279 271/280 125/125
f 271/280 272/281 126/123 125/125
f 271/280 270/279 273/282 274/283
f 271/280 274/283 275/284 272/281
f 275/284 276/285 277/286 272/281
f 275/284 274/283 278/287 279/288
f 275/284 279/288 280/289 276/285
f 280/289 281/290 282/291 276/285
f 280/289 279/288 135/135 134/134
f 280/289 134/134 136/136 281/290
f 282/291 283/292 284/293 285/294
f 282/291 285/294 277/286 276/285
f 282/291 281/290 286/295 283/292
f 286/295 281/290 136/136 287/296
f 286/295 287/296 288/297 289/298
f 286/295 289/298 290/299 283/292
f 290/299 289/298 291/300 292/301
f 290/299 292/301 293/302 294/303
f 290/299 294/303 284/293 283/292
f 294/303 293/302 102/96 101/95
f 294/303 101/95 295/304 284/293
f 295/304 101/95 100/94 296/305
f 295/304 296/305 297/306 298/307
f 295/304 298/307 285/294 284/293
f 298/307 297/306 299/308 300/309
f 298/307 300/309 277/286 285/294
f 300/309 299/308 127/124 126/123
f 300/309 126/123 272/281 277/286
f 299/308 297/306 301/310 302/311
f 299/308 302/311 303/312 127/124
f 303/312 302/311 304/313 305/314
f 303/312 305/314 306/315 307/316
f 303/312 307/316 122/120 127/124
f 307/316 306/315 308/317 309/318
f 307/316 309/318 123/121 122/120
f 309/318 308/317 310/319 311/320
f 309/318 311/320 312/321 123/121
f 312/321 311/320 313/322 314/323
f 312/321 314/323 315/324 316/325
f 312/321 316/325 124/122 123/121
f 316/325 315/324 317/326 265/274
f 316/325 265/274 264/273 124/122
f 317/326 315/324 117/113 116/112
f 317/326 116/112 318/327 260/269
f 317/326 260/269 259/268 265/274
f 318/327 116/112 115/111 319/328
f 318/327 319/328 320/329 255/264
f 318/327 255/264 254/263 260/269
f 320/329 319/328 321/330 322/331
f 320/329 322/331 323/332 250/259
f 320/329 250/259 249/258 255/264
f 323/332 322/331 324/333 325/334
f 323/332 325/334 326/335 245/254
f 323/332 245/254 244/253 250/259
f 326/335 325/334 327/336 328/337
f 326/335 328/337 329/338 240/249
f 326/335 240/249 239/248 245/254
f 329/338 328/337 330/339 331/340
f 329/338 331/340 332/341 235/244
f 329/338 235/244 234/243 240/249
f 332/341 331/340 333/342 334/343
f 332/341 334/343 335/344 230/239
f 332/341 230/239 229/238 235/244
f 335/344 334/343 336/345 337/346
f 335/344 337/346 338/347 225/234
f 335/344 225/234 224/233 230/239
f 338/347 337/346 339/348 340/349
f 338/347 340/349 341/350 220/229
f 338/347 220/229 219/228 225/234
f 341/351 340/352 342/353 343/354
f 341/351 343/354 344/355 215/356
f 341/350 215/224 214/223 220/229
f 344/355 343/354 345/357 346/358
f 344/355 346/358 347/359 210/218
f 344/355 210/218 209/217 215/356
f 347/359 346/358 348/360 349/361
f 347/359 349/361 350/362 205/209
f 347/359 205/209 204/208 210/218
f 350/362 349/361 351/363 352/364
f 350/362 352/364 353/365 200/204
f 350/362 200/204 199/203 205/209
f 353/365 352/364 354/366 355/367
f 353/365 355/367 356/368 195/199
f 353/365 195/199 194/198 200/204
f 356/368 355/367 357/369 358/370
f 356/368 358/370 359/371 190/194
f 356/368 190/194 189/193 195/199
f 359/371 358/370 360/372 361/373
f 359/371 361/373 362/374 185/189
f 359/371 185/189 184/188 190/194
f 362/374 361/373 363/375 364/376
f 362/374 364/376 365/377 180/184
f 362/374 180/184 179/183 185/189
f 365/377 364/376 366/378 367/379
f 365/377 367/379 368/380 175/179
f 365/377 175/179 174/178 180/184
f 368/380 367/379 369/381 370/382
f 368/380 370/382 371/383 170/174
f 368/380 170/174 169/173 175/179
f 371/383 370/382 372/384 373/385
f 371/383 373/385 374/386 165/169
f 371/383 165/169 164/168 170/174
f 374/386 373/385 375/387 376/388
f 374/386 376/388 377/389 159/163
f 374/386 159/163 158/162 165/169
f 377/389 376/388 378/390 379/391
f 377/389 379/391 380/392 381/393
f 377/389 381/393 160/164 159/163
f 381/393 382/394 161/165 160/164
f 381/393 380/392 383/395 382/394
f 383/395 384/396 385/397 382/394
f 383/395 380/392 386/398 387/399
f 383/395 387/399 388/400 384/396
f 388/400 389/401 390/402 384/396
f 388/400 387/399 391/403 392/404
f 388/400 392/404 393/405 389/401
f 393/405 394/406 395/407 389/401
f 393/405 392/404 396/408 397/409
f 393/405 397/409 398/410 394/406
f 398/410 399/411 400/412 394/406
f 398/410 397/409 401/413 402/414
f 398/410 402/414 403/415 399/411
f 403/415 404/416 405/417 399/411
f 403/415 402/414 406/418 407/419
f 403/415 407/419 408/420 404/416
f 408/420 409/421 410/422 404/416
f 408/420 407/419 411/423 412/424
f 408/420 412/424 413/425 409/421
f 413/425 414/426 415/427 409/421
f 413/425 412/424 416/428 417/429
f 413/425 417/429 418/430 414/426
f 418/431 419/432 420/433 414/434
f 418/430 417/429 421/435 422/436
f 418/431 422/437 423/438 419/432
f 423/438 424/439 425/440 419/432
f 423/438 422/437 426/441 427/442
f 423/438 427/442 428/443 424/439
f 428/443 429/444 430/445 424/439
f 428/443 427/442 431/446 432/447
f 428/443 432/447 433/448 429/444
f 433/448 434/449 435/450 429/444
f 433/448 432/447 436/451 437/452
f 433/448 437/452 438/453 434/449
f 438/453 439/454 440/455 434/449
f 438/453 437/452 441/456 442/457
f 438/453 442/457 443/458 439/454
f 443/458 444/459 445/460 439/454
f 443/458 442/457 446/461 447/462
f 443/458 447/462 448/463 444/459
f 448/463 449/464 450/465 444/459
f 448/463 447/462 451/466 452/467
f 448/463 452/467 453/468 449/464
f 453/468 454/469 455/470 449/464
f 453/468 452/467 456/471 457/472
f 453/468 457/472 458/473 454/469
f 458/473 457/472 459/474 460/475
f 458/473 460/475 461/476 462/477
f 458/473 462/477 463/478 454/469
f 463/478 464/479 465/480 466/481
f 463/478 466/481 455/470 454/469
f 463/478 462/477 467/482 464/479
f 467/482 468/483 469/484 464/479
f 467/482 462/477 461/476 470/485
f 467/482 470/485 94/87 468/483
f 470/485 461/476 471/486 472/487
f 470/485 472/487 86/79 94/87
f 472/487 471/486 473/488 474/489
f 472/487 474/489 87/80 86/79
f 474/489 473/488 475/490 476/491
f 474/489 476/491 477/492 87/80
f 477/492 478/493 88/81 87/80
f 477/492 476/491 479/494 480/495
f 477/492 480/495 481/496 478/493
f 481/496 482/497 483/498 478/493
f 481/496 480/495 484/499 485/500
f 481/496 485/500 486/501 482/497
f 486/501 487/502 488/503 482/497
f 486/501 485/500 489/504 490/505
f 486/501 490/505 491/506 487/502
f 491/506 492/507 493/508 487/502
f 491/506 490/505 494/509 495/510
f 491/506 495/510 496/511 492/507
f 496/511 497/512 498/513 492/507
f 496/511 495/510 499/514 500/515
f 496/511 500/515 501/516 497/512
f 501/516 502/517 503/518 497/512
f 501/516 500/515 504/519 505/520
f 501/516 505/520 506/521 502/517
f 506/521 507/522 508/523 502/517
f 506/521 505/520 509/524 510/525
f 506/521 510/525 511/526 507/522
f 511/526 512/527 513/528 507/522
f 511/526 510/525 514/529 515/530
f 511/526 515/530 516/531 512/527
f 516/531 517/532 518/533 512/527
f 516/531 515/530 519/534 520/535
f 516/531 520/535 521/536 517/532
f 521/536 522/537 523/538 517/532
f 521/536 520/535 524/539 525/540
f 521/536 525/540 526/541 522/537
f 526/541 527/542 528/543 522/537
f 526/541 525/540 529/544 530/545
f 526/541 530/545 531/546 527/542
f 531/546 532/547 533/548 527/542
f 531/546 530/545 534/549 535/550
f 531/546 535/550 536/551 532/547
f 536/551 537/552 538/553 532/547
f 536/551 535/550 539/554 540/555
f 536/551 540/555 541/556 537/552
f 541/556 542/557 543/558 537/552
f 541/556 540/555 544/559 545/560
f 541/556 545/560 546/561 542/557
f 546/561 547/562 548/563 542/557
f 546/561 545/560 549/564 550/565
f 546/561 550/565 551/566 547/562
f 551/566 552/567 553/568 547/562
f 551/566 550/565 554/569 555/570
f 551/566 555/570 556/571 552/567
f 556/571 557/572 558/573 552/567
f 556/571 555/570 559/574 560/575
f 556/571 560/575 561/576 557/572
f 561/576 562/577 563/578 557/572
f 561/576 560/575 564/579 565/580
f 561/576 565/580 566/581 562/577
f 566/581 567/582 568/583 562/577
f 566/581 565/580 569/584 570/585
f 566/581 570/585 571/586 567/582
f 571/586 572/587 573/588 567/582
f 571/586 570/585 574/589 575/590
f 571/586 575/590 576/591 572/587
f 576/591 577/592 578/593 572/587
f 576/591 575/590 579/594 580/595
f 576/591 580/595 581/596 577/592
f 581/596 582/597 583/598 577/592
f 581/596 580/595 584/599 585/600
f 581/596 585/600 586/601 582/597
f 586/601 587/602 588/603 582/597
f 586/601 585/600 589/604 590/605
f 586/601 590/605 591/606 587/602
f 591/606 592/607 593/608 587/602
f 591/606 590/605 594/609 595/610
f 591/606 595/610 596/611 592/607
f 596/611 597/612 598/613 592/607
f 596/611 595/610 599/614 600/615
f 596/611 600/615 601/616 597/612
f 601/616 602/617 603/618 597/612
f 601/616 600/615 604/619 605/620
f 601/616 605/620 606/621 602/617
f 606/621 607/622 608/623 602/617
f 606/621 605/620 149/151 609/624
f 606/621 609/624 610/625 607/622
f 610/625 611/626 612/627 607/622
f 610/625 609/624 613/628 614/629
f 610/625 614/629 615/630 611/626
f 615/630 616/631 617/632 611/626
f 615/630 614/629 618/633 619/634
f 615/630 619/634 620/635 616/631
f 620/635 621/636 622/637 616/631
f 620/635 619/634 623/638 624/639
f 620/635 624/639 625/640 621/636
f 625/640 626/641 627/642 621/636
f 625/640 624/639 628/643 629/644
f 625/640 629/644 630/645 626/641
f 630/645 631/646 632/647 626/641
f 630/645 629/644 633/648 634/649
f 630/645 634/649 153/156 631/646
f 634/649 633/648 635/650 636/651
f 634/649 636/651 154/157 153/156
f 636/651 635/650 637/652 638/653
f 636/651 638/653 155/158 154/157
f 638/653 637/652 639/654 640/655
f 638/653 640/655 641/656 155/158
f 641/656 642/657 156/159 155/158
f 641/656 640/655 643/658 644/659
f 641/656 644/659 645/660 642/657
f 645/660 646/661 647/662 642/657
f 645/660 644/659 648/663 649/664
f 645/660 649/664 650/665 646/661
f 650/665 651/666 652/667 653/668
f 650/665 653/668 654/669 646/661
f 650/665 649/664 655/670 651/666
f 655/670 649/664 648/663 656/671
f 655/670 656/671 657/672 658/673
f 655/670 658/673 659/674 651/666
f 659/674 660/675 661/676 662/677
f 659/674 662/677 652/667 651/666
f 659/674 658/673 663/678 660/675
f 663/678 658/673 657/672 664/679
f 663/678 664/679 665/680 666/681
f 663/678 666/681 667/682 660/675
f 667/682 668/683 669/684 670/685
f 667/682 670/685 661/676 660/675
f 667/682 666/681 671/686 668/683
f 671/686 666/681 665/680 672/687
f 671/686 672/687 673/688 674/689
f 671/686 674/689 675/690 668/683
f 675/690 676/691 677/692 678/693
f 675/690 678/693 669/684 668/683
f 675/690 674/689 679/694 676/691
f 679/694 674/689 673/688 680/695
f 679/694 680/695 681/696 682/697
f 679/694 682/697 683/698 676/691
f 683/698 684/699 685/700 686/701
f 683/698 686/701 677/692 676/691
f 683/698 682/697 687/702 684/699
f 687/702 682/697 681/696 688/703
f 687/702 688/703 689/704 690/705
f 687/702 690/705 691/706 684/699
f 691/706 692/707 693/708 694/709
f 691/706 694/709 685/700 684/699
f 691/706 690/705 695/710 692/707
f 695/710 690/705 689/704 696/711
f 695/710 696/711 310/712 308/713
f 695/710 308/713 306/714 692/707
f 696/711 689/704 697/715 698/716
f 696/711 698/716 699/717 310/712
f 699/717 698/716 700/718 701/719
f 699/720 701/721 702/722 313/322
f 699/720 313/322 311/320 310/319
f 702/722 701/721 703/723 704/724
f 702/722 704/724 113/109 118/114
f 702/722 118/114 314/323 313/322
f 704/724 703/723 705/725 706/726
f 704/724 706/726 114/110 113/109
f 706/726 705/725 707/727 708/728
f 706/726 708/728 321/330 114/110
f 708/728 707/727 709/729 324/333
f 708/728 324/333 322/331 321/330
f 709/729 707/727 710/730 711/731
f 709/729 711/731 712/732 327/336
f 709/729 327/336 325/334 324/333
f 712/732 711/731 713/733 714/734
f 712/732 714/734 715/735 330/339
f 712/732 330/339 328/337 327/336
f 715/735 714/734 716/736 717/737
f 715/735 717/737 718/738 333/342
f 715/735 333/342 331/340 330/339
f 718/738 717/737 719/739 720/740
f 718/738 720/740 721/741 336/345
f 718/738 336/345 334/343 333/342
f 721/742 720/743 722/744 723/745
f 721/742 723/745 724/746 339/747
f 721/741 339/348 337/346 336/345
f 724/746 723/745 725/748 726/749
f 724/746 726/749 727/750 342/353
f 724/746 342/353 340/352 339/747
f 727/750 726/749 728/751 729/752
f 727/750 729/752 730/753 345/357
f 727/750 345/357 343/354 342/353
f 730/753 729/752 731/754 732/755
f 730/753 732/755 733/756 348/360
f 730/753 348/360 346/358 345/357
f 733/756 732/755 734/757 735/758
f 733/756 735/758 736/759 351/363
f 733/756 351/363 349/361 348/360
f 736/759 735/758 737/760 738/761
f 736/759 738/761 739/762 354/366
f 736/759 354/366 352/364 351/363
f 739/762 738/761 740/763 741/764
f 739/762 741/764 742/765 357/369
f 739/762 357/369 355/367 354/366
f 742/765 741/764 743/766 744/767
f 742/765 744/767 745/768 360/372
f 742/765 360/372 358/370 357/369
f 745/768 744/767 746/769 747/770
f 745/768 747/770 748/771 363/375
f 745/768 363/375 361/373 360/372
f 748/771 747/770 749/772 750/773
f 748/771 750/773 751/774 366/378
f 748/771 366/378 364/376 363/375
f 751/774 750/773 752/775 753/776
f 751/774 753/776 754/777 369/381
f 751/774 369/381 367/379 366/378
f 754/777 753/776 755/778 756/779
f 754/777 756/779 757/780 372/384
f 754/777 372/384 370/382 369/381
f 757/780 756/779 758/781 759/782
f 757/780 759/782 760/783 375/387
f 757/780 375/387 373/385 372/384
f 760/783 759/782 761/784 762/785
f 760/783 762/785 763/786 378/390
f 760/783 378/390 376/388 375/387
f 763/786 762/785 764/787 765/788
f 763/786 765/788 766/789 767/790
f 763/786 767/790 379/391 378/390
f 767/790 766/789 768/791 386/398
f 767/790 386/398 380/392 379/391
f 768/791 391/403 387/399 386/398
f 768/791 766/789 769/792 770/793
f 768/791 770/793 771/794 391/403
f 771/794 396/408 392/404 391/403
f 771/794 770/793 772/795 773/796
f 771/794 773/796 774/797 396/408
f 774/797 401/413 397/409 396/408
f 774/797 773/796 775/798 776/799
f 774/797 776/799 777/800 401/413
f 777/800 406/418 402/414 401/413
f 777/800 776/799 778/801 779/802
f 777/800 779/802 780/803 406/418
f 780/803 411/423 407/419 406/418
f 780/803 779/802 781/804 782/805
f 780/803 782/805 783/806 411/423
f 783/806 416/428 412/424 411/423
f 783/806 782/805 784/807 785/808
f 783/806 785/808 786/809 416/428
f 786/809 421/435 417/429 416/428
f 786/809 785/808 787/810 788/811
f 786/809 788/811 789/812 421/435
f 789/812 426/813 422/436 421/435
f 789/812 788/811 790/814 791/815
f 789/812 791/815 792/816 426/813
f 792/817 431/446 427/442 426/441
f 792/816 791/815 793/818 794/819
f 792/817 794/820 795/821 431/446
f 795/821 436/451 432/447 431/446
f 795/821 794/820 796/822 797/823
f 795/821 797/823 798/824 436/451
f 798/824 441/456 437/452 436/451
f 798/824 797/823 799/825 800/826
f 798/824 800/826 801/827 441/456
f 801/827 446/461 442/457 441/456
f 801/827 800/826 802/828 803/829
f 801/827 803/829 804/830 446/461
f 804/830 803/829 805/831 806/832
f 804/830 806/832 807/833 451/466
f 804/830 451/466 447/462 446/461
f 807/833 806/832 808/834 809/835
f 807/833 809/835 810/836 456/471
f 807/833 456/471 452/467 451/466
f 810/836 809/835 811/837 812/838
f 810/836 812/838 813/839 459/474
f 810/836 459/474 457/472 456/471
f 813/839 812/838 814/840 815/841
f 813/839 815/841 816/842 817/843
f 813/839 817/843 460/475 459/474
f 817/843 816/842 473/488 471/486
f 817/843 471/486 461/476 460/475
f 816/842 815/841 818/844 819/845
f 816/842 819/845 475/490 473/488
f 819/845 818/844 820/846 821/847
f 819/845 821/847 822/848 475/490
f 822/848 479/494 476/491 475/490
f 822/848 821/847 823/849 824/850
f 822/848 824/850 825/851 479/494
f 825/851 484/499 480/495 479/494
f 825/851 824/850 826/852 827/853
f 825/851 827/853 828/854 484/499
f 828/854 489/504 485/500 484/499
f 828/854 827/853 829/855 830/856
f 828/854 830/856 831/857 489/504
f 831/857 494/509 490/505 489/504
f 831/857 830/856 832/858 833/859
f 831/857 833/859 834/860 494/509
f 834/860 499/514 495/510 494/509
f 834/860 833/859 835/861 836/862
f 834/860 836/862 837/863 499/514
f 837/863 504/519 500/515 499/514
f 837/863 836/862 838/864 839/865
f 837/863 839/865 840/866 504/519
f 840/866 509/524 505/520 504/519
f 840/866 839/865 841/867 842/868
f 840/866 842/868 843/869 509/524
f 843/869 514/529 510/525 509/524
f 843/869 842/868 844/870 845/871
f 843/869 845/871 846/872 514/529
f 846/872 519/534 515/530 514/529
f 846/872 845/871 847/873 848/874
f 846/872 848/874 849/875 519/534
f 849/875 524/539 520/535 519/534
f 849/875 848/874 850/876 851/877
f 849/875 851/877 852/878 524/539
f 852/878 529/544 525/540 524/539
f 852/878 851/877 853/879 854/880
f 852/878 854/880 855/881 529/544
f 855/881 534/549 530/545 529/544
f 855/881 854/880 856/882 857/883
f 855/881 857/883 858/884 534/549
f 858/884 539/554 535/550 534/549
f 858/884 857/883 859/885 860/886
f 858/884 860/886 861/887 539/554
f 861/887 544/559 540/555 539/554
f 861/887 860/886 862/888 863/889
f 861/887 863/889 864/890 544/559
f 864/890 549/564 545/560 544/559
f 864/890 863/889 865/891 866/892
f 864/890 866/892 867/893 549/564
f 867/893 554/569 550/565 549/564
f 867/893 866/892 868/894 869/895
f 867/893 869/895 870/896 554/569
f 870/896 559/574 555/570 554/569
f 870/896 869/895 871/897 872/898
f 870/896 872/898 873/899 559/574
f 873/899 564/579 560/575 559/574
f 873/899 872/898 874/900 875/901
f 873/899 875/901 876/902 564/579
f 876/902 569/584 565/580 564/579
f 876/902 875/901 877/903 878/904
f 876/902 878/904 879/905 569/584
f 879/905 574/589 570/585 569/584
f 879/905 878/904 880/906 881/907
f 879/905 881/907 882/908 574/589
f 882/908 579/594 575/590 574/589
f 882/908 881/907 883/909 884/910
f 882/908 884/910 885/911 579/594
f 885/911 584/599 580/595 579/594
f 885/911 884/910 886/912 887/913
f 885/911 887/913 888/914 584/599
f 888/914 589/604 585/600 584/599
f 888/914 887/913 889/915 890/916
f 888/914 890/916 891/917 589/604
f 891/917 594/609 590/605 589/604
f 891/917 890/916 892/918 893/919
f 891/917 893/919 894/920 594/609
f 894/920 599/614 595/610 594/609
f 894/920 893/919 895/921 896/922
f 894/920 896/922 897/923 599/614
f 897/923 604/619 600/615 599/614
f 897/923 896/922 898/924 899/925
f 897/923 899/925 150/152 604/619
f 899/925 898/924 900/926 143/145
f 899/925 143/145 20/144 150/152
f 900/926 898/924 901/927 902/928
f 900/926 902/928 903/929 904/930
f 900/926 904/930 144/146 143/145
f 904/930 903/929 905/931 906/932
f 904/930 906/932 907/933 144/146
f 907/933 906/932 908/934 909/935
f 907/933 909/935 910/936 911/937
f 907/933 911/937 145/147 144/146
f 911/937 910/936 912/938 913/939
f 911/937 913/939 151/153 145/147
f 913/939 912/938 914/940 915/941
f 913/939 915/941 916/942 151/153
f 916/942 917/943 146/148 151/153
f 916/942 915/941 918/944 919/945
f 916/942 919/945 920/946 917/943
f 920/946 921/947 922/948 917/943
f 920/946 919/945 923/949 924/950
f 920/946 924/950 925/951 921/947
f 925/951 926/952 927/953 921/947
f 925/951 924/950 928/954 929/955
f 925/951 929/955 930/956 926/952
f 930/956 931/957 932/958 926/952
f 930/956 929/955 933/959 934/960
f 930/956 934/960 935/961 931/957
f 935/961 936/962 937/963 931/957
f 935/961 934/960 938/964 939/965
f 935/961 939/965 940/966 936/962
f 940/966 941/967 942/968 936/962
f 940/966 939/965 943/969 944/970
f 940/966 944/970 945/971 941/967
f 945/971 946/972 639/654 941/967
f 945/971 944/970 947/973 948/974
f 945/971 948/974 949/975 946/972
f 949/975 950/976 643/658 946/972
f 949/975 948/974 951/977 952/978
f 949/975 952/978 953/979 950/976
f 953/979 656/671 648/663 950/976
f 953/979 952/978 954/980 955/981
f 953/979 955/981 657/672 656/671
f 955/981 954/980 956/982 957/983
f 955/981 957/983 664/679 657/672
f 957/983 956/982 958/984 959/985
f 957/983 959/985 665/680 664/679
f 959/985 958/984 960/986 961/987
f 959/985 961/987 672/687 665/680
f 961/987 960/986 962/988 963/989
f 961/987 963/989 673/688 672/687
f 963/989 962/988 964/990 965/991
f 963/989 965/991 680/695 673/688
f 965/991 964/990 966/992 967/993
f 965/991 967/993 681/696 680/695
f 967/993 966/992 968/994 969/995
f 967/993 969/995 688/703 681/696
f 969/995 968/994 970/996 697/715
f 969/995 697/715 689/704 688/703
f 970/996 968/994 971/997 972/998
f 970/996 972/998 973/999 700/718
f 970/996 700/718 698/716 697/715
f 973/1000 972/1001 974/1002 975/1003
f 973/1000 975/1003 705/725 703/723
f 973/999 703/1004 701/719 700/718
f 975/1003 974/1002 976/1005 710/730
f 975/1003 710/730 707/727 705/725
f 976/1005 974/1002 977/1006 978/1007
f 976/1005 978/1007 979/1008 713/733
f 976/1005 713/733 711/731 710/730
f 979/1008 978/1007 980/1009 981/1010
f 979/1008 981/1010 982/1011 716/736
f 979/1008 716/736 714/734 713/733
f 982/1012 981/1013 983/1014 984/1015
f 982/1012 984/1015 985/1016 719/1017
f 982/1011 719/739 717/737 716/736
f 985/1016 984/1015 986/1018 987/1019
f 985/1016 987/1019 988/1020 722/744
f 985/1016 722/744 720/743 719/1017
f 988/1020 987/1019 989/1021 990/1022
f 988/1020 990/1022 991/1023 725/748
f 988/1020 725/748 723/745 722/744
f 991/1023 990/1022 992/1024 993/1025
f 991/1023 993/1025 994/1026 728/751
f 991/1023 728/751 726/749 725/748
f 994/1026 993/1025 995/1027 996/1028
f 994/1026 996/1028 997/1029 731/754
f 994/1026 731/754 729/752 728/751
f 997/1029 996/1028 998/1030 999/1031
f 997/1029 999/1031 1000/1032 734/757
f 997/1029 734/757 732/755 731/754
f 1000/1032 999/1031 1001/1033 1002/1034
f 1000/1032 1002/1034 1003/1035 737/760
f 1000/1032 737/760 735/758 734/757
f 1003/1035 1002/1034 1004/1036 1005/1037
f 1003/1035 1005/1037 1006/1038 740/763
f 1003/1035 740/763 738/761 737/760
f 1006/1038 1005/1037 1007/1039 1008/1040
f 1006/1038 1008/1040 1009/1041 743/766
f 1006/1038 743/766 741/764 740/763
f 1009/1041 1008/1040 1010/1042 1011/1043
f 1009/1041 1011/1043 1012/1044 746/769
f 1009/1041 746/769 744/767 743/766
f 1012/1044 1011/1043 1013/1045 1014/1046
f 1012/1044 1014/1046 1015/1047 749/772
f 1012/1044 749/772 747/770 746/769
f 1015/1047 1014/1046 1016/1048 1017/1049
f 1015/1047 1017/1049 1018/1050 752/775
f 1015/1047 752/775 750/773 749/772
f 1018/1050 1017/1049 1019/1051 1020/1052
f 1018/1050 1020/1052 1021/1053 755/778
f 1018/1050 755/778 753/776 752/775
f 1021/1053 1020/1052 1022/1054 1023/1055
f 1021/1053 1023/1055 1024/1056 758/781
f 1021/1053 758/781 756/779 755/778
f 1024/1056 1023/1055 1025/1057 1026/1058
f 1024/1056 1026/1058 1027/1059 761/784
f 1024/1056 761/784 759/782 758/781
f 1027/1059 1026/1058 1028/1060 1029/1061
f 1027/1059 1029/1061 1030/1062 764/787
f 1027/1059 764/787 762/785 761/784
f 1030/1062 1029/1061 1031/1063 1032/1064
f 1030/1062 1032/1064 1033/1065 1034/1066
f 1030/1062 1034/1066 765/788 764/787
f 1034/1066 1033/1065 1035/1067 769/792
f 1034/1066 769/792 766/789 765/788
f 1035/1067 772/795 770/793 769/792
f 1035/1067 1033/1065 1036/1068 1037/1069
f 1035/1067 1037/1069 1038/1070 772/795
f 1038/1070 775/798 773/796 772/795
f 1038/1070 1037/1069 1039/1071 1040/1072
f 1038/1070 1040/1072 1041/1073 775/798
f 1041/1073 778/801 776/799 775/798
f 1041/1073 1040/1072 1042/1074 1043/1075
f 1041/1073 1043/1075 1044/1076 778/801
f 1044/1076 781/804 779/802 778/801
f 1044/1076 1043/1075 1045/1077 1046/1078
f 1044/1076 1046/1078 1047/1079 781/804
f 1047/1079 784/807 782/805 781/804
f 1047/1079 1046/1078 1048/1080 1049/1081
f 1047/1079 1049/1081 1050/1082 784/807
f 1050/1082 1049/1081 1051/1083 1052/1084
f 1050/1082 1052/1084 1053/1085 787/810
f 1050/1082 787/810 785/808 784/807
f 1053/1085 1052/1084 1054/1086 1055/1087
f 1053/1085 1055/1087 1056/1088 790/814
f 1053/1085 790/814 788/811 787/810
f 1056/1088 1055/1087 1057/1089 1058/1090
f 1056/1088 1058/1090 1059/1091 793/818
f 1056/1088 793/818 791/815 790/814
f 1059/1091 1058/1090 1060/1092 1061/1093
f 1059/1091 1061/1093 1062/1094 796/1095
f 1059/1091 796/1095 794/819 793/818
f 1062/1094 1061/1093 1063/1096 1064/1097
f 1062/1098 1064/1099 1065/1100 799/825
f 1062/1098 799/825 797/823 796/822
f 1065/1100 1064/1099 1066/1101 1067/1102
f 1065/1100 1067/1102 1068/1103 802/828
f 1065/1100 802/828 800/826 799/825
f 1068/1103 1067/1102 1069/1104 1070/1105
f 1068/1103 1070/1105 1071/1106 805/831
f 1068/1103 805/831 803/829 802/828
f 1071/1106 1070/1105 1072/1107 1073/1108
f 1071/1106 1073/1108 1074/1109 808/834
f 1071/1106 808/834 806/832 805/831
f 1074/1109 1073/1108 1075/1110 1076/1111
f 1074/1109 1076/1111 1077/1112 811/837
f 1074/1109 811/837 809/835 808/834
f 1077/1112 1076/1111 1078/1113 1079/1114
f 1077/1112 1079/1114 1080/1115 814/840
f 1077/1112 814/840 812/838 811/837
f 1080/1115 1079/1114 1081/1116 1082/1117
f 1080/1115 1082/1117 820/846 818/844
f 1080/1115 818/844 815/841 814/840
f 1082/1117 1081/1116 30/10 1083/1118
f 1082/1117 1083/1118 1084/1119 820/846
f 1084/1119 823/849 821/847 820/846
f 1084/1119 1083/1118 1085/1120 1086/1121
f 1084/1119 1086/1121 1087/1122 823/849
f 1087/1122 826/852 824/850 823/849
f 1087/1122 1086/1121 1088/1123 1089/1124
f 1087/1122 1089/1124 1090/1125 826/852
f 1090/1125 829/855 827/853 826/852
f 1090/1125 1089/1124 1091/1126 1092/1127
f 1090/1125 1092/1127 1093/1128 829/855
f 1093/1128 832/858 830/856 829/855
f 1093/1128 1092/1127 1094/1129 1095/1130
f 1093/1128 1095/1130 1096/1131 832/858
f 1096/1131 835/861 833/859 832/858
f 1096/1131 1095/1130 1097/1132 1098/1133
f 1096/1131 1098/1133 1099/1134 835/861
f 1099/1134 838/864 836/862 835/861
f 1099/1134 1098/1133 1100/1135 1101/1136
f 1099/1134 1101/1136 1102/1137 838/864
f 1102/1137 841/867 839/865 838/864
f 1102/1137 1101/1136 1103/1138 1104/1139
f 1102/1137 1104/1139 1105/1140 841/867
f 1105/1140 844/870 842/868 841/867
f 1105/1140 1104/1139 1106/1141 1107/1142
f 1105/1140 1107/1142 1108/1143 844/870
f 1108/1143 847/873 845/871 844/870
f 1108/1143 1107/1142 1109/1144 1110/1145
f 1108/1143 1110/1145 1111/1146 847/873
f 1111/1146 850/876 848/874 847/873
f 1111/1146 1110/1145 1112/1147 1113/1148
f 1111/1146 1113/1148 1114/1149 850/876
f 1114/1149 853/879 851/877 850/876
f 1114/1149 1113/1148 1115/1150 1116/1151
f 1114/1149 1116/1151 1117/1152 853/879
f 1117/1152 856/882 854/880 853/879
f 1117/1152 1116/1151 1118/1153 1119/1154
f 1117/1152 1119/1154 1120/1155 856/882
f 1120/1155 859/885 857/883 856/882
f 1120/1155 1119/1154 1121/1156 1122/1157
f 1120/1155 1122/1157 1123/1158 859/885
f 1123/1158 862/888 860/886 859/885
f 1123/1158 1122/1157 1124/1159 1125/1160
f 1123/1158 1125/1160 1126/1161 862/888
f 1126/1161 865/891 863/889 862/888
f 1126/1161 1125/1160 1127/1162 1128/1163
f 1126/1161 1128/1163 1129/1164 865/891
f 1129/1164 868/894 866/892 865/891
f 1129/1164 1128/1163 1130/1165 1131/1166
f 1129/1164 1131/1166 1132/1167 868/894
f 1132/1167 871/897 869/895 868/894
f 1132/1167 1131/1166 1133/1168 1134/1169
f 1132/1167 1134/1169 1135/1170 871/897
f 1135/1170 874/900 872/898 871/897
f 1135/1170 1134/1169 1136/1171 1137/1172
f 1135/1170 1137/1172 1138/1173 874/900
f 1138/1173 877/903 875/901 874/900
f 1138/1173 1137/1172 1139/1174 1140/1175
f 1138/1173 1140/1175 1141/1176 877/903
f 1141/1176 880/906 878/904 877/903
f 1141/1176 1140/1175 1142/1177 1143/1178
f 1141/1176 1143/1178 1144/1179 880/906
f 1144/1179 883/909 881/907 880/906
f 1144/1179 1143/1178 1145/1180 1146/1181
f 1144/1179 1146/1181 1147/1182 883/909
f 1147/1182 886/912 884/910 883/909
f 1147/1182 1146/1181 38/19 40/21
f 1147/1182 40/21 1148/1183 886/912
f 1148/1183 889/915 887/913 886/912
f 1148/1183 40/21 37/18 1149/1184
f 1148/1183 1149/1184 1150/1185 889/915
f 1150/1185 892/918 890/916 889/915
f 1150/1185 1149/1184 1151/1186 1152/1187
f 1150/1185 1152/1187 1153/1188 892/918
f 1153/1188 1152/1187 1154/1189 1155/1190
f 1153/1188 1155/1190 901/927 895/921
f 1153/1188 895/921 893/919 892/918
f 1155/1190 1154/1189 1156/1191 1157/1192
f 1155/1190 1157/1192 902/928 901/927
f 1157/1192 1156/1191 1158/1193 1159/1194
f 1157/1192 1159/1194 903/929 902/928
f 1159/1194 1158/1193 1160/1195 1161/1196
f 1159/1194 1161/1196 905/931 903/929
f 1161/1196 1160/1195 1162/1197 1163/1198
f 1161/1196 1163/1198 1164/1199 905/931
f 1164/1199 1163/1198 1165/1200 1166/1201
f 1164/1199 1166/1201 1167/1202 908/934
f 1164/1199 908/934 906/932 905/931
f 1167/1202 1166/1201 1168/1203 1169/1204
f 1167/1202 1169/1204 1170/1205 1171/1206
f 1167/1202 1171/1206 909/935 908/934
f 1171/1206 1170/1205 1172/1207 1173/1208
f 1171/1206 1173/1208 910/936 909/935
f 1173/1208 1172/1207 1174/1209 1175/1210
f 1173/1208 1175/1210 912/938 910/936
f 1175/1210 1174/1209 1176/1211 1177/1212
f 1175/1210 1177/1212 914/940 912/938
f 1177/1212 1176/1211 1178/1213 1179/1214
f 1177/1212 1179/1214 1180/1215 914/940
f 1180/1215 918/944 915/941 914/940
f 1180/1215 1179/1214 1181/1216 1182/1217
f 1180/1215 1182/1217 1183/1218 918/944
f 1183/1218 923/949 919/945 918/944
f 1183/1218 1182/1217 1184/1219 1185/1220
f 1183/1218 1185/1220 1186/1221 923/949
f 1186/1221 928/954 924/950 923/949
f 1186/1221 1185/1220 1187/1222 1188/1223
f 1186/1221 1188/1223 1189/1224 928/954
f 1189/1224 933/959 929/955 928/954
f 1189/1224 1188/1223 1190/1225 1191/1226
f 1189/1224 1191/1226 1192/1227 933/959
f 1192/1227 938/964 934/960 933/959
f 1192/1227 1191/1226 1193/1228 1194/1229
f 1192/1227 1194/1229 1195/1230 938/964
f 1195/1230 943/969 939/965 938/964
f 1195/1230 1194/1229 1196/1231 1197/1232
f 1195/1230 1197/1232 1198/1233 943/969
f 1198/1233 947/973 944/970 943/969
f 1198/1233 1197/1232 1199/1234 1200/1235
f 1198/1233 1200/1235 1201/1236 947/973
f 1201/1236 951/977 948/974 947/973
f 1201/1236 1200/1235 1202/1237 1203/1238
f 1201/1236 1203/1238 1204/1239 951/977
f 1204/1239 954/980 952/978 951/977
f 1204/1239 1203/1238 1205/1240 1206/1241
f 1204/1239 1206/1241 956/982 954/980
f 1206/1241 1205/1240 1207/1242 1208/1243
f 1206/1241 1208/1243 958/984 956/982
f 1208/1243 1207/1242 1209/1244 1210/1245
f 1208/1243 1210/1245 960/986 958/984
f 1210/1245 1209/1244 1211/1246 1212/1247
f 1210/1245 1212/1247 962/988 960/986
f 1212/1247 1211/1246 1213/1248 1214/1249
f 1212/1247 1214/1249 964/990 962/988
f 1214/1249 1213/1248 1215/1250 1216/1251
f 1214/1249 1216/1251 966/992 964/990
f 1216/1252 1215/1253 977/1006 971/1254
f 1216/1251 971/997 968/994 966/992
f 1215/1250 1213/1248 1217/1255 980/1256
f 1215/1253 980/1009 978/1007 977/1006
f 1217/1255 1213/1248 1211/1246 1218/1257
f 1217/1255 1218/1257 1219/1258 983/1014
f 1217/1255 983/1014 981/1013 980/1256
f 1219/1258 1218/1257 1220/1259 1221/1260
f 1219/1258 1221/1260 1222/1261 986/1018
f 1219/1258 986/1018 984/1015 983/1014
f 1222/1261 1221/1260 1223/1262 1224/1263
f 1222/1261 1224/1263 1225/1264 989/1021
f 1222/1261 989/1021 987/1019 986/1018
f 1225/1264 1224/1263 1226/1265 1227/1266
f 1225/1264 1227/1266 1228/1267 992/1024
f 1225/1264 992/1024 990/1022 989/1021
f 1228/1267 1227/1266 1229/1268 1230/1269
f 1228/1267 1230/1269 1231/1270 995/1027
f 1228/1267 995/1027 993/1025 992/1024
f 1231/1270 1230/1269 1232/1271 1233/1272
f 1231/1270 1233/1272 1234/1273 998/1030
f 1231/1270 998/1030 996/1028 995/1027
f 1234/1273 1233/1272 1235/1274 1236/1275
f 1234/1273 1236/1275 1237/1276 1001/1033
f 1234/1273 1001/1033 999/1031 998/1030
f 1237/1276 1236/1275 1238/1277 1239/1278
f 1237/1276 1239/1278 1240/1279 1004/1036
f 1237/1276 1004/1036 1002/1034 1001/1033
f 1240/1279 1239/1278 1241/1280 1242/1281
f 1240/1279 1242/1281 1243/1282 1007/1039
f 1240/1279 1007/1039 1005/1037 1004/1036
f 1243/1282 1242/1281 1244/1283 1245/1284
f 1243/1282 1245/1284 1246/1285 1010/1042
f 1243/1282 1010/1042 1008/1040 1007/1039
f 1246/1285 1245/1284 1247/1286 1248/1287
f 1246/1285 1248/1287 1249/1288 1013/1045
f 1246/1285 1013/1045 1011/1043 1010/1042
f 1249/1288 1248/1287 1250/1289 1251/1290
f 1249/1288 1251/1290 1252/1291 1016/1048
f 1249/1288 1016/1048 1014/1046 1013/1045
f 1252/1291 1251/1290 1253/1292 1254/1293
f 1252/1291 1254/1293 1255/1294 1019/1051
f 1252/1291 1019/1051 1017/1049 1016/1048
f 1255/1294 1254/1293 1256/1295 1257/1296
f 1255/1294 1257/1296 1258/1297 1022/1054
f 1255/1294 1022/1054 1020/1052 1019/1051
f 1258/1297 1257/1296 1259/1298 1260/1299
f 1258/1297 1260/1299 1261/1300 1025/1057
f 1258/1297 1025/1057 1023/1055 1022/1054
f 1261/1300 1260/1299 1262/1301 1263/1302
f 1261/1300 1263/1302 1264/1303 1028/1060
f 1261/1300 1028/1060 1026/1058 1025/1057
f 1264/1303 1263/1302 1265/1304 1266/1305
f 1264/1303 1266/1305 1267/1306 1031/1063
f 1264/1303 1031/1063 1029/1061 1028/1060
f 1267/1306 1266/1305 78/69 77/68
f 1267/1306 77/68 79/70 1268/1307
f 1267/1306 1268/1307 1032/1064 1031/1063
f 1268/1307 79/70 1269/1308 1036/1068
f 1268/1307 1036/1068 1033/1065 1032/1064
f 1269/1308 1039/1071 1037/1069 1036/1068
f 1269/1308 79/70 76/66 75/65
f 1269/1308 75/65 1270/1309 1039/1071
f 1270/1309 1042/1074 1040/1072 1039/1071
f 1270/1309 75/65 74/64 1271/1310
f 1270/1309 1271/1310 1272/1311 1042/1074
f 1272/1311 1045/1077 1043/1075 1042/1074
f 1272/1311 1271/1310 1273/1312 1274/1313
f 1272/1311 1274/1313 1275/1314 1045/1077
f 1275/1314 1274/1313 1276/1315 1277/1316
f 1275/1314 1277/1316 1278/1317 1048/1080
f 1275/1314 1048/1080 1046/1078 1045/1077
f 1278/1317 1277/1316 1279/1318 1280/1319
f 1278/1317 1280/1319 1281/1320 1051/1083
f 1278/1317 1051/1083 1049/1081 1048/1080
f 1281/1320 1280/1319 1282/1321 1283/1322
f 1281/1320 1283/1322 1284/1323 1054/1086
f 1281/1320 1054/1086 1052/1084 1051/1083
f 1284/1323 1283/1322 1285/1324 1286/1325
f 1284/1323 1286/1325 1287/1326 1057/1089
f 1284/1323 1057/1089 1055/1087 1054/1086
f 1287/1326 1286/1325 1288/1327 1289/1328
f 1287/1326 1289/1328 1290/1329 1060/1092
f 1287/1326 1060/1092 1058/1090 1057/1089
f 1290/1329 1289/1328 1291/1330 1292/1331
f 1290/1329 1292/1331 1293/1332 1063/1096
f 1290/1329 1063/1096 1061/1093 1060/1092
f 1293/1332 1292/1331 1294/1333 1295/1334
f 1293/1332 1295/1334 1296/1335 1066/1336
f 1293/1332 1066/1336 1064/1097 1063/1096
f 1296/1335 1295/1334 1297/1337 1298/1338
f 1296/1339 1298/1340 1299/1341 1069/1104
f 1296/1339 1069/1104 1067/1102 1066/1101
f 1299/1341 1298/1340 1300/1342 1301/1343
f 1299/1341 1301/1343 1302/1344 1072/1107
f 1299/1341 1072/1107 1070/1105 1069/1104
f 1302/1344 1301/1343 1303/1345 1304/1346
f 1302/1344 1304/1346 1305/1347 1075/1110
f 1302/1344 1075/1110 1073/1108 1072/1107
f 1305/1347 1304/1346 1306/1348 1307/1349
f 1305/1347 1307/1349 1308/1350 1078/1113
f 1305/1347 1078/1113 1076/1111 1075/1110
f 1308/1350 1307/1349 32/12 31/11
f 1308/1350 31/11 30/10 1081/1116
f 1308/1350 1081/1116 1079/1114 1078/1113
f 1307/1349 1306/1348 1309/1351 32/12
f 1309/1351 1310/1352 1311/1353 1312/1354
f 1309/1351 1312/1354 33/13 32/12
f 1309/1351 1306/1348 1313/1355 1310/1352
f 1313/1355 1314/1356 61/48 1310/1352
f 1313/1355 1306/1348 1304/1346 1303/1345
f 1313/1355 1303/1345 1315/1357 1314/1356
f 1315/1357 1316/1358 1317/1359 1314/1356
f 1315/1357 1303/1345 1301/1343 1300/1342
f 1315/1360 1300/1361 1318/1362 1316/1363
f 1318/1362 1319/1364 1320/1365 1316/1363
f 1318/1362 1300/1361 1298/1338 1297/1337
f 1318/1362 1297/1337 1321/1366 1319/1364
f 1321/1366 1322/1367 1323/1368 1319/1364
f 1321/1366 1297/1337 1295/1334 1294/1333
f 1321/1366 1294/1333 1324/1369 1322/1367
f 1324/1369 1325/1370 1326/1371 1322/1367
f 1324/1369 1294/1333 1292/1331 1291/1330
f 1324/1369 1291/1330 1327/1372 1325/1370
f 1327/1372 1328/1373 1329/1374 1325/1370
f 1327/1372 1291/1330 1289/1328 1288/1327
f 1327/1372 1288/1327 1330/1375 1328/1373
f 1330/1375 1331/1376 1332/1377 1328/1373
f 1330/1375 1288/1327 1286/1325 1285/1324
f 1330/1375 1285/1324 1333/1378 1331/1376
f 1333/1378 1334/1379 1335/1380 1331/1376
f 1333/1378 1285/1324 1283/1322 1282/1321
f 1333/1378 1282/1321 1336/1381 1334/1379
f 1336/1381 1337/1382 1338/1383 1334/1379
f 1336/1381 1282/1321 1280/1319 1279/1318
f 1336/1381 1279/1318 1339/1384 1337/1382
f 1339/1384 1340/1385 1341/1386 1337/1382
f 1339/1384 1279/1318 1277/1316 1276/1315
f 1339/1384 1276/1315 1342/1387 1340/1385
f 1342/1387 1343/1388 1344/1389 1340/1385
f 1342/1387 1276/1315 1274/1313 1273/1312
f 1342/1387 1273/1312 73/63 1343/1388
f 1344/1389 1345/1390 1346/1391 1347/1392
f 1344/1389 1347/1392 1341/1386 1340/1385
f 1344/1389 1343/1388 1348/1393 1345/1390
f 1348/1393 1349/1394 1350/1395 1345/1390
f 1348/1393 1343/1388 73/63 72/62
f 1348/1393 72/62 71/61 1349/1394
f 1350/1395 1351/1396 1352/1397 1353/1398
f 1350/1395 1353/1398 1346/1391 1345/1390
f 1350/1395 1349/1394 1354/1399 1351/1396
f 1354/1399 1355/1400 1356/1401 1351/1396
f 1354/1399 1349/1394 71/61 1357/1402
f 1354/1399 1357/1402 1358/1403 1355/1400
f 1358/1403 1359/1404 1360/1405 1355/1400
f 1358/1403 1357/1402 1361/1406 1362/1407
f 1358/1403 1362/1407 1363/1408 1359/1404
f 1363/1408 1364/1409 1365/1410 1359/1404
f 1363/1408 1362/1407 1366/1411 1367/1412
f 1363/1408 1367/1412 1368/1413 1364/1409
f 1368/1413 1369/1414 1370/1415 1364/1409
f 1368/1413 1367/1412 1371/1416 1372/1417
f 1368/1413 1372/1417 1373/1418 1369/1414
f 1373/1418 1374/1419 1375/1420 1369/1414
f 1373/1418 1372/1417 1376/1421 1377/1422
f 1373/1418 1377/1422 1378/1423 1374/1419
f 1378/1423 1170/1205 1169/1204 1374/1419
f 1378/1423 1377/1422 1379/1424 1380/1425
f 1378/1423 1380/1425 1172/1207 1170/1205
f 1380/1425 1379/1424 1381/1426 1382/1427
f 1380/1425 1382/1427 1174/1209 1172/1207
f 1382/1427 1381/1426 1383/1428 1384/1429
f 1382/1427 1384/1429 1176/1211 1174/1209
f 1384/1429 1383/1428 1385/1430 1386/1431
f 1384/1429 1386/1431 1178/1213 1176/1211
f 1386/1431 1385/1430 1250/1289 1387/1432
f 1386/1431 1387/1432 1388/1433 1178/1213
f 1388/1433 1181/1216 1179/1214 1178/1213
f 1388/1433 1387/1432 1247/1286 1389/1434
f 1388/1433 1389/1434 1390/1435 1181/1216
f 1390/1435 1184/1219 1182/1217 1181/1216
f 1390/1435 1389/1434 1244/1283 1391/1436
f 1390/1435 1391/1436 1392/1437 1184/1219
f 1392/1437 1187/1222 1185/1220 1184/1219
f 1392/1437 1391/1436 1241/1280 1393/1438
f 1392/1437 1393/1438 1394/1439 1187/1222
f 1394/1439 1190/1225 1188/1223 1187/1222
f 1394/1439 1393/1438 1238/1277 1395/1440
f 1394/1439 1395/1440 1396/1441 1190/1225
f 1396/1441 1193/1228 1191/1226 1190/1225
f 1396/1441 1395/1440 1235/1274 1397/1442
f 1396/1441 1397/1442 1398/1443 1193/1228
f 1398/1443 1196/1231 1194/1229 1193/1228
f 1398/1443 1397/1442 1232/1271 1399/1444
f 1398/1443 1399/1444 1400/1445 1196/1231
f 1400/1445 1199/1234 1197/1232 1196/1231
f 1400/1445 1399/1444 1229/1268 1401/1446
f 1400/1445 1401/1446 1402/1447 1199/1234
f 1402/1447 1202/1237 1200/1235 1199/1234
f 1402/1447 1401/1446 1226/1265 1403/1448
f 1402/1447 1403/1448 1404/1449 1202/1237
f 1404/1449 1205/1240 1203/1238 1202/1237
f 1404/1449 1403/1448 1223/1262 1405/1450
f 1404/1449 1405/1450 1207/1242 1205/1240
f 1405/1450 1223/1262 1221/1260 1220/1259
f 1405/1450 1220/1259 1209/1244 1207/1242
f 1403/1448 1226/1265 1224/1263 1223/1262
f 1401/1446 1229/1268 1227/1266 1226/1265
f 1399/1444 1232/1271 1230/1269 1229/1268
f 1397/1442 1235/1274 1233/1272 1232/1271
f 1395/1440 1238/1277 1236/1275 1235/1274
f 1393/1438 1241/1280 1239/1278 1238/1277
f 1391/1436 1244/1283 1242/1281 1241/1280
f 1389/1434 1247/1286 1245/1284 1244/1283
f 1387/1432 1250/1289 1248/1287 1247/1286
f 1385/1430 1383/1428 1406/1451 1253/1292
f 1385/1430 1253/1292 1251/1290 1250/1289
f 1406/1451 1383/1428 1381/1426 1407/1452
f 1406/1451 1407/1452 1408/1453 1256/1295
f 1406/1451 1256/1295 1254/1293 1253/1292
f 1408/1453 1407/1452 1409/1454 1410/1455
f 1408/1453 1410/1455 1411/1456 1259/1298
f 1408/1453 1259/1298 1257/1296 1256/1295
f 1411/1456 1410/1455 1412/1457 1413/1458
f 1411/1456 1413/1458 1414/1459 1262/1301
f 1411/1456 1262/1301 1260/1299 1259/1298
f 1414/1459 1413/1458 1415/1460 1416/1461
f 1414/1459 1416/1461 1417/1462 1265/1304
f 1414/1459 1265/1304 1263/1302 1262/1301
f 1417/1462 1416/1461 1418/1463 69/59
f 1417/1462 69/59 68/58 78/69
f 1417/1462 78/69 1266/1305 1265/1304
f 1418/1463 1366/1411 1362/1407 1361/1406
f 1418/1463 1361/1406 70/60 69/59
f 1418/1463 1416/1461 1415/1460 1366/1411
f 1415/1460 1371/1416 1367/1412 1366/1411
f 1415/1460 1413/1458 1412/1457 1371/1416
f 1412/1457 1376/1421 1372/1417 1371/1416
f 1412/1457 1410/1455 1409/1454 1376/1421
f 1409/1454 1379/1424 1377/1422 1376/1421
f 1409/1454 1407/1452 1381/1426 1379/1424
f 1375/1420 1168/1203 1419/1464 1420/1465
f 1375/1420 1420/1465 1370/1415 1369/1414
f 1375/1420 1374/1419 1169/1204 1168/1203
f 1420/1465 1419/1464 1421/1466 1422/1467
f 1420/1465 1422/1467 1423/1468 1370/1415
f 1423/1468 1422/1467 1424/1469 1425/1470
f 1423/1468 1425/1470 1426/1471 1365/1410
f 1423/1468 1365/1410 1364/1409 1370/1415
f 1426/1471 1425/1470 1427/1472 1428/1473
f 1426/1471 1428/1473 1429/1474 1360/1405
f 1426/1471 1360/1405 1359/1404 1365/1410
f 1429/1474 1428/1473 1430/1475 1431/1476
f 1429/1474 1431/1476 1432/1477 1356/1401
f 1429/1474 1356/1401 1355/1400 1360/1405
f 1432/1477 1431/1476 1433/1478 1434/1479
f 1432/1477 1434/1479 1435/1480 1352/1397
f 1432/1477 1352/1397 1351/1396 1356/1401
f 1435/1480 1434/1479 1436/1481 1437/1482
f 1435/1480 1437/1482 1438/1483 1439/1484
f 1435/1480 1439/1484 1353/1398 1352/1397
f 1439/1484 1438/1483 1440/1485 1441/1486
f 1439/1484 1441/1486 1346/1391 1353/1398
f 1441/1486 1440/1485 1442/1487 1443/1488
f 1441/1486 1443/1488 1347/1392 1346/1391
f 1443/1488 1442/1487 1444/1489 1445/1490
f 1443/1488 1445/1490 1341/1386 1347/1392
f 1445/1490 1444/1489 1446/1491 1338/1383
f 1445/1490 1338/1383 1337/1382 1341/1386
f 1446/1491 1444/1489 1447/1492 1448/1493
f 1446/1491 1448/1493 1449/1494 1335/1380
f 1446/1491 1335/1380 1334/1379 1338/1383
f 1449/1494 1448/1493 1450/1495 1451/1496
f 1449/1494 1451/1496 1452/1497 1332/1377
f 1449/1494 1332/1377 1331/1376 1335/1380
f 1452/1497 1451/1496 1453/1498 1454/1499
f 1452/1497 1454/1499 1455/1500 1329/1374
f 1452/1497 1329/1374 1328/1373 1332/1377
f 1455/1500 1454/1499 1456/1501 1457/1502
f 1455/1500 1457/1502 1458/1503 1326/1371
f 1455/1500 1326/1371 1325/1370 1329/1374
f 1458/1503 1457/1502 1459/1504 1460/1505
f 1458/1503 1460/1505 1461/1506 1323/1368
f 1458/1503 1323/1368 1322/1367 1326/1371
f 1461/1506 1460/1505 1462/1507 1463/1508
f 1461/1506 1463/1508 1464/1509 1320/1365
f 1461/1506 1320/1365 1319/1364 1323/1368
f 1464/1509 1463/1508 1465/1510 60/47
f 1464/1509 60/47 59/46 1317/1511
f 1464/1509 1317/1511 1316/1363 1320/1365
f 1465/1510 1466/1512 28/7 1467/1513
f 1465/1510 1467/1513 57/44 60/47
f 1465/1510 1463/1508 1462/1507 1466/1512
f 1467/1513 28/7 25/4 1468/1514
f 1467/1513 1468/1514 58/45 57/44
f 1468/1514 1469/1515 1470/1516 58/45
f 1468/1514 25/4 24/3 1469/1515
f 1470/1516 1471/1517 1472/1518 130/129
f 1470/1516 130/129 56/41 58/45
f 1470/1516 1469/1515 1473/1519 1471/1517
f 1473/1519 1474/1520 1475/1521 1471/1517
f 1473/1519 1469/1515 24/3 1476/1522
f 1473/1519 1476/1522 1477/1523 1474/1520
f 1477/1523 1478/1524 1479/1525 1474/1520
f 1477/1523 1476/1522 1480/1526 1481/1527
f 1477/1523 1481/1527 1482/1528 1478/1524
f 1482/1528 1483/1529 1484/1530 1478/1524
f 1482/1528 1481/1527 1485/1531 1486/1532
f 1482/1528 1486/1532 1487/1533 1483/1529
f 1487/1533 1488/1534 1489/1535 1483/1529
f 1487/1533 1486/1532 1490/1536 1491/1537
f 1487/1533 1491/1537 1492/1538 1488/1534
f 1492/1538 1493/1539 1494/1540 1488/1534
f 1492/1538 1491/1537 1495/1541 1496/1542
f 1492/1538 1496/1542 1497/1543 1493/1539
f 1497/1543 1498/1544 1499/1545 1493/1539
f 1497/1543 1496/1542 1500/1546 1501/1547
f 1497/1543 1501/1547 1502/1548 1498/1544
f 1502/1548 1503/1549 1504/1550 1498/1544
f 1502/1548 1501/1547 1505/1551 1506/1552
f 1502/1548 1506/1552 1507/1553 1503/1549
f 1507/1553 1508/1554 1509/1555 1503/1549
f 1507/1553 1506/1552 1510/1556 1511/1557
f 1507/1553 1511/1557 1512/1558 1508/1554
f 1512/1558 1513/1559 1514/1560 1508/1554
f 1512/1558 1511/1557 1515/1561 1516/1562
f 1512/1558 1516/1562 1517/1563 1513/1559
f 1517/1563 1518/1564 1519/1565 1513/1559
f 1517/1563 1516/1562 1520/1566 1521/1567
f 1517/1563 1521/1567 1522/1568 1518/1564
f 1522/1568 1523/1569 1524/1570 1518/1564
f 1522/1568 1521/1567 1525/1571 1526/1572
f 1522/1568 1526/1572 1527/1573 1523/1569
f 1527/1573 1528/1574 1529/1575 1523/1569
f 1527/1573 1526/1572 1530/1576 1531/1577
f 1527/1573 1531/1577 1532/1578 1528/1574
f 1532/1578 1533/1579 1534/1580 1528/1574
f 1532/1578 1531/1577 1535/1581 1536/1582
f 1532/1578 1536/1582 1537/1583 1533/1579
f 1537/1583 1538/1584 1539/1585 1533/1579
f 1537/1583 1536/1582 1540/1586 1541/1587
f 1537/1583 1541/1587 1542/1588 1538/1584
f 1542/1588 1543/1589 1544/1590 1538/1584
f 1542/1588 1541/1587 1545/1591 1546/1592
f 1542/1588 1546/1592 1547/1593 1543/1589
f 1547/1593 1548/1594 1549/1595 1543/1589
f 1547/1593 1546/1592 1162/1197 1160/1195
f 1547/1593 1160/1195 1158/1193 1548/1594
f 1549/1595 1550/1596 1551/1597 1552/1598
f 1549/1595 1552/1598 1544/1590 1543/1589
f 1549/1595 1548/1594 1553/1599 1550/1596
f 1553/1599 1554/1600 1555/1601 1550/1596
f 1553/1599 1548/1594 1158/1193 1156/1191
f 1553/1599 1156/1191 1154/1189 1554/1600
f 1555/1601 36/17 35/16 1556/1602
f 1555/1601 1556/1602 1551/1597 1550/1596
f 1555/1601 1554/1600 1151/1186 36/17
f 1556/1602 35/16 39/20 1557/1603
f 1556/1602 1557/1603 1558/1604 1551/1597
f 1558/1604 1557/1603 1559/1605 1560/1606
f 1558/1604 1560/1606 1561/1607 1562/1608
f 1558/1604 1562/1608 1552/1598 1551/1597
f 1562/1608 1561/1607 1563/1609 1564/1610
f 1562/1608 1564/1610 1544/1590 1552/1598
f 1564/1610 1563/1609 1565/1611 1539/1585
f 1564/1610 1539/1585 1538/1584 1544/1590
f 1565/1611 1563/1609 1566/1612 1567/1613
f 1565/1611 1567/1613 1568/1614 1534/1580
f 1565/1611 1534/1580 1533/1579 1539/1585
f 1568/1614 1567/1613 1569/1615 1570/1616
f 1568/1614 1570/1616 1571/1617 1529/1575
f 1568/1614 1529/1575 1528/1574 1534/1580
f 1571/1617 1570/1616 1572/1618 1573/1619
f 1571/1617 1573/1619 1574/1620 1524/1570
f 1571/1617 1524/1570 1523/1569 1529/1575
f 1574/1620 1573/1619 1575/1621 1576/1622
f 1574/1620 1576/1622 1577/1623 1519/1565
f 1574/1620 1519/1565 1518/1564 1524/1570
f 1577/1623 1576/1622 1578/1624 1579/1625
f 1577/1623 1579/1625 1580/1626 1514/1560
f 1577/1623 1514/1560 1513/1559 1519/1565
f 1580/1626 1579/1625 1581/1627 1582/1628
f 1580/1626 1582/1628 1583/1629 1509/1555
f 1580/1626 1509/1555 1508/1554 1514/1560
f 1583/1629 1582/1628 1584/1630 1585/1631
f 1583/1629 1585/1631 1586/1632 1504/1550
f 1583/1629 1504/1550 1503/1549 1509/1555
f 1586/1632 1585/1631 1587/1633 1588/1634
f 1586/1632 1588/1634 1589/1635 1499/1545
f 1586/1632 1499/1545 1498/1544 1504/1550
f 1589/1635 1588/1634 1590/1636 1591/1637
f 1589/1635 1591/1637 1592/1638 1494/1540
f 1589/1635 1494/1540 1493/1539 1499/1545
f 1592/1638 1591/1637 1593/1639 1594/1640
f 1592/1638 1594/1640 1595/1641 1489/1535
f 1592/1638 1489/1535 1488/1534 1494/1540
f 1595/1641 1594/1640 1596/1642 1597/1643
f 1595/1641 1597/1643 1598/1644 1484/1530
f 1595/1641 1484/1530 1483/1529 1489/1535
f 1598/1644 1597/1643 1599/1645 1600/1646
f 1598/1644 1600/1646 1601/1647 1479/1525
f 1598/1644 1479/1525 1478/1524 1484/1530
f 1601/1647 1600/1646 1602/1648 1603/1649
f 1601/1647 1603/1649 1604/1650 1475/1521
f 1601/1647 1475/1521 1474/1520 1479/1525
f 1604/1650 1603/1649 1605/1651 1606/1652
f 1604/1650 1606/1652 1607/1653 1472/1518
f 1604/1650 1472/1518 1471/1517 1475/1521
f 1607/1653 1606/1652 1608/1654 1609/1655
f 1607/1653 1609/1655 129/128 128/127
f 1607/1653 128/127 130/129 1472/1518
f 1609/1655 1608/1654 1610/1656 1611/1657
f 1609/1655 1611/1657 1612/1658 129/128
f 1612/1658 1611/1657 1613/1659 1614/1660
f 1612/1658 1614/1660 1615/1661 54/38
f 1612/1658 54/38 53/37 129/128
f 1615/1661 1614/1660 1616/1662 1617/1663
f 1615/1661 1617/1663 1312/1354 1311/1353
f 1615/1661 1311/1353 55/39 54/38
f 1617/1663 1616/1662 1618/1664 34/14
f 1617/1663 34/14 33/13 1312/1354
f 1618/1664 1088/1123 1086/1121 1085/1120
f 1618/1664 1085/1120 29/9 34/14
f 1618/1664 1616/1662 1619/1665 1088/1123
f 1619/1665 1091/1126 1089/1124 1088/1123
f 1619/1665 1616/1662 1614/1660 1613/1659
f 1619/1665 1613/1659 1620/1666 1091/1126
f 1620/1666 1094/1129 1092/1127 1091/1126
f 1620/1666 1613/1659 1611/1657 1610/1656
f 1620/1666 1610/1656 1621/1667 1094/1129
f 1621/1667 1097/1132 1095/1130 1094/1129
f 1621/1667 1610/1656 1608/1654 1622/1668
f 1621/1667 1622/1668 1623/1669 1097/1132
f 1623/1669 1100/1135 1098/1133 1097/1132
f 1623/1669 1622/1668 1605/1651 1624/1670
f 1623/1669 1624/1670 1625/1671 1100/1135
f 1625/1671 1103/1138 1101/1136 1100/1135
f 1625/1671 1624/1670 1602/1648 1626/1672
f 1625/1671 1626/1672 1627/1673 1103/1138
f 1627/1673 1106/1141 1104/1139 1103/1138
f 1627/1673 1626/1672 1599/1645 1628/1674
f 1627/1673 1628/1674 1629/1675 1106/1141
f 1629/1675 1109/1144 1107/1142 1106/1141
f 1629/1675 1628/1674 1596/1642 1630/1676
f 1629/1675 1630/1676 1631/1677 1109/1144
f 1631/1677 1112/1147 1110/1145 1109/1144
f 1631/1677 1630/1676 1593/1639 1632/1678
f 1631/1677 1632/1678 1633/1679 1112/1147
f 1633/1679 1115/1150 1113/1148 1112/1147
f 1633/1679 1632/1678 1590/1636 1634/1680
f 1633/1679 1634/1680 1635/1681 1115/1150
f 1635/1681 1118/1153 1116/1151 1115/1150
f 1635/1681 1634/1680 1587/1633 1636/1682
f 1635/1681 1636/1682 1637/1683 1118/1153
f 1637/1683 1121/1156 1119/1154 1118/1153
f 1637/1683 1636/1682 1584/1630 1638/1684
f 1637/1683 1638/1684 1639/1685 1121/1156
f 1639/1685 1124/1159 1122/1157 1121/1156
f 1639/1685 1638/1684 1581/1627 1640/1686
f 1639/1685 1640/1686 1641/1687 1124/1159
f 1641/1687 1127/1162 1125/1160 1124/1159
f 1641/1687 1640/1686 1578/1624 1642/1688
f 1641/1687 1642/1688 1643/1689 1127/1162
f 1643/1689 1130/1165 1128/1163 1127/1162
f 1643/1689 1642/1688 1575/1621 1644/1690
f 1643/1689 1644/1690 1645/1691 1130/1165
f 1645/1691 1133/1168 1131/1166 1130/1165
f 1645/1691 1644/1690 1572/1618 1646/1692
f 1645/1691 1646/1692 1647/1693 1133/1168
f 1647/1693 1136/1171 1134/1169 1133/1168
f 1647/1693 1646/1692 1569/1615 1648/1694
f 1647/1693 1648/1694 1649/1695 1136/1171
f 1649/1695 1139/1174 1137/1172 1136/1171
f 1649/1695 1648/1694 1566/1612 1650/1696
f 1649/1695 1650/1696 1651/1697 1139/1174
f 1651/1697 1142/1177 1140/1175 1139/1174
f 1651/1697 1650/1696 1561/1607 1560/1606
f 1651/1697 1560/1606 1559/1605 1142/1177
f 1650/1696 1566/1612 1563/1609 1561/1607
f 1648/1694 1569/1615 1567/1613 1566/1612
f 1646/1692 1572/1618 1570/1616 1569/1615
f 1644/1690 1575/1621 1573/1619 1572/1618
f 1642/1688 1578/1624 1576/1622 1575/1621
f 1640/1686 1581/1627 1579/1625 1578/1624
f 1638/1684 1584/1630 1582/1628 1581/1627
f 1636/1682 1587/1633 1585/1631 1584/1630
f 1634/1680 1590/1636 1588/1634 1587/1633
f 1632/1678 1593/1639 1591/1637 1590/1636
f 1630/1676 1596/1642 1594/1640 1593/1639
f 1628/1674 1599/1645 1597/1643 1596/1642
f 1626/1672 1602/1648 1600/1646 1599/1645
f 1624/1670 1605/1651 1603/1649 1602/1648
f 1622/1668 1608/1654 1606/1652 1605/1651
f 1559/1605 1145/1180 1143/1178 1142/1177
f 1559/1605 1557/1603 39/20 1145/1180
f 1554/1600 1154/1189 1152/1187 1151/1186
f 1546/1592 1545/1591 1652/1698 1162/1197
f 1652/1698 1545/1591 1653/1699 1421/1466
f 1652/1698 1421/1466 1419/1464 1165/1200
f 1652/1698 1165/1200 1163/1198 1162/1197
f 1653/1699 1545/1591 1541/1587 1540/1586
f 1653/1699 1540/1586 1654/1700 1424/1469
f 1653/1699 1424/1469 1422/1467 1421/1466
f 1654/1700 1540/1586 1536/1582 1535/1581
f 1654/1700 1535/1581 1655/1701 1427/1472
f 1654/1700 1427/1472 1425/1470 1424/1469
f 1655/1701 1535/1581 1531/1577 1530/1576
f 1655/1701 1530/1576 1656/1702 1430/1475
f 1655/1701 1430/1475 1428/1473 1427/1472
f 1656/1702 1530/1576 1526/1572 1525/1571
f 1656/1702 1525/1571 1657/1703 1433/1478
f 1656/1702 1433/1478 1431/1476 1430/1475
f 1657/1703 1525/1571 1521/1567 1520/1566
f 1657/1703 1520/1566 1658/1704 1436/1481
f 1657/1703 1436/1481 1434/1479 1433/1478
f 1658/1704 1520/1566 1516/1562 1515/1561
f 1658/1704 1515/1561 1659/1705 1660/1706
f 1658/1704 1660/1706 1437/1482 1436/1481
f 1660/1706 1659/1705 1661/1707 1662/1708
f 1660/1706 1662/1708 1438/1483 1437/1482
f 1662/1708 1661/1707 1663/1709 1664/1710
f 1662/1708 1664/1710 1440/1485 1438/1483
f 1664/1710 1663/1709 1665/1711 1666/1712
f 1664/1710 1666/1712 1442/1487 1440/1485
f 1666/1712 1665/1711 1667/1713 1447/1492
f 1666/1712 1447/1492 1444/1489 1442/1487
f 1667/1713 1665/1711 1668/1714 1669/1715
f 1667/1713 1669/1715 1670/1716 1450/1495
f 1667/1713 1450/1495 1448/1493 1447/1492
f 1670/1716 1669/1715 1671/1717 1672/1718
f 1670/1716 1672/1718 1673/1719 1453/1498
f 1670/1716 1453/1498 1451/1496 1450/1495
f 1673/1719 1672/1718 1674/1720 1675/1721
f 1673/1719 1675/1721 1676/1722 1456/1501
f 1673/1719 1456/1501 1454/1499 1453/1498
f 1676/1722 1675/1721 1677/1723 1678/1724
f 1676/1722 1678/1724 1679/1725 1459/1504
f 1676/1722 1459/1504 1457/1502 1456/1501
f 1679/1725 1678/1724 1680/1726 1681/1727
f 1679/1725 1681/1727 1466/1512 1462/1507
f 1679/1725 1462/1507 1460/1505 1459/1504
f 1681/1727 1680/1726 27/6 26/5
f 1681/1727 26/5 28/7 1466/1512
f 1680/1726 1682/1728 1683/1729 27/6
f 1680/1726 1678/1724 1677/1723 1682/1728
f 1683/1729 1485/1531 1481/1527 1480/1526
f 1683/1729 1480/1526 23/2 27/6
f 1683/1729 1682/1728 1684/1730 1485/1531
f 1684/1730 1490/1536 1486/1532 1485/1531
f 1684/1730 1682/1728 1677/1723 1685/1731
f 1684/1730 1685/1731 1686/1732 1490/1536
f 1686/1732 1495/1541 1491/1537 1490/1536
f 1686/1732 1685/1731 1674/1720 1687/1733
f 1686/1732 1687/1733 1688/1734 1495/1541
f 1688/1734 1500/1546 1496/1542 1495/1541
f 1688/1734 1687/1733 1671/1717 1689/1735
f 1688/1734 1689/1735 1690/1736 1500/1546
f 1690/1736 1505/1551 1501/1547 1500/1546
f 1690/1736 1689/1735 1668/1714 1691/1737
f 1690/1736 1691/1737 1692/1738 1505/1551
f 1692/1738 1510/1556 1506/1552 1505/1551
f 1692/1738 1691/1737 1663/1709 1661/1707
f 1692/1738 1661/1707 1659/1705 1510/1556
f 1691/1737 1668/1714 1665/1711 1663/1709
f 1689/1735 1671/1717 1669/1715 1668/1714
f 1687/1733 1674/1720 1672/1718 1671/1717
f 1685/1731 1677/1723 1675/1721 1674/1720
f 1659/1705 1515/1561 1511/1557 1510/1556
f 1480/1526 1476/1522 24/3 23/2
f 1419/1464 1168/1203 1166/1201 1165/1200
f 1361/1406 1357/1402 71/61 70/60
f 1317/1359 59/49 61/48 1314/1356
f 1311/1353 1310/1352 61/48 55/39
f 1273/1312 1271/1310 74/64 73/63
f 1220/1259 1218/1257 1211/1246 1209/1244
f 1151/1186 1149/1184 37/18 36/17
f 1146/1181 1145/1180 39/20 38/19
f 1085/1120 1083/1118 30/10 29/9
f 977/1006 974/1002 972/1001 971/1254
f 950/976 648/663 644/659 643/658
f 946/972 643/658 640/655 639/654
f 942/968 637/652 635/650 1693/1739
f 942/968 1693/1739 937/963 936/962
f 942/968 941/967 639/654 637/652
f 1693/1739 635/650 633/648 1694/1740
f 1693/1739 1694/1740 1695/1741 937/963
f 1695/1741 1694/1740 628/643 1696/1742
f 1695/1741 1696/1742 1697/1743 932/958
f 1695/1741 932/958 931/957 937/963
f 1697/1743 1696/1742 623/638 1698/1744
f 1697/1743 1698/1744 1699/1745 927/953
f 1697/1743 927/953 926/952 932/958
f 1699/1745 1698/1744 618/633 1700/1746
f 1699/1745 1700/1746 147/149 922/948
f 1699/1745 922/948 921/947 927/953
f 1700/1746 618/633 614/629 613/628
f 1700/1746 613/628 148/150 147/149
f 1698/1744 623/638 619/634 618/633
f 1696/1742 628/643 624/639 623/638
f 1694/1740 633/648 629/644 628/643
f 922/948 147/149 146/148 917/943
f 901/927 898/924 896/922 895/921
f 694/709 693/708 1701/1747 1702/1748
f 694/709 1702/1748 1703/1749 685/700
f 1703/1749 1702/1748 1704/1750 1705/1751
f 1703/1749 1705/1751 1706/1752 1707/1753
f 1703/1749 1707/1753 686/701 685/700
f 1707/1753 1706/1752 1708/1754 1709/1755
f 1707/1753 1709/1755 677/692 686/701
f 1709/1755 1708/1754 1710/1756 1711/1757
f 1709/1755 1711/1757 678/693 677/692
f 1711/1757 1710/1756 1712/1758 1713/1759
f 1711/1757 1713/1759 669/684 678/693
f 1713/1759 1712/1758 1714/1760 1715/1761
f 1713/1759 1715/1761 670/685 669/684
f 1715/1761 1714/1760 1716/1762 1717/1763
f 1715/1761 1717/1763 661/676 670/685
f 1717/1763 1716/1762 1718/1764 1719/1765
f 1717/1763 1719/1765 662/677 661/676
f 1719/1765 1718/1764 1720/1766 1721/1767
f 1719/1765 1721/1767 652/667 662/677
f 1721/1767 1720/1766 1722/1768 1723/1769
f 1721/1767 1723/1769 653/668 652/667
f 1723/1769 1722/1768 1724/1770 1725/1771
f 1723/1769 1725/1771 654/669 653/668
f 1725/1771 1724/1770 1726/1772 1727/1773
f 1725/1771 1727/1773 1728/1774 654/669
f 1728/1774 1727/1773 1729/1775 1730/1776
f 1728/1774 1730/1776 157/160 647/662
f 1728/1774 647/662 646/661 654/669
f 1730/1776 1729/1775 1731/1777 1732/1778
f 1730/1776 1732/1778 152/155 157/160
f 1732/1778 1731/1777 632/647 631/646
f 1732/1778 631/646 153/156 152/155
f 1731/1777 1729/1775 1733/1779 1734/1780
f 1731/1777 1734/1780 1735/1781 632/647
f 1735/1781 1734/1780 1736/1782 1737/1783
f 1735/1781 1737/1783 1738/1784 627/642
f 1735/1781 627/642 626/641 632/647
f 1738/1784 1737/1783 1739/1785 1740/1786
f 1738/1784 1740/1786 1741/1787 622/637
f 1738/1784 622/637 621/636 627/642
f 1741/1787 1740/1786 1742/1788 1743/1789
f 1741/1787 1743/1789 1744/1790 617/632
f 1741/1787 617/632 616/631 622/637
f 1744/1790 1743/1789 1745/1791 1746/1792
f 1744/1790 1746/1792 1747/1793 612/627
f 1744/1790 612/627 611/626 617/632
f 1747/1793 1746/1792 1748/1794 1749/1795
f 1747/1793 1749/1795 1750/1796 608/623
f 1747/1793 608/623 607/622 612/627
f 1750/1796 1749/1795 1751/1797 1752/1798
f 1750/1796 1752/1798 1753/1799 603/618
f 1750/1796 603/618 602/617 608/623
f 1753/1799 1752/1798 1754/1800 1755/1801
f 1753/1799 1755/1801 1756/1802 598/613
f 1753/1799 598/613 597/612 603/618
f 1756/1802 1755/1801 1757/1803 1758/1804
f 1756/1802 1758/1804 1759/1805 593/608
f 1756/1802 593/608 592/607 598/613
f 1759/1805 1758/1804 1760/1806 1761/1807
f 1759/1805 1761/1807 1762/1808 588/603
f 1759/1805 588/603 587/602 593/608
f 1762/1808 1761/1807 1763/1809 1764/1810
f 1762/1808 1764/1810 1765/1811 583/598
f 1762/1808 583/598 582/597 588/603
f 1765/1811 1764/1810 1766/1812 1767/1813
f 1765/1811 1767/1813 1768/1814 578/593
f 1765/1811 578/593 577/592 583/598
f 1768/1814 1767/1813 1769/1815 1770/1816
f 1768/1814 1770/1816 1771/1817 573/588
f 1768/1814 573/588 572/587 578/593
f 1771/1817 1770/1816 1772/1818 1773/1819
f 1771/1817 1773/1819 1774/1820 568/583
f 1771/1817 568/583 567/582 573/588
f 1774/1820 1773/1819 1775/1821 1776/1822
f 1774/1820 1776/1822 1777/1823 563/578
f 1774/1820 563/578 562/577 568/583
f 1777/1823 1776/1822 1778/1824 1779/1825
f 1777/1823 1779/1825 1780/1826 558/573
f 1777/1823 558/573 557/572 563/578
f 1780/1826 1779/1825 1781/1827 1782/1828
f 1780/1826 1782/1828 1783/1829 553/568
f 1780/1826 553/568 552/567 558/573
f 1783/1829 1782/1828 1784/1830 1785/1831
f 1783/1829 1785/1831 1786/1832 548/563
f 1783/1829 548/563 547/562 553/568
f 1786/1832 1785/1831 1787/1833 1788/1834
f 1786/1832 1788/1834 1789/1835 543/558
f 1786/1832 543/558 542/557 548/563
f 1789/1835 1788/1834 1790/1836 1791/1837
f 1789/1835 1791/1837 1792/1838 538/553
f 1789/1835 538/553 537/552 543/558
f 1792/1838 1791/1837 1793/1839 1794/1840
f 1792/1838 1794/1840 1795/1841 533/548
f 1792/1838 533/548 532/547 538/553
f 1795/1841 1794/1840 1796/1842 1797/1843
f 1795/1841 1797/1843 1798/1844 528/543
f 1795/1841 528/543 527/542 533/548
f 1798/1844 1797/1843 1799/1845 1800/1846
f 1798/1844 1800/1846 1801/1847 523/538
f 1798/1844 523/538 522/537 528/543
f 1801/1847 1800/1846 1802/1848 1803/1849
f 1801/1847 1803/1849 1804/1850 518/533
f 1801/1847 518/533 517/532 523/538
f 1804/1850 1803/1849 1805/1851 1806/1852
f 1804/1850 1806/1852 1807/1853 513/528
f 1804/1850 513/528 512/527 518/533
f 1807/1853 1806/1852 1808/1854 1809/1855
f 1807/1853 1809/1855 1810/1856 508/523
f 1807/1853 508/523 507/522 513/528
f 1810/1856 1809/1855 1811/1857 1812/1858
f 1810/1856 1812/1858 1813/1859 503/518
f 1810/1856 503/518 502/517 508/523
f 1813/1859 1812/1858 1814/1860 1815/1861
f 1813/1859 1815/1861 1816/1862 498/513
f 1813/1859 498/513 497/512 503/518
f 1816/1862 1815/1861 1817/1863 1818/1864
f 1816/1862 1818/1864 1819/1865 493/508
f 1816/1862 493/508 492/507 498/513
f 1819/1865 1818/1864 81/73 80/72
f 1819/1865 80/72 85/77 488/503
f 1819/1865 488/503 487/502 493/508
f 1818/1864 1817/1863 1820/1866 81/73
f 1820/1866 1821/1867 1822/1868 1823/1869
f 1820/1866 1823/1869 82/74 81/73
f 1820/1866 1817/1863 1824/1870 1821/1867
f 1824/1870 1825/1871 1826/1872 1821/1867
f 1824/1870 1817/1863 1815/1861 1814/1860
f 1824/1870 1814/1860 1827/1873 1825/1871
f 1827/1873 1828/1874 1829/1875 1825/1871
f 1827/1873 1814/1860 1812/1858 1811/1857
f 1827/1873 1811/1857 1830/1876 1828/1874
f 1830/1876 1831/1877 1832/1878 1828/1874
f 1830/1876 1811/1857 1809/1855 1808/1854
f 1830/1876 1808/1854 1833/1879 1831/1877
f 1833/1879 1834/1880 1835/1881 1831/1877
f 1833/1879 1808/1854 1806/1852 1805/1851
f 1833/1879 1805/1851 1836/1882 1834/1880
f 1836/1882 1837/1883 1838/1884 1834/1880
f 1836/1882 1805/1851 1803/1849 1802/1848
f 1836/1882 1802/1848 1839/1885 1837/1883
f 1839/1885 1840/1886 1841/1887 1837/1883
f 1839/1885 1802/1848 1800/1846 1799/1845
f 1839/1885 1799/1845 1842/1888 1840/1886
f 1842/1888 1843/1889 1844/1890 1840/1886
f 1842/1888 1799/1845 1797/1843 1796/1842
f 1842/1888 1796/1842 1845/1891 1843/1889
f 1845/1891 1846/1892 1847/1893 1843/1889
f 1845/1891 1796/1842 1794/1840 1793/1839
f 1845/1891 1793/1839 1848/1894 1846/1892
f 1848/1894 1849/1895 1850/1896 1846/1892
f 1848/1894 1793/1839 1791/1837 1790/1836
f 1848/1894 1790/1836 1851/1897 1849/1895
f 1851/1897 1852/1898 1853/1899 1849/1895
f 1851/1897 1790/1836 1788/1834 1787/1833
f 1851/1897 1787/1833 1854/1900 1852/1898
f 1854/1900 1855/1901 1856/1902 1852/1898
f 1854/1900 1787/1833 1785/1831 1784/1830
f 1854/1900 1784/1830 1857/1903 1855/1901
f 1857/1903 1858/1904 1859/1905 1855/1901
f 1857/1903 1784/1830 1782/1828 1781/1827
f 1857/1903 1781/1827 1860/1906 1858/1904
f 1860/1906 1861/1907 1862/1908 1858/1904
f 1860/1906 1781/1827 1779/1825 1778/1824
f 1860/1906 1778/1824 1863/1909 1861/1907
f 1863/1909 1864/1910 1865/1911 1861/1907
f 1863/1909 1778/1824 1776/1822 1775/1821
f 1863/1909 1775/1821 1866/1912 1864/1910
f 1866/1912 1867/1913 1868/1914 1864/1910
f 1866/1912 1775/1821 1773/1819 1772/1818
f 1866/1912 1772/1818 1869/1915 1867/1913
f 1869/1915 1870/1916 1871/1917 1867/1913
f 1869/1915 1772/1818 1770/1816 1769/1815
f 1869/1915 1769/1815 1872/1918 1870/1916
f 1872/1918 1873/1919 1874/1920 1870/1916
f 1872/1918 1769/1815 1767/1813 1766/1812
f 1872/1918 1766/1812 1875/1921 1873/1919
f 1875/1921 1876/1922 1877/1923 1873/1919
f 1875/1921 1766/1812 1764/1810 1763/1809
f 1875/1921 1763/1809 1878/1924 1876/1922
f 1878/1924 1879/1925 1880/1926 1876/1922
f 1878/1924 1763/1809 1761/1807 1760/1806
f 1878/1924 1760/1806 1881/1927 1879/1925
f 1881/1927 1882/1928 1883/1929 1879/1925
f 1881/1927 1760/1806 1758/1804 1757/1803
f 1881/1927 1757/1803 1884/1930 1882/1928
f 1884/1930 1885/1931 1886/1932 1882/1928
f 1884/1930 1757/1803 1755/1801 1754/1800
f 1884/1930 1754/1800 1887/1933 1885/1931
f 1887/1933 1888/1934 1889/1935 1885/1931
f 1887/1933 1754/1800 1752/1798 1751/1797
f 1887/1933 1751/1797 1890/1936 1888/1934
f 1890/1936 1891/1937 1892/1938 1888/1934
f 1890/1936 1751/1797 1749/1795 1748/1794
f 1890/1936 1748/1794 1893/1939 1891/1937
f 1893/1939 1894/1940 1895/1941 1891/1937
f 1893/1939 1748/1794 1746/1792 1745/1791
f 1893/1939 1745/1791 1896/1942 1894/1940
f 1896/1942 1897/1943 1898/1944 1894/1940
f 1896/1942 1745/1791 1743/1789 1742/1788
f 1896/1942 1742/1788 1899/1945 1897/1943
f 1899/1945 1900/1946 1901/1947 1897/1943
f 1899/1945 1742/1788 1740/1786 1739/1785
f 1899/1945 1739/1785 1902/1948 1900/1946
f 1902/1948 1903/1949 1904/1950 1900/1946
f 1902/1948 1739/1785 1737/1783 1736/1782
f 1902/1948 1736/1782 1905/1951 1903/1949
f 1905/1951 1906/1952 1907/1953 1903/1949
f 1905/1951 1736/1782 1734/1780 1733/1779
f 1905/1951 1733/1779 1726/1772 1906/1952
f 1907/1953 1908/1954 1909/1955 1910/1956
f 1907/1953 1910/1956 1904/1950 1903/1949
f 1907/1953 1906/1952 1911/1957 1908/1954
f 1911/1957 1912/1958 1913/1959 1908/1954
f 1911/1957 1906/1952 1726/1772 1724/1770
f 1911/1957 1724/1770 1722/1768 1912/1958
f 1913/1959 1914/1960 1915/1961 1916/1962
f 1913/1959 1916/1962 1909/1955 1908/1954
f 1913/1959 1912/1958 1917/1963 1914/1960
f 1917/1963 1918/1964 1919/1965 1914/1960
f 1917/1963 1912/1958 1722/1768 1720/1766
f 1917/1963 1720/1766 1718/1764 1918/1964
f 1919/1965 1920/1966 1921/1967 1922/1968
f 1919/1965 1922/1968 1915/1961 1914/1960
f 1919/1965 1918/1964 1923/1969 1920/1966
f 1923/1969 1924/1970 1925/1971 1920/1966
f 1923/1969 1918/1964 1718/1764 1716/1762
f 1923/1969 1716/1762 1714/1760 1924/1970
f 1925/1971 1926/1972 1927/1973 1928/1974
f 1925/1971 1928/1974 1921/1967 1920/1966
f 1925/1971 1924/1970 1929/1975 1926/1972
f 1929/1975 1930/1976 1931/1977 1926/1972
f 1929/1975 1924/1970 1714/1760 1712/1758
f 1929/1975 1712/1758 1710/1756 1930/1976
f 1931/1977 1932/1978 1933/1979 1934/1980
f 1931/1977 1934/1980 1927/1973 1926/1972
f 1931/1977 1930/1976 1935/1981 1932/1978
f 1935/1981 1936/1982 1937/1983 1932/1978
f 1935/1981 1930/1976 1710/1756 1708/1754
f 1935/1981 1708/1754 1706/1752 1936/1982
f 1937/1983 1938/1984 1939/1985 1940/1986
f 1937/1983 1940/1986 1933/1979 1932/1978
f 1937/1983 1936/1982 1941/1987 1938/1984
f 1941/1987 1942/1988 1943/1989 1938/1984
f 1941/1987 1936/1982 1706/1752 1705/1751
f 1941/1987 1705/1751 1704/1750 1942/1988
f 1943/1989 1944/1990 1945/1991 1946/1992
f 1943/1989 1946/1992 1939/1985 1938/1984
f 1943/1989 1942/1988 1947/1993 1944/1990
f 1947/1993 1948/1994 1949/1995 1944/1990
f 1947/1993 1942/1988 1704/1750 1950/1996
f 1947/1993 1950/1996 1951/1997 1948/1994
f 1951/1998 301/310 1952/1999 1948/2000
f 1951/1997 1950/1996 1701/1747 304/2001
f 1951/1998 304/313 302/311 301/310
f 1952/1999 99/93 1949/2002 1948/2000
f 1952/1999 301/310 297/306 296/305
f 1952/1999 296/305 100/94 99/93
f 1950/1996 1704/1750 1702/1748 1701/1747
f 1949/2002 99/93 98/92 1953/2003
f 1949/1995 1953/2004 1945/1991 1944/1990
f 1953/2003 98/92 97/91 1954/2005
f 1953/2004 1954/2006 1955/2007 1945/1991
f 1955/2007 1954/2006 1956/2008 1957/2009
f 1955/2007 1957/2009 1958/2010 1959/2011
f 1955/2007 1959/2011 1946/1992 1945/1991
f 1959/2011 1958/2010 1960/2012 1961/2013
f 1959/2011 1961/2013 1939/1985 1946/1992
f 1961/2013 1960/2012 1962/2014 1963/2015
f 1961/2013 1963/2015 1940/1986 1939/1985
f 1963/2015 1962/2014 1964/2016 1965/2017
f 1963/2015 1965/2017 1933/1979 1940/1986
f 1965/2017 1964/2016 1966/2018 1967/2019
f 1965/2017 1967/2019 1934/1980 1933/1979
f 1967/2019 1966/2018 1968/2020 1969/2021
f 1967/2019 1969/2021 1927/1973 1934/1980
f 1969/2021 1968/2020 1970/2022 1971/2023
f 1969/2021 1971/2023 1928/1974 1927/1973
f 1971/2023 1970/2022 1972/2024 1973/2025
f 1971/2023 1973/2025 1921/1967 1928/1974
f 1973/2025 1972/2024 1974/2026 1975/2027
f 1973/2025 1975/2027 1922/1968 1921/1967
f 1975/2027 1974/2026 1976/2028 1977/2029
f 1975/2027 1977/2029 1915/1961 1922/1968
f 1977/2029 1976/2028 1978/2030 1979/2031
f 1977/2029 1979/2031 1916/1962 1915/1961
f 1979/2031 1978/2030 1980/2032 1981/2033
f 1979/2031 1981/2033 1909/1955 1916/1962
f 1981/2033 1980/2032 1982/2034 1983/2035
f 1981/2033 1983/2035 1910/1956 1909/1955
f 1983/2035 1982/2034 1984/2036 1985/2037
f 1983/2035 1985/2037 1904/1950 1910/1956
f 1985/2037 1984/2036 1986/2038 1901/1947
f 1985/2037 1901/1947 1900/1946 1904/1950
f 1986/2038 1984/2036 1987/2039 1988/2040
f 1986/2038 1988/2040 1989/2041 1898/1944
f 1986/2038 1898/1944 1897/1943 1901/1947
f 1989/2041 1988/2040 1990/2042 1991/2043
f 1989/2041 1991/2043 1992/2044 1895/1941
f 1989/2041 1895/1941 1894/1940 1898/1944
f 1992/2044 1991/2043 1993/2045 1994/2046
f 1992/2044 1994/2046 1995/2047 1892/1938
f 1992/2044 1892/1938 1891/1937 1895/1941
f 1995/2047 1994/2046 1996/2048 1997/2049
f 1995/2047 1997/2049 1998/2050 1889/1935
f 1995/2047 1889/1935 1888/1934 1892/1938
f 1998/2050 1997/2049 1999/2051 2000/2052
f 1998/2050 2000/2052 2001/2053 1886/1932
f 1998/2050 1886/1932 1885/1931 1889/1935
f 2001/2053 2000/2052 2002/2054 2003/2055
f 2001/2053 2003/2055 2004/2056 1883/1929
f 2001/2053 1883/1929 1882/1928 1886/1932
f 2004/2056 2003/2055 2005/2057 2006/2058
f 2004/2056 2006/2058 2007/2059 1880/1926
f 2004/2056 1880/1926 1879/1925 1883/1929
f 2007/2059 2006/2058 2008/2060 2009/2061
f 2007/2059 2009/2061 2010/2062 1877/1923
f 2007/2059 1877/1923 1876/1922 1880/1926
f 2010/2062 2009/2061 2011/2063 2012/2064
f 2010/2062 2012/2064 2013/2065 1874/1920
f 2010/2062 1874/1920 1873/1919 1877/1923
f 2013/2065 2012/2064 2014/2066 2015/2067
f 2013/2065 2015/2067 2016/2068 1871/1917
f 2013/2065 1871/1917 1870/1916 1874/1920
f 2016/2068 2015/2067 2017/2069 2018/2070
f 2016/2068 2018/2070 2019/2071 1868/1914
f 2016/2068 1868/1914 1867/1913 1871/1917
f 2019/2071 2018/2070 2020/2072 2021/2073
f 2019/2071 2021/2073 2022/2074 1865/1911
f 2019/2071 1865/1911 1864/1910 1868/1914
f 2022/2074 2021/2073 2023/2075 2024/2076
f 2022/2074 2024/2076 2025/2077 1862/1908
f 2022/2074 1862/1908 1861/1907 1865/1911
f 2025/2077 2024/2076 2026/2078 2027/2079
f 2025/2077 2027/2079 2028/2080 1859/1905
f 2025/2077 1859/1905 1858/1904 1862/1908
f 2028/2080 2027/2079 2029/2081 2030/2082
f 2028/2080 2030/2082 2031/2083 1856/1902
f 2028/2080 1856/1902 1855/1901 1859/1905
f 2031/2083 2030/2082 2032/2084 2033/2085
f 2031/2083 2033/2085 2034/2086 1853/1899
f 2031/2083 1853/1899 1852/1898 1856/1902
f 2034/2086 2033/2085 2035/2087 2036/2088
f 2034/2086 2036/2088 2037/2089 1850/1896
f 2034/2086 1850/1896 1849/1895 1853/1899
f 2037/2089 2036/2088 2038/2090 2039/2091
f 2037/2089 2039/2091 2040/2092 1847/1893
f 2037/2089 1847/1893 1846/1892 1850/1896
f 2040/2092 2039/2091 2041/2093 2042/2094
f 2040/2092 2042/2094 2043/2095 1844/1890
f 2040/2092 1844/1890 1843/1889 1847/1893
f 2043/2095 2042/2094 2044/2096 2045/2097
f 2043/2095 2045/2097 2046/2098 1841/1887
f 2043/2095 1841/1887 1840/1886 1844/1890
f 2046/2098 2045/2097 2047/2099 2048/2100
f 2046/2098 2048/2100 2049/2101 1838/1884
f 2046/2098 1838/1884 1837/1883 1841/1887
f 2049/2101 2048/2100 2050/2102 2051/2103
f 2049/2101 2051/2103 2052/2104 1835/1881
f 2049/2101 1835/1881 1834/1880 1838/1884
f 2052/2104 2051/2103 2053/2105 2054/2106
f 2052/2104 2054/2106 2055/2107 1832/1878
f 2052/2104 1832/1878 1831/1877 1835/1881
f 2055/2107 2054/2106 2056/2108 2057/2109
f 2055/2107 2057/2109 2058/2110 1829/1875
f 2055/2107 1829/1875 1828/1874 1832/1878
f 2058/2110 2057/2109 2059/2111 2060/2112
f 2058/2110 2060/2112 2061/2113 1826/1872
f 2058/2110 1826/1872 1825/1871 1829/1875
f 2061/2113 2060/2112 2062/2114 2063/2115
f 2061/2113 2063/2115 2064/2116 1822/1868
f 2061/2113 1822/1868 1821/1867 1826/1872
f 2064/2116 2063/2115 2065/2117 2066/2118
f 2064/2116 2066/2118 95/88 2067/2119
f 2064/2116 2067/2119 1823/1869 1822/1868
f 2067/2119 95/88 90/83 83/75
f 2067/2119 83/75 82/74 1823/1869
f 2066/2118 2065/2117 2068/2120 2069/2121
f 2066/2118 2069/2121 91/84 95/88
f 2069/2121 2068/2120 2070/2122 2071/2123
f 2069/2121 2071/2123 92/85 91/84
f 2071/2123 2070/2122 2072/2124 2073/2125
f 2071/2123 2073/2125 2074/2126 92/85
f 2074/2126 2073/2125 2075/2127 2076/2128
f 2074/2126 2076/2128 2077/2129 2078/2130
f 2074/2126 2078/2130 93/86 92/85
f 2078/2130 2077/2129 469/484 468/483
f 2078/2130 468/483 94/87 93/86
f 2077/2129 2076/2128 2079/2131 2080/2132
f 2077/2129 2080/2132 2081/2133 469/484
f 2081/2133 2080/2132 2082/2134 2083/2135
f 2081/2133 2083/2135 2084/2136 465/480
f 2081/2133 465/480 464/479 469/484
f 2084/2136 2083/2135 2085/2137 2086/2138
f 2084/2136 2086/2138 2087/2139 2088/2140
f 2084/2136 2088/2140 466/481 465/480
f 2088/2140 2087/2139 2089/2141 2090/2142
f 2088/2140 2090/2142 455/470 466/481
f 2090/2142 2089/2141 2091/2143 450/465
f 2090/2142 450/465 449/464 455/470
f 2091/2143 2089/2141 2092/2144 2093/2145
f 2091/2143 2093/2145 2094/2146 445/460
f 2091/2143 445/460 444/459 450/465
f 2094/2146 2093/2145 2095/2147 2096/2148
f 2094/2146 2096/2148 2097/2149 440/455
f 2094/2146 440/455 439/454 445/460
f 2097/2149 2096/2148 2098/2150 2099/2151
f 2097/2149 2099/2151 2100/2152 435/450
f 2097/2149 435/450 434/449 440/455
f 2100/2152 2099/2151 2101/2153 2102/2154
f 2100/2152 2102/2154 2103/2155 430/445
f 2100/2152 430/445 429/444 435/450
f 2103/2155 2102/2154 2104/2156 2105/2157
f 2103/2155 2105/2157 2106/2158 425/440
f 2103/2155 425/440 424/439 430/445
f 2106/2158 2105/2157 2107/2159 2108/2160
f 2106/2158 2108/2160 2109/2161 420/433
f 2106/2158 420/433 419/432 425/440
f 2109/2161 2108/2160 2110/2162 2111/2163
f 2109/2161 2111/2163 2112/2164 415/2165
f 2109/2161 415/2165 414/434 420/433
f 2112/2164 2111/2163 2113/2166 2114/2167
f 2112/2168 2114/2169 2115/2170 410/422
f 2112/2168 410/422 409/421 415/427
f 2115/2170 2114/2169 2116/2171 2117/2172
f 2115/2170 2117/2172 2118/2173 405/417
f 2115/2170 405/417 404/416 410/422
f 2118/2173 2117/2172 2119/2174 2120/2175
f 2118/2173 2120/2175 2121/2176 400/412
f 2118/2173 400/412 399/411 405/417
f 2121/2176 2120/2175 2122/2177 2123/2178
f 2121/2176 2123/2178 2124/2179 395/407
f 2121/2176 395/407 394/406 400/412
f 2124/2179 2123/2178 2125/2180 2126/2181
f 2124/2179 2126/2181 2127/2182 390/402
f 2124/2179 390/402 389/401 395/407
f 2127/2182 2126/2181 2128/2183 2129/2184
f 2127/2182 2129/2184 2130/2185 385/397
f 2127/2182 385/397 384/396 390/402
f 2130/2185 2129/2184 2131/2186 166/170
f 2130/2185 166/170 162/166 161/165
f 2130/2185 161/165 382/394 385/397
f 2131/2186 2132/2187 2133/2188 171/175
f 2131/2186 171/175 167/171 166/170
f 2131/2186 2129/2184 2128/2183 2132/2187
f 2133/2188 176/180 172/176 171/175
f 2133/2188 2132/2187 2134/2189 2135/2190
f 2133/2188 2135/2190 2136/2191 176/180
f 2136/2191 181/185 177/181 176/180
f 2136/2191 2135/2190 2137/2192 2138/2193
f 2136/2191 2138/2193 2139/2194 181/185
f 2139/2194 186/190 182/186 181/185
f 2139/2194 2138/2193 2140/2195 2141/2196
f 2139/2194 2141/2196 2142/2197 186/190
f 2142/2197 191/195 187/191 186/190
f 2142/2197 2141/2196 2143/2198 2144/2199
f 2142/2197 2144/2199 2145/2200 191/195
f 2145/2200 196/200 192/196 191/195
f 2145/2200 2144/2199 2146/2201 2147/2202
f 2145/2200 2147/2202 2148/2203 196/200
f 2148/2203 201/205 197/201 196/200
f 2148/2204 2147/2205 2149/2206 2150/2207
f 2148/2204 2150/2207 2151/2208 201/2209
f 2151/2208 206/212 202/211 201/2209
f 2151/2208 2150/2207 2152/2210 2153/2211
f 2151/2208 2153/2211 2154/2212 206/212
f 2154/2212 211/219 207/213 206/212
f 2154/2212 2153/2211 2155/2213 2156/2214
f 2154/2212 2156/2214 2157/2215 211/219
f 2157/2215 216/225 212/220 211/219
f 2157/2215 2156/2214 2158/2216 2159/2217
f 2157/2215 2159/2217 2160/2218 216/225
f 2160/2218 221/230 217/226 216/225
f 2160/2218 2159/2217 2161/2219 2162/2220
f 2160/2218 2162/2220 2163/2221 221/230
f 2163/2221 226/235 222/231 221/230
f 2163/2221 2162/2220 2164/2222 2165/2223
f 2163/2221 2165/2223 2166/2224 226/235
f 2166/2224 231/240 227/236 226/235
f 2166/2224 2165/2223 2167/2225 2168/2226
f 2166/2224 2168/2226 2169/2227 231/240
f 2169/2227 236/245 232/241 231/240
f 2169/2227 2168/2226 2170/2228 2171/2229
f 2169/2227 2171/2229 2172/2230 236/245
f 2172/2230 241/250 237/246 236/245
f 2172/2230 2171/2229 2173/2231 2174/2232
f 2172/2230 2174/2232 2175/2233 241/250
f 2175/2233 246/255 242/251 241/250
f 2175/2233 2174/2232 2176/2234 2177/2235
f 2175/2233 2177/2235 2178/2236 246/255
f 2178/2236 251/260 247/256 246/255
f 2178/2236 2177/2235 2179/2237 2180/2238
f 2178/2236 2180/2238 2181/2239 251/260
f 2181/2239 256/265 252/261 251/260
f 2181/2239 2180/2238 2182/2240 2183/2241
f 2181/2239 2183/2241 2184/2242 256/265
f 2184/2242 261/270 257/266 256/265
f 2184/2242 2183/2241 2185/2243 2186/2244
f 2184/2242 2186/2244 2187/2245 261/270
f 2187/2245 266/275 262/271 261/270
f 2187/2245 2186/2244 2188/2246 2189/2247
f 2187/2245 2189/2247 2190/2248 266/275
f 2190/2248 269/278 267/276 266/275
f 2190/2248 2189/2247 2191/2249 2192/2250
f 2190/2248 2192/2250 2193/2251 269/278
f 2193/2251 273/282 270/279 269/278
f 2193/2251 2192/2250 2194/2252 2195/2253
f 2193/2251 2195/2253 2196/2254 273/282
f 2196/2254 278/287 274/283 273/282
f 2196/2254 2195/2253 2197/2255 2198/2256
f 2196/2254 2198/2256 2199/2257 278/287
f 2199/2257 135/135 279/288 278/287
f 2199/2257 2198/2256 2200/2258 2201/2259
f 2199/2257 2201/2259 131/131 135/135
f 2201/2259 2200/2258 2202/2260 2203/2261
f 2201/2259 2203/2261 132/132 131/131
f 2203/2261 2202/2260 2204/2262 2205/2263
f 2203/2261 2205/2263 2206/2264 132/132
f 2206/2264 2205/2263 2207/2265 2208/2266
f 2206/2264 2208/2266 2209/2267 2210/2268
f 2206/2264 2210/2268 133/133 132/132
f 2210/2268 2209/2267 288/297 287/296
f 2210/2268 287/296 136/136 133/133
f 2209/2267 2208/2266 2211/2269 2212/2270
f 2209/2267 2212/2270 2213/2271 288/297
f 2213/2271 2212/2270 2214/2272 2215/2273
f 2213/2271 2215/2273 2216/2274 291/300
f 2213/2271 291/300 289/298 288/297
f 2216/2274 2215/2273 2217/2275 2218/2276
f 2216/2274 2218/2276 2219/2277 2220/2278
f 2216/2274 2220/2278 292/301 291/300
f 2220/2278 2219/2277 2221/2279 2222/2280
f 2220/2278 2222/2280 293/302 292/301
f 2222/2280 2221/2279 2223/2281 2224/2282
f 2222/2280 2224/2282 102/96 293/302
f 2224/2282 2223/2281 2225/2283 2226/2284
f 2224/2282 2226/2284 12/89 102/96
f 2226/2284 2225/2283 2227/2285 2228/2286
f 2226/2284 2228/2286 96/90 12/89
f 2228/2286 2227/2285 2229/2287 2230/2288
f 2228/2286 2230/2288 2231/2289 96/90
f 2231/2289 2232/2290 97/91 96/90
f 2231/2289 2230/2288 2233/2291 2234/2292
f 2231/2289 2234/2292 2235/2293 2232/2290
f 2235/2294 2236/2295 1956/2008 2232/2296
f 2235/2293 2234/2292 2237/2297 2238/2298
f 2235/2294 2238/2299 2239/2300 2236/2295
f 2239/2300 2240/2301 2241/2302 2236/2295
f 2239/2300 2238/2299 2242/2303 2243/2304
f 2239/2300 2243/2304 2244/2305 2240/2301
f 2244/2305 2245/2306 2246/2307 2240/2301
f 2244/2305 2243/2304 2247/2308 2248/2309
f 2244/2305 2248/2309 2249/2310 2245/2306
f 2249/2310 2250/2311 2251/2312 2245/2306
f 2249/2310 2248/2309 2252/2313 2253/2314
f 2249/2310 2253/2314 2254/2315 2250/2311
f 2254/2315 2253/2314 44/26 46/28
f 2254/2315 46/28 2255/2316 2256/2317
f 2254/2315 2256/2317 2257/2318 2250/2311
f 2257/2318 2256/2317 2258/2319 2259/2320
f 2257/2318 2259/2320 2260/2321 2261/2322
f 2257/2318 2261/2322 2251/2312 2250/2311
f 2261/2322 2260/2321 2262/2323 2263/2324
f 2261/2322 2263/2324 2264/2325 2251/2312
f 2264/2325 2246/2307 2245/2306 2251/2312
f 2264/2325 2263/2324 2265/2326 2266/2327
f 2264/2325 2266/2327 2267/2328 2246/2307
f 2267/2328 2241/2302 2240/2301 2246/2307
f 2267/2328 2266/2327 1960/2012 1958/2010
f 2267/2328 1958/2010 1957/2009 2241/2302
f 2266/2327 2265/2326 1962/2014 1960/2012
f 2265/2326 2263/2324 2262/2323 2268/2329
f 2265/2326 2268/2329 1964/2016 1962/2014
f 2268/2329 2262/2323 2269/2330 2270/2331
f 2268/2329 2270/2331 1966/2018 1964/2016
f 2270/2331 2269/2330 2271/2332 2272/2333
f 2270/2331 2272/2333 1968/2020 1966/2018
f 2272/2333 2271/2332 2273/2334 2274/2335
f 2272/2333 2274/2335 1970/2022 1968/2020
f 2274/2335 2273/2334 2275/2336 2276/2337
f 2274/2335 2276/2337 1972/2024 1970/2022
f 2276/2337 2275/2336 2277/2338 2278/2339
f 2276/2337 2278/2339 1974/2026 1972/2024
f 2278/2339 2277/2338 2279/2340 2280/2341
f 2278/2339 2280/2341 1976/2028 1974/2026
f 2280/2341 2279/2340 2281/2342 2282/2343
f 2280/2341 2282/2343 1978/2030 1976/2028
f 2282/2343 2281/2342 2283/2344 2284/2345
f 2282/2343 2284/2345 1980/2032 1978/2030
f 2284/2345 2283/2344 2285/2346 2286/2347
f 2284/2345 2286/2347 1982/2034 1980/2032
f 2286/2347 2285/2346 2287/2348 1987/2039
f 2286/2347 1987/2039 1984/2036 1982/2034
f 2287/2348 2285/2346 2288/2349 2289/2350
f 2287/2348 2289/2350 2290/2351 1990/2042
f 2287/2348 1990/2042 1988/2040 1987/2039
f 2290/2351 2289/2350 2291/2352 2292/2353
f 2290/2351 2292/2353 2293/2354 1993/2045
f 2290/2351 1993/2045 1991/2043 1990/2042
f 2293/2354 2292/2353 67/56 2294/2355
f 2293/2354 2294/2355 2295/2356 1996/2048
f 2293/2354 1996/2048 1994/2046 1993/2045
f 2295/2356 2294/2355 2296/2357 2297/2358
f 2295/2356 2297/2358 2298/2359 1999/2051
f 2295/2356 1999/2051 1997/2049 1996/2048
f 2298/2359 2297/2358 2299/2360 2300/2361
f 2298/2359 2300/2361 2301/2362 2002/2054
f 2298/2359 2002/2054 2000/2052 1999/2051
f 2301/2362 2300/2361 2302/2363 2303/2364
f 2301/2362 2303/2364 2304/2365 2005/2057
f 2301/2362 2005/2057 2003/2055 2002/2054
f 2304/2365 2303/2364 2305/2366 2306/2367
f 2304/2365 2306/2367 2307/2368 2008/2060
f 2304/2365 2008/2060 2006/2058 2005/2057
f 2307/2368 2306/2367 2308/2369 2309/2370
f 2307/2368 2309/2370 2310/2371 2011/2063
f 2307/2368 2011/2063 2009/2061 2008/2060
f 2310/2371 2309/2370 2311/2372 2312/2373
f 2310/2371 2312/2373 2313/2374 2014/2066
f 2310/2371 2014/2066 2012/2064 2011/2063
f 2313/2374 2312/2373 2314/2375 2315/2376
f 2313/2374 2315/2376 2316/2377 2017/2069
f 2313/2374 2017/2069 2015/2067 2014/2066
f 2316/2377 2315/2376 2317/2378 2318/2379
f 2316/2377 2318/2379 2319/2380 2020/2072
f 2316/2377 2020/2072 2018/2070 2017/2069
f 2319/2380 2318/2379 2320/2381 2321/2382
f 2319/2380 2321/2382 2322/2383 2023/2075
f 2319/2380 2023/2075 2021/2073 2020/2072
f 2322/2383 2321/2382 2323/2384 2324/2385
f 2322/2383 2324/2385 2325/2386 2026/2078
f 2322/2383 2026/2078 2024/2076 2023/2075
f 2325/2386 2324/2385 2326/2387 2327/2388
f 2325/2386 2327/2388 2328/2389 2029/2081
f 2325/2386 2029/2081 2027/2079 2026/2078
f 2328/2389 2327/2388 2329/2390 2330/2391
f 2328/2389 2330/2391 2331/2392 2032/2084
f 2328/2389 2032/2084 2030/2082 2029/2081
f 2331/2392 2330/2391 2332/2393 2333/2394
f 2331/2392 2333/2394 2334/2395 2035/2087
f 2331/2392 2035/2087 2033/2085 2032/2084
f 2334/2395 2333/2394 2335/2396 2336/2397
f 2334/2395 2336/2397 2337/2398 2038/2090
f 2334/2395 2038/2090 2036/2088 2035/2087
f 2337/2398 2336/2397 2338/2399 2339/2400
f 2337/2398 2339/2400 2340/2401 2041/2093
f 2337/2398 2041/2093 2039/2091 2038/2090
f 2340/2401 2339/2400 2341/2402 2342/2403
f 2340/2401 2342/2403 2343/2404 2044/2096
f 2340/2401 2044/2096 2042/2094 2041/2093
f 2343/2404 2342/2403 2344/2405 2345/2406
f 2343/2404 2345/2406 2346/2407 2047/2099
f 2343/2404 2047/2099 2045/2097 2044/2096
f 2346/2407 2345/2406 2347/2408 2348/2409
f 2346/2407 2348/2409 2349/2410 2050/2102
f 2346/2407 2050/2102 2048/2100 2047/2099
f 2349/2410 2348/2409 2350/2411 2351/2412
f 2349/2410 2351/2412 2352/2413 2053/2105
f 2349/2410 2053/2105 2051/2103 2050/2102
f 2352/2413 2351/2412 2353/2414 2354/2415
f 2352/2413 2354/2415 2355/2416 2056/2108
f 2352/2413 2056/2108 2054/2106 2053/2105
f 2355/2416 2354/2415 2356/2417 2357/2418
f 2355/2416 2357/2418 2358/2419 2059/2111
f 2355/2416 2059/2111 2057/2109 2056/2108
f 2358/2419 2357/2418 2359/2420 2360/2421
f 2358/2419 2360/2421 2361/2422 2062/2114
f 2358/2419 2062/2114 2060/2112 2059/2111
f 2361/2422 2360/2421 2362/2423 2363/2424
f 2361/2422 2363/2424 2068/2120 2065/2117
f 2361/2422 2065/2117 2063/2115 2062/2114
f 2363/2424 2362/2423 2364/2425 2365/2426
f 2363/2424 2365/2426 2070/2122 2068/2120
f 2365/2426 2364/2425 2366/2427 2367/2428
f 2365/2426 2367/2428 2072/2124 2070/2122
f 2367/2428 2366/2427 2368/2429 2369/2430
f 2367/2428 2369/2430 2370/2431 2072/2124
f 2370/2431 2369/2430 2371/2432 2372/2433
f 2370/2431 2372/2433 2373/2434 2075/2127
f 2370/2431 2075/2127 2073/2125 2072/2124
f 2373/2434 2372/2433 2374/2435 2375/2436
f 2373/2434 2375/2436 2376/2437 2079/2131
f 2373/2434 2079/2131 2076/2128 2075/2127
f 2376/2437 2375/2436 2377/2438 2378/2439
f 2376/2437 2378/2439 2379/2440 2082/2134
f 2376/2437 2082/2134 2080/2132 2079/2131
f 2379/2440 2378/2439 2380/2441 2381/2442
f 2379/2440 2381/2442 2382/2443 2085/2137
f 2379/2440 2085/2137 2083/2135 2082/2134
f 2382/2443 2381/2442 2383/2444 2384/2445
f 2382/2443 2384/2445 2385/2446 2386/2447
f 2382/2443 2386/2447 2086/2138 2085/2137
f 2386/2447 2385/2446 2387/2448 2388/2449
f 2386/2447 2388/2449 2087/2139 2086/2138
f 2388/2449 2387/2448 2389/2450 2092/2144
f 2388/2449 2092/2144 2089/2141 2087/2139
f 2389/2450 2387/2448 2390/2451 2391/2452
f 2389/2450 2391/2452 2392/2453 2095/2147
f 2389/2450 2095/2147 2093/2145 2092/2144
f 2392/2453 2391/2452 2393/2454 2394/2455
f 2392/2453 2394/2455 2395/2456 2098/2150
f 2392/2453 2098/2150 2096/2148 2095/2147
f 2395/2456 2394/2455 2396/2457 2397/2458
f 2395/2456 2397/2458 2398/2459 2101/2153
f 2395/2456 2101/2153 2099/2151 2098/2150
f 2398/2459 2397/2458 2399/2460 2400/2461
f 2398/2459 2400/2461 2401/2462 2104/2156
f 2398/2459 2104/2156 2102/2154 2101/2153
f 2401/2462 2400/2461 2402/2463 2403/2464
f 2401/2462 2403/2464 2404/2465 2107/2159
f 2401/2462 2107/2159 2105/2157 2104/2156
f 2404/2465 2403/2464 2405/2466 2406/2467
f 2404/2465 2406/2467 2407/2468 2110/2162
f 2404/2465 2110/2162 2108/2160 2107/2159
f 2407/2468 2406/2467 2408/2469 2409/2470
f 2407/2468 2409/2470 2410/2471 2113/2166
f 2407/2468 2113/2166 2111/2163 2110/2162
f 2410/2471 2409/2470 2411/2472 2412/2473
f 2410/2471 2412/2473 2413/2474 2116/2475
f 2410/2471 2116/2475 2114/2167 2113/2166
f 2413/2474 2412/2473 2414/2476 2415/2477
f 2413/2478 2415/2479 2416/2480 2119/2174
f 2413/2478 2119/2174 2117/2172 2116/2171
f 2416/2480 2415/2479 2417/2481 2418/2482
f 2416/2480 2418/2482 2419/2483 2122/2177
f 2416/2480 2122/2177 2120/2175 2119/2174
f 2419/2483 2418/2482 2420/2484 2421/2485
f 2419/2483 2421/2485 2422/2486 2125/2180
f 2419/2483 2125/2180 2123/2178 2122/2177
f 2422/2486 2421/2485 2423/2487 2134/2189
f 2422/2486 2134/2189 2132/2187 2128/2183
f 2422/2486 2128/2183 2126/2181 2125/2180
f 2423/2487 2137/2192 2135/2190 2134/2189
f 2423/2487 2421/2485 2420/2484 2424/2488
f 2423/2487 2424/2488 2425/2489 2137/2192
f 2425/2489 2140/2195 2138/2193 2137/2192
f 2425/2489 2424/2488 2426/2490 2427/2491
f 2425/2489 2427/2491 2428/2492 2140/2195
f 2428/2492 2143/2198 2141/2196 2140/2195
f 2428/2492 2427/2491 2429/2493 2430/2494
f 2428/2492 2430/2494 2431/2495 2143/2198
f 2431/2495 2146/2201 2144/2199 2143/2198
f 2431/2496 2430/2497 2432/2498 2433/2499
f 2431/2496 2433/2499 2434/2500 2146/2501
f 2434/2500 2149/2206 2147/2205 2146/2501
f 2434/2500 2433/2499 2435/2502 2436/2503
f 2434/2500 2436/2503 2437/2504 2149/2206
f 2437/2504 2152/2210 2150/2207 2149/2206
f 2437/2504 2436/2503 2438/2505 2439/2506
f 2437/2504 2439/2506 2440/2507 2152/2210
f 2440/2507 2155/2213 2153/2211 2152/2210
f 2440/2507 2439/2506 2441/2508 2442/2509
f 2440/2507 2442/2509 2443/2510 2155/2213
f 2443/2510 2158/2216 2156/2214 2155/2213
f 2443/2510 2442/2509 2444/2511 2445/2512
f 2443/2510 2445/2512 2446/2513 2158/2216
f 2446/2513 2161/2219 2159/2217 2158/2216
f 2446/2513 2445/2512 2447/2514 2448/2515
f 2446/2513 2448/2515 2449/2516 2161/2219
f 2449/2516 2164/2222 2162/2220 2161/2219
f 2449/2516 2448/2515 2450/2517 2451/2518
f 2449/2516 2451/2518 2452/2519 2164/2222
f 2452/2519 2167/2225 2165/2223 2164/2222
f 2452/2519 2451/2518 2453/2520 2454/2521
f 2452/2519 2454/2521 2455/2522 2167/2225
f 2455/2522 2170/2228 2168/2226 2167/2225
f 2455/2522 2454/2521 2456/2523 2457/2524
f 2455/2522 2457/2524 2458/2525 2170/2228
f 2458/2525 2173/2231 2171/2229 2170/2228
f 2458/2525 2457/2524 2459/2526 2460/2527
f 2458/2525 2460/2527 2461/2528 2173/2231
f 2461/2528 2176/2234 2174/2232 2173/2231
f 2461/2528 2460/2527 2462/2529 2463/2530
f 2461/2528 2463/2530 2464/2531 2176/2234
f 2464/2531 2179/2237 2177/2235 2176/2234
f 2464/2531 2463/2530 2465/2532 2466/2533
f 2464/2531 2466/2533 2467/2534 2179/2237
f 2467/2534 2182/2240 2180/2238 2179/2237
f 2467/2534 2466/2533 2468/2535 2469/2536
f 2467/2534 2469/2536 2470/2537 2182/2240
f 2470/2537 2185/2243 2183/2241 2182/2240
f 2470/2537 2469/2536 2471/2538 2472/2539
f 2470/2537 2472/2539 2473/2540 2185/2243
f 2473/2540 2188/2246 2186/2244 2185/2243
f 2473/2540 2472/2539 2474/2541 2475/2542
f 2473/2540 2475/2542 2476/2543 2188/2246
f 2476/2543 2191/2249 2189/2247 2188/2246
f 2476/2543 2475/2542 2477/2544 2478/2545
f 2476/2543 2478/2545 2479/2546 2191/2249
f 2479/2546 2194/2252 2192/2250 2191/2249
f 2479/2546 2478/2545 2480/2547 2481/2548
f 2479/2546 2481/2548 2482/2549 2194/2252
f 2482/2549 2197/2255 2195/2253 2194/2252
f 2482/2549 2481/2548 2483/2550 2484/2551
f 2482/2549 2484/2551 2485/2552 2197/2255
f 2485/2552 2200/2258 2198/2256 2197/2255
f 2485/2552 2484/2551 2486/2553 2487/2554
f 2485/2552 2487/2554 2202/2260 2200/2258
f 2487/2554 2486/2553 2488/2555 2489/2556
f 2487/2554 2489/2556 2204/2262 2202/2260
f 2489/2556 2488/2555 2490/2557 2491/2558
f 2489/2556 2491/2558 2492/2559 2204/2262
f 2492/2559 2207/2265 2205/2263 2204/2262
f 2492/2559 2491/2558 2493/2560 2494/2561
f 2492/2559 2494/2561 2495/2562 2207/2265
f 2495/2562 2211/2269 2208/2266 2207/2265
f 2495/2562 2494/2561 2496/2563 2497/2564
f 2495/2562 2497/2564 2498/2565 2211/2269
f 2498/2565 2497/2564 138/139 137/138
f 2498/2565 137/138 141/142 2214/2272
f 2498/2565 2214/2272 2212/2270 2211/2269
f 2497/2564 2496/2563 2499/2566 138/139
f 2499/2566 2496/2563 2500/2567 2501/2568
f 2499/2566 2501/2568 2502/2569 2503/2570
f 2499/2566 2503/2570 139/140 138/139
f 2503/2570 2502/2569 2504/2571 2505/2572
f 2503/2570 2505/2572 142/143 139/140
f 2505/2572 2504/2571 2506/2573 2507/2574
f 2505/2572 2507/2574 2508/2575 142/143
f 2508/2575 2509/2576 140/141 142/143
f 2508/2575 2507/2574 2510/2577 2511/2578
f 2508/2575 2511/2578 2512/2579 2509/2576
f 2512/2579 2218/2276 2217/2275 2509/2576
f 2512/2579 2511/2578 2513/2580 2514/2581
f 2512/2579 2514/2581 2219/2277 2218/2276
f 2514/2581 2513/2580 2515/2582 2516/2583
f 2514/2581 2516/2583 2221/2279 2219/2277
f 2516/2583 2515/2582 2517/2584 2518/2585
f 2516/2583 2518/2585 2223/2281 2221/2279
f 2518/2585 2517/2584 2519/2586 2520/2587
f 2518/2585 2520/2587 2225/2283 2223/2281
f 2520/2587 2519/2586 2521/2588 2522/2589
f 2520/2587 2522/2589 2227/2285 2225/2283
f 2522/2589 2521/2588 2523/2590 2524/2591
f 2522/2589 2524/2591 2229/2287 2227/2285
f 2524/2591 2523/2590 2525/2592 2526/2593
f 2524/2591 2526/2593 2527/2594 2229/2287
f 2527/2594 2233/2291 2230/2288 2229/2287
f 2527/2594 2526/2593 2528/2595 2529/2596
f 2527/2594 2529/2596 2530/2597 2233/2291
f 2530/2597 2237/2297 2234/2292 2233/2291
f 2530/2597 2529/2596 2531/2598 2532/2599
f 2530/2597 2532/2599 2533/2600 2237/2297
f 2533/2600 2242/2601 2238/2298 2237/2297
f 2533/2600 2532/2599 2534/2602 2535/2603
f 2533/2600 2535/2603 2536/2604 2242/2601
f 2536/2605 2247/2308 2243/2304 2242/2303
f 2536/2604 2535/2603 2537/2606 2538/2607
f 2536/2605 2538/2608 2539/2609 2247/2308
f 2539/2609 2252/2313 2248/2309 2247/2308
f 2539/2609 2538/2608 2540/2610 2541/2611
f 2539/2609 2541/2611 45/27 2252/2313
f 2541/2611 2540/2610 2542/2612 2543/2613
f 2541/2611 2543/2613 41/23 45/27
f 2543/2613 2542/2612 2544/2614 2545/2615
f 2543/2613 2545/2615 42/24 41/23
f 2545/2615 2544/2614 2546/2616 2547/2617
f 2545/2615 2547/2617 2548/2618 42/24
f 2548/2618 2549/2619 43/25 42/24
f 2548/2618 2547/2617 2550/2620 2551/2621
f 2548/2618 2551/2621 2552/2622 2549/2619
f 2552/2622 2551/2621 2553/2623 2554/2624
f 2552/2622 2554/2624 2555/2625 2556/2626
f 2552/2622 2556/2626 2255/2316 2549/2619
f 2556/2626 2555/2625 2557/2627 2258/2319
f 2556/2626 2258/2319 2256/2317 2255/2316
f 2557/2627 2555/2625 2558/2628 2559/2629
f 2557/2627 2559/2629 2560/2630 2561/2631
f 2557/2627 2561/2631 2259/2320 2258/2319
f 2561/2631 2560/2630 2562/2632 2563/2633
f 2561/2631 2563/2633 2260/2321 2259/2320
f 2563/2633 2562/2632 2271/2332 2269/2330
f 2563/2633 2269/2330 2262/2323 2260/2321
f 2562/2632 2560/2630 2564/2634 2565/2635
f 2562/2632 2565/2635 2273/2334 2271/2332
f 2565/2635 2564/2634 2566/2636 2567/2637
f 2565/2635 2567/2637 2275/2336 2273/2334
f 2567/2637 2566/2636 2568/2638 2569/2639
f 2567/2637 2569/2639 2277/2338 2275/2336
f 2569/2639 2568/2638 2570/2640 2571/2641
f 2569/2639 2571/2641 2279/2340 2277/2338
f 2571/2641 2570/2640 2572/2642 2573/2643
f 2571/2641 2573/2643 2281/2342 2279/2340
f 2573/2643 2572/2642 2574/2644 2575/2645
f 2573/2643 2575/2645 2283/2344 2281/2342
f 2575/2645 2574/2644 2576/2646 2288/2349
f 2575/2645 2288/2349 2285/2346 2283/2344
f 2576/2646 2574/2644 2577/2647 63/52
f 2576/2646 63/52 62/51 2291/2352
f 2576/2646 2291/2352 2289/2350 2288/2349
f 2577/2647 2578/2648 2579/2649 2580/2650
f 2577/2647 2580/2650 64/53 63/52
f 2577/2647 2574/2644 2572/2642 2578/2648
f 2580/2650 2579/2649 2581/2651 2582/2652
f 2580/2650 2582/2652 65/54 64/53
f 2582/2652 2581/2651 2583/2653 2584/2654
f 2582/2652 2584/2654 2585/2655 65/54
f 2585/2655 2584/2654 2586/2656 2299/2360
f 2585/2655 2299/2360 2297/2358 2296/2357
f 2585/2655 2296/2357 66/55 65/54
f 2586/2656 2584/2654 2583/2653 2587/2657
f 2586/2656 2587/2657 2588/2658 2302/2363
f 2586/2656 2302/2363 2300/2361 2299/2360
f 2588/2658 2587/2657 2589/2659 2590/2660
f 2588/2658 2590/2660 2591/2661 2305/2366
f 2588/2658 2305/2366 2303/2364 2302/2363
f 2591/2661 2590/2660 2592/2662 2593/2663
f 2591/2661 2593/2663 2594/2664 2308/2369
f 2591/2661 2308/2369 2306/2367 2305/2366
f 2594/2664 2593/2663 2595/2665 2596/2666
f 2594/2664 2596/2666 2597/2667 2311/2372
f 2594/2664 2311/2372 2309/2370 2308/2369
f 2597/2667 2596/2666 2598/2668 2599/2669
f 2597/2667 2599/2669 2600/2670 2314/2375
f 2597/2667 2314/2375 2312/2373 2311/2372
f 2600/2670 2599/2669 2601/2671 2602/2672
f 2600/2670 2602/2672 2603/2673 2317/2378
f 2600/2670 2317/2378 2315/2376 2314/2375
f 2603/2673 2602/2672 2604/2674 2605/2675
f 2603/2673 2605/2675 2606/2676 2320/2381
f 2603/2673 2320/2381 2318/2379 2317/2378
f 2606/2676 2605/2675 2607/2677 2608/2678
f 2606/2676 2608/2678 2609/2679 2323/2384
f 2606/2676 2323/2384 2321/2382 2320/2381
f 2609/2679 2608/2678 2610/2680 2611/2681
f 2609/2679 2611/2681 2612/2682 2326/2387
f 2609/2679 2326/2387 2324/2385 2323/2384
f 2612/2682 2611/2681 2613/2683 2614/2684
f 2612/2682 2614/2684 2615/2685 2329/2390
f 2612/2682 2329/2390 2327/2388 2326/2387
f 2615/2685 2614/2684 2616/2686 2617/2687
f 2615/2685 2617/2687 2618/2688 2332/2393
f 2615/2685 2332/2393 2330/2391 2329/2390
f 2618/2688 2617/2687 2619/2689 2620/2690
f 2618/2688 2620/2690 2621/2691 2335/2396
f 2618/2688 2335/2396 2333/2394 2332/2393
f 2621/2691 2620/2690 2622/2692 2623/2693
f 2621/2691 2623/2693 2624/2694 2338/2399
f 2621/2691 2338/2399 2336/2397 2335/2396
f 2624/2694 2623/2693 2625/2695 2626/2696
f 2624/2694 2626/2696 2627/2697 2341/2402
f 2624/2694 2341/2402 2339/2400 2338/2399
f 2627/2697 2626/2696 2628/2698 2629/2699
f 2627/2697 2629/2699 2630/2700 2344/2405
f 2627/2697 2344/2405 2342/2403 2341/2402
f 2630/2700 2629/2699 2631/2701 2632/2702
f 2630/2700 2632/2702 2633/2703 2347/2408
f 2630/2700 2347/2408 2345/2406 2344/2405
f 2633/2703 2632/2702 2634/2704 2635/2705
f 2633/2703 2635/2705 2636/2706 2350/2411
f 2633/2703 2350/2411 2348/2409 2347/2408
f 2636/2706 2635/2705 2637/2707 2638/2708
f 2636/2706 2638/2708 2639/2709 2353/2414
f 2636/2706 2353/2414 2351/2412 2350/2411
f 2639/2709 2638/2708 2640/2710 2641/2711
f 2639/2709 2641/2711 2642/2712 2356/2417
f 2639/2709 2356/2417 2354/2415 2353/2414
f 2642/2712 2641/2711 2643/2713 2644/2714
f 2642/2712 2644/2714 2645/2715 2359/2420
f 2642/2712 2359/2420 2357/2418 2356/2417
f 2645/2715 2644/2714 2646/2716 2647/2717
f 2645/2715 2647/2717 2364/2425 2362/2423
f 2645/2715 2362/2423 2360/2421 2359/2420
f 2647/2717 2646/2716 2648/2718 2649/2719
f 2647/2717 2649/2719 2366/2427 2364/2425
f 2649/2719 2648/2718 2650/2720 2651/2721
f 2649/2719 2651/2721 2368/2429 2366/2427
f 2651/2721 2650/2720 2652/2722 2653/2723
f 2651/2721 2653/2723 2654/2724 2368/2429
f 2654/2724 2653/2723 2655/2725 2656/2726
f 2654/2724 2656/2726 2657/2727 2371/2432
f 2654/2724 2371/2432 2369/2430 2368/2429
f 2657/2727 2656/2726 2658/2728 2659/2729
f 2657/2727 2659/2729 2660/2730 2374/2435
f 2657/2727 2374/2435 2372/2433 2371/2432
f 2660/2730 2659/2729 2661/2731 2662/2732
f 2660/2730 2662/2732 2663/2733 2377/2438
f 2660/2730 2377/2438 2375/2436 2374/2435
f 2663/2733 2662/2732 2664/2734 2665/2735
f 2663/2733 2665/2735 2666/2736 2380/2441
f 2663/2733 2380/2441 2378/2439 2377/2438
f 2666/2736 2665/2735 2667/2737 2668/2738
f 2666/2736 2668/2738 2669/2739 2383/2444
f 2666/2736 2383/2444 2381/2442 2380/2441
f 2669/2739 2668/2738 2670/2740 2671/2741
f 2669/2739 2671/2741 2672/2742 2673/2743
f 2669/2739 2673/2743 2384/2445 2383/2444
f 2673/2743 2672/2742 2674/2744 2675/2745
f 2673/2743 2675/2745 2385/2446 2384/2445
f 2675/2745 2674/2744 2676/2746 2390/2451
f 2675/2745 2390/2451 2387/2448 2385/2446
f 2676/2746 2674/2744 2677/2747 2678/2748
f 2676/2746 2678/2748 2679/2749 2393/2454
f 2676/2746 2393/2454 2391/2452 2390/2451
f 2679/2749 2678/2748 2680/2750 2681/2751
f 2679/2749 2681/2751 2682/2752 2396/2457
f 2679/2749 2396/2457 2394/2455 2393/2454
f 2682/2752 2681/2751 2683/2753 2684/2754
f 2682/2752 2684/2754 2685/2755 2399/2460
f 2682/2752 2399/2460 2397/2458 2396/2457
f 2685/2755 2684/2754 2686/2756 2687/2757
f 2685/2755 2687/2757 2688/2758 2402/2463
f 2685/2755 2402/2463 2400/2461 2399/2460
f 2688/2758 2687/2757 2689/2759 2690/2760
f 2688/2758 2690/2760 2691/2761 2405/2466
f 2688/2758 2405/2466 2403/2464 2402/2463
f 2691/2761 2690/2760 2692/2762 2693/2763
f 2691/2761 2693/2763 2694/2764 2408/2469
f 2691/2761 2408/2469 2406/2467 2405/2466
f 2694/2764 2693/2763 2695/2765 2696/2766
f 2694/2764 2696/2766 2697/2767 2411/2472
f 2694/2764 2411/2472 2409/2470 2408/2469
f 2697/2767 2696/2766 2698/2768 2699/2769
f 2697/2767 2699/2769 2700/2770 2414/2476
f 2697/2767 2414/2476 2412/2473 2411/2472
f 2700/2770 2699/2769 2701/2771 2702/2772
f 2700/2770 2702/2772 2703/2773 2417/2774
f 2700/2770 2417/2774 2415/2477 2414/2476
f 2703/2775 2702/2776 2704/2777 2426/2490
f 2703/2775 2426/2490 2424/2488 2420/2484
f 2703/2775 2420/2484 2418/2482 2417/2481
f 2704/2777 2429/2493 2427/2491 2426/2490
f 2704/2778 2702/2772 2701/2771 2705/2779
f 2704/2778 2705/2779 2706/2780 2429/2781
f 2706/2780 2432/2498 2430/2497 2429/2781
f 2706/2780 2705/2779 2707/2782 2708/2783
f 2706/2780 2708/2783 2709/2784 2432/2498
f 2709/2784 2435/2502 2433/2499 2432/2498
f 2709/2784 2708/2783 2710/2785 2711/2786
f 2709/2784 2711/2786 2712/2787 2435/2502
f 2712/2787 2438/2505 2436/2503 2435/2502
f 2712/2787 2711/2786 2713/2788 2714/2789
f 2712/2787 2714/2789 2715/2790 2438/2505
f 2715/2790 2441/2508 2439/2506 2438/2505
f 2715/2790 2714/2789 2716/2791 2717/2792
f 2715/2790 2717/2792 2718/2793 2441/2508
f 2718/2793 2444/2511 2442/2509 2441/2508
f 2718/2793 2717/2792 2719/2794 2720/2795
f 2718/2793 2720/2795 2721/2796 2444/2511
f 2721/2796 2447/2514 2445/2512 2444/2511
f 2721/2796 2720/2795 2722/2797 2723/2798
f 2721/2796 2723/2798 2724/2799 2447/2514
f 2724/2799 2450/2517 2448/2515 2447/2514
f 2724/2799 2723/2798 111/106 107/102
f 2724/2799 107/102 106/101 2450/2517
f 2723/2798 2722/2797 119/116 111/106
f 2722/2797 2720/2795 2719/2794 2725/2800
f 2722/2797 2725/2800 120/117 119/116
f 2725/2800 2719/2794 2726/2801 2727/2802
f 2725/2800 2727/2802 2728/2803 120/117
f 2728/2803 2727/2802 2729/2804 2730/2805
f 2728/2803 2730/2805 2731/2806 2732/2807
f 2728/2803 2732/2807 121/118 120/117
f 2732/2807 2731/2806 2733/2808 2734/2809
f 2732/2807 2734/2809 109/104 121/118
f 2734/2809 2733/2808 47/30 51/34
f 2734/2809 51/34 110/105 109/104
f 2733/2808 2731/2806 2735/2810 2736/2811
f 2733/2808 2736/2811 48/31 47/30
f 2736/2811 2735/2810 2737/2812 2738/2813
f 2736/2811 2738/2813 2739/2814 48/31
f 2739/2814 2740/2815 49/32 48/31
f 2739/2814 2738/2813 2741/2816 2742/2817
f 2739/2814 2742/2817 2743/2818 2740/2815
f 2743/2818 2744/2819 2745/2820 2740/2815
f 2743/2818 2742/2817 2746/2821 2747/2822
f 2743/2818 2747/2822 2748/2823 2744/2819
f 2748/2823 2749/2824 2750/2825 2744/2819
f 2748/2823 2747/2822 2751/2826 2752/2827
f 2748/2823 2752/2827 2753/2828 2749/2824
f 2753/2828 2754/2829 2755/2830 2749/2824
f 2753/2828 2752/2827 2756/2831 2757/2832
f 2753/2828 2757/2832 2758/2833 2754/2829
f 2758/2833 2759/2834 2760/2835 2754/2829
f 2758/2833 2757/2832 2761/2836 2762/2837
f 2758/2833 2762/2837 2763/2838 2759/2834
f 2763/2838 2764/2839 2765/2840 2759/2834
f 2763/2838 2762/2837 2766/2841 2767/2842
f 2763/2838 2767/2842 2768/2843 2764/2839
f 2768/2843 2769/2844 2770/2845 2764/2839
f 2768/2843 2767/2842 2771/2846 2772/2847
f 2768/2843 2772/2847 2773/2848 2769/2844
f 2773/2848 2774/2849 2775/2850 2769/2844
f 2773/2848 2772/2847 2776/2851 2777/2852
f 2773/2848 2777/2852 2778/2853 2774/2849
f 2778/2853 2779/2854 2780/2855 2774/2849
f 2778/2853 2777/2852 2781/2856 2782/2857
f 2778/2853 2782/2857 2783/2858 2779/2854
f 2783/2858 2784/2859 2785/2860 2779/2854
f 2783/2858 2782/2857 2786/2861 2787/2862
f 2783/2858 2787/2862 2788/2863 2784/2859
f 2788/2863 2789/2864 2790/2865 2784/2859
f 2788/2863 2787/2862 2791/2866 2792/2867
f 2788/2863 2792/2867 2793/2868 2789/2864
f 2793/2868 2794/2869 2795/2870 2789/2864
f 2793/2868 2792/2867 2796/2871 2797/2872
f 2793/2868 2797/2872 2798/2873 2794/2869
f 2798/2873 2799/2874 2800/2875 2794/2869
f 2798/2873 2797/2872 2801/2876 2802/2877
f 2798/2873 2802/2877 2803/2878 2799/2874
f 2803/2878 2804/2879 2805/2880 2799/2874
f 2803/2878 2802/2877 2806/2881 2807/2882
f 2803/2878 2807/2882 2808/2883 2804/2879
f 2808/2883 2809/2884 2810/2885 2804/2879
f 2808/2883 2807/2882 2811/2886 2812/2887
f 2808/2883 2812/2887 2813/2888 2809/2884
f 2813/2888 2814/2889 2815/2890 2809/2884
f 2813/2888 2812/2887 2816/2891 2817/2892
f 2813/2888 2817/2892 2818/2893 2814/2889
f 2818/2893 2819/2894 2820/2895 2814/2889
f 2818/2893 2817/2892 2821/2896 2822/2897
f 2818/2893 2822/2897 2823/2898 2819/2894
f 2823/2898 2824/2899 2825/2900 2819/2894
f 2823/2898 2822/2897 2826/2901 2827/2902
f 2823/2898 2827/2902 2828/2903 2824/2899
f 2828/2903 2829/2904 2830/2905 2824/2899
f 2828/2903 2827/2902 2831/2906 2832/2907
f 2828/2903 2832/2907 2833/2908 2829/2904
f 2833/2908 2517/2584 2515/2582 2829/2904
f 2833/2908 2832/2907 2834/2909 2835/2910
f 2833/2908 2835/2910 2519/2586 2517/2584
f 2835/2910 2834/2909 2836/2911 2837/2912
f 2835/2910 2837/2912 2521/2588 2519/2586
f 2837/2912 2836/2911 2838/2913 2839/2914
f 2837/2912 2839/2914 2523/2590 2521/2588
f 2839/2914 2838/2913 2840/2915 2841/2916
f 2839/2914 2841/2916 2525/2592 2523/2590
f 2841/2916 2840/2915 2842/2917 2843/2918
f 2841/2916 2843/2918 2844/2919 2525/2592
f 2844/2919 2528/2595 2526/2593 2525/2592
f 2844/2919 2843/2918 2845/2920 2846/2921
f 2844/2919 2846/2921 2847/2922 2528/2595
f 2847/2922 2531/2598 2529/2596 2528/2595
f 2847/2922 2846/2921 2848/2923 2849/2924
f 2847/2922 2849/2924 2850/2925 2531/2598
f 2850/2925 2534/2602 2532/2599 2531/2598
f 2850/2925 2849/2924 2851/2926 2852/2927
f 2850/2925 2852/2927 2853/2928 2534/2602
f 2853/2928 2537/2606 2535/2603 2534/2602
f 2853/2928 2852/2927 2854/2929 2855/2930
f 2853/2928 2855/2930 2856/2931 2537/2606
f 2856/2931 2540/2932 2538/2607 2537/2606
f 2856/2931 2855/2930 2857/2933 2858/2934
f 2856/2931 2858/2934 2542/2935 2540/2932
f 2858/2934 2857/2933 2859/2936 2860/2937
f 2858/2934 2860/2937 2544/2938 2542/2935
f 2860/2937 2859/2936 2861/2939 2862/2940
f 2860/2937 2862/2940 2546/2941 2544/2938
f 2862/2940 2861/2939 2863/2942 2864/2943
f 2862/2940 2864/2943 2865/2944 2546/2941
f 2865/2945 2550/2620 2547/2617 2546/2616
f 2865/2944 2864/2943 2866/2946 2867/2947
f 2865/2945 2867/2948 2868/2949 2550/2620
f 2868/2949 2553/2623 2551/2621 2550/2620
f 2868/2949 2867/2948 2869/2950 2870/2951
f 2868/2949 2870/2951 2871/2952 2553/2623
f 2871/2952 2872/2953 2554/2624 2553/2623
f 2871/2952 2870/2951 2873/2954 2874/2955
f 2871/2952 2874/2955 2875/2956 2872/2953
f 2875/2956 2876/2957 2558/2628 2872/2953
f 2875/2956 2874/2955 2877/2958 2878/2959
f 2875/2956 2878/2959 2879/2960 2876/2957
f 2879/2960 2878/2959 2880/2961 2881/2962
f 2879/2960 2881/2962 2882/2963 2883/2964
f 2879/2960 2883/2964 2884/2965 2876/2957
f 2884/2965 2559/2629 2558/2628 2876/2957
f 2884/2965 2883/2964 2566/2636 2564/2634
f 2884/2965 2564/2634 2560/2630 2559/2629
f 2883/2964 2882/2963 2568/2638 2566/2636
f 2882/2963 2881/2962 2885/2966 2886/2967
f 2882/2963 2886/2967 2570/2640 2568/2638
f 2886/2967 2885/2966 2579/2649 2578/2648
f 2886/2967 2578/2648 2572/2642 2570/2640
f 2885/2966 2881/2962 2880/2961 2887/2968
f 2885/2966 2887/2968 2581/2651 2579/2649
f 2887/2968 2880/2961 2888/2969 2889/2970
f 2887/2968 2889/2970 2583/2653 2581/2651
f 2889/2970 2888/2969 2890/2971 2589/2659
f 2889/2970 2589/2659 2587/2657 2583/2653
f 2890/2971 2888/2969 2877/2958 2891/2972
f 2890/2971 2891/2972 2892/2973 2592/2662
f 2890/2971 2592/2662 2590/2660 2589/2659
f 2892/2973 2891/2972 2873/2954 2893/2974
f 2892/2973 2893/2974 2894/2975 2595/2665
f 2892/2973 2595/2665 2593/2663 2592/2662
f 2894/2975 2893/2974 2869/2950 2895/2976
f 2894/2975 2895/2976 2896/2977 2598/2668
f 2894/2975 2598/2668 2596/2666 2595/2665
f 2896/2977 2895/2976 2866/2946 2897/2978
f 2896/2977 2897/2978 2898/2979 2601/2671
f 2896/2977 2601/2671 2599/2669 2598/2668
f 2898/2979 2897/2978 2863/2942 2899/2980
f 2898/2979 2899/2980 2900/2981 2604/2674
f 2898/2979 2604/2674 2602/2672 2601/2671
f 2900/2981 2899/2980 2901/2982 2902/2983
f 2900/2981 2902/2983 2903/2984 2607/2677
f 2900/2981 2607/2677 2605/2675 2604/2674
f 2903/2984 2902/2983 2904/2985 2905/2986
f 2903/2984 2905/2986 2906/2987 2610/2680
f 2903/2984 2610/2680 2608/2678 2607/2677
f 2906/2987 2905/2986 2907/2988 2908/2989
f 2906/2987 2908/2989 2909/2990 2613/2683
f 2906/2987 2613/2683 2611/2681 2610/2680
f 2909/2990 2908/2989 2910/2991 2911/2992
f 2909/2990 2911/2992 2912/2993 2616/2686
f 2909/2990 2616/2686 2614/2684 2613/2683
f 2912/2993 2911/2992 2913/2994 2914/2995
f 2912/2993 2914/2995 2915/2996 2619/2689
f 2912/2993 2619/2689 2617/2687 2616/2686
f 2915/2996 2914/2995 2916/2997 2917/2998
f 2915/2996 2917/2998 2918/2999 2622/2692
f 2915/2996 2622/2692 2620/2690 2619/2689
f 2918/2999 2917/2998 2919/3000 2920/3001
f 2918/2999 2920/3001 2921/3002 2625/2695
f 2918/2999 2625/2695 2623/2693 2622/2692
f 2921/3002 2920/3001 2922/3003 2923/3004
f 2921/3002 2923/3004 2924/3005 2628/2698
f 2921/3002 2628/2698 2626/2696 2625/2695
f 2924/3005 2923/3004 2925/3006 2926/3007
f 2924/3005 2926/3007 2927/3008 2631/2701
f 2924/3005 2631/2701 2629/2699 2628/2698
f 2927/3008 2926/3007 2928/3009 2929/3010
f 2927/3008 2929/3010 2930/3011 2634/2704
f 2927/3008 2634/2704 2632/2702 2631/2701
f 2930/3011 2929/3010 2931/3012 2932/3013
f 2930/3011 2932/3013 2933/3014 2637/2707
f 2930/3011 2637/2707 2635/2705 2634/2704
f 2933/3014 2932/3013 2934/3015 2935/3016
f 2933/3014 2935/3016 2936/3017 2640/2710
f 2933/3014 2640/2710 2638/2708 2637/2707
f 2936/3017 2935/3016 2937/3018 2938/3019
f 2936/3017 2938/3019 2939/3020 2643/2713
f 2936/3017 2643/2713 2641/2711 2640/2710
f 2939/3020 2938/3019 2940/3021 2941/3022
f 2939/3020 2941/3022 2648/2718 2646/2716
f 2939/3020 2646/2716 2644/2714 2643/2713
f 2941/3022 2940/3021 2942/3023 2943/3024
f 2941/3022 2943/3024 2650/2720 2648/2718
f 2943/3024 2942/3023 2944/3025 2945/3026
f 2943/3024 2945/3026 2652/2722 2650/2720
f 2945/3026 2944/3025 2946/3027 2947/3028
f 2945/3026 2947/3028 2948/3029 2652/2722
f 2948/3029 2947/3028 2949/3030 2950/3031
f 2948/3029 2950/3031 2951/3032 2655/2725
f 2948/3029 2655/2725 2653/2723 2652/2722
f 2951/3032 2950/3031 2952/3033 2953/3034
f 2951/3032 2953/3034 2954/3035 2658/2728
f 2951/3032 2658/2728 2656/2726 2655/2725
f 2954/3035 2953/3034 2955/3036 2956/3037
f 2954/3035 2956/3037 2957/3038 2661/2731
f 2954/3035 2661/2731 2659/2729 2658/2728
f 2957/3038 2956/3037 2958/3039 2959/3040
f 2957/3038 2959/3040 2960/3041 2664/2734
f 2957/3038 2664/2734 2662/2732 2661/2731
f 2960/3041 2959/3040 2961/3042 2962/3043
f 2960/3041 2962/3043 2963/3044 2667/2737
f 2960/3041 2667/2737 2665/2735 2664/2734
f 2963/3044 2962/3043 2964/3045 2965/3046
f 2963/3044 2965/3046 2966/3047 2670/2740
f 2963/3044 2670/2740 2668/2738 2667/2737
f 2966/3047 2965/3046 2967/3048 2968/3049
f 2966/3047 2968/3049 2969/3050 2970/3051
f 2966/3047 2970/3051 2671/2741 2670/2740
f 2970/3051 2969/3050 2971/3052 2972/3053
f 2970/3051 2972/3053 2672/2742 2671/2741
f 2972/3053 2971/3052 2973/3054 2677/2747
f 2972/3053 2677/2747 2674/2744 2672/2742
f 2973/3054 2971/3052 2974/3055 2975/3056
f 2973/3054 2975/3056 2976/3057 2680/2750
f 2973/3054 2680/2750 2678/2748 2677/2747
f 2976/3057 2975/3056 2977/3058 2978/3059
f 2976/3057 2978/3059 2979/3060 2683/2753
f 2976/3057 2683/2753 2681/2751 2680/2750
f 2979/3060 2978/3059 2980/3061 2981/3062
f 2979/3060 2981/3062 2982/3063 2686/2756
f 2979/3060 2686/2756 2684/2754 2683/2753
f 2982/3063 2981/3062 2983/3064 2984/3065
f 2982/3063 2984/3065 2985/3066 2689/2759
f 2982/3063 2689/2759 2687/2757 2686/2756
f 2985/3066 2984/3065 2986/3067 2987/3068
f 2985/3066 2987/3068 2988/3069 2692/2762
f 2985/3066 2692/2762 2690/2760 2689/2759
f 2988/3069 2987/3068 2989/3070 2990/3071
f 2988/3069 2990/3071 2991/3072 2695/2765
f 2988/3069 2695/2765 2693/2763 2692/2762
f 2991/3072 2990/3071 2992/3073 2993/3074
f 2991/3072 2993/3074 2994/3075 2698/2768
f 2991/3072 2698/2768 2696/2766 2695/2765
f 2994/3075 2993/3074 2995/3076 2707/2782
f 2994/3075 2707/2782 2705/2779 2701/2771
f 2994/3075 2701/2771 2699/2769 2698/2768
f 2995/3076 2710/2785 2708/2783 2707/2782
f 2995/3076 2993/3074 2992/3073 2996/3077
f 2995/3076 2996/3077 2997/3078 2710/2785
f 2997/3078 2713/2788 2711/2786 2710/2785
f 2997/3078 2996/3077 2998/3079 2999/3080
f 2997/3078 2999/3080 3000/3081 2713/2788
f 3000/3081 2716/2791 2714/2789 2713/2788
f 3000/3081 2999/3080 3001/3082 3002/3083
f 3000/3081 3002/3083 2726/2801 2716/2791
f 3002/3083 3001/3082 3003/3084 2729/2804
f 3002/3083 2729/2804 2727/2802 2726/2801
f 3003/3084 3001/3082 3004/3085 3005/3086
f 3003/3084 3005/3086 3006/3087 3007/3088
f 3003/3084 3007/3088 2730/2805 2729/2804
f 3007/3088 3006/3087 2737/2812 2735/2810
f 3007/3088 2735/2810 2731/2806 2730/2805
f 3006/3087 3005/3086 3008/3089 3009/3090
f 3006/3087 3009/3090 3010/3091 2737/2812
f 3010/3091 2741/2816 2738/2813 2737/2812
f 3010/3091 3009/3090 3011/3092 3012/3093
f 3010/3091 3012/3093 3013/3094 2741/2816
f 3013/3094 2746/2821 2742/2817 2741/2816
f 3013/3094 3012/3093 3014/3095 3015/3096
f 3013/3094 3015/3096 3016/3097 2746/2821
f 3016/3097 2751/2826 2747/2822 2746/2821
f 3016/3097 3015/3096 3017/3098 3018/3099
f 3016/3097 3018/3099 3019/3100 2751/2826
f 3019/3100 2756/2831 2752/2827 2751/2826
f 3019/3100 3018/3099 3020/3101 3021/3102
f 3019/3100 3021/3102 3022/3103 2756/2831
f 3022/3103 2761/2836 2757/2832 2756/2831
f 3022/3103 3021/3102 3023/3104 3024/3105
f 3022/3103 3024/3105 3025/3106 2761/2836
f 3025/3106 2766/2841 2762/2837 2761/2836
f 3025/3106 3024/3105 3026/3107 3027/3108
f 3025/3106 3027/3108 3028/3109 2766/2841
f 3028/3109 2771/2846 2767/2842 2766/2841
f 3028/3109 3027/3108 3029/3110 3030/3111
f 3028/3109 3030/3111 3031/3112 2771/2846
f 3031/3112 2776/2851 2772/2847 2771/2846
f 3031/3112 3030/3111 3032/3113 3033/3114
f 3031/3112 3033/3114 3034/3115 2776/2851
f 3034/3115 2781/2856 2777/2852 2776/2851
f 3034/3115 3033/3114 3035/3116 3036/3117
f 3034/3115 3036/3117 3037/3118 2781/2856
f 3037/3118 2786/2861 2782/2857 2781/2856
f 3037/3118 3036/3117 3038/3119 3039/3120
f 3037/3118 3039/3120 3040/3121 2786/2861
f 3040/3121 2791/2866 2787/2862 2786/2861
f 3040/3121 3039/3120 3041/3122 3042/3123
f 3040/3121 3042/3123 3043/3124 2791/2866
f 3043/3124 2796/2871 2792/2867 2791/2866
f 3043/3124 3042/3123 3044/3125 3045/3126
f 3043/3124 3045/3126 3046/3127 2796/2871
f 3046/3127 2801/2876 2797/2872 2796/2871
f 3046/3127 3045/3126 3047/3128 3048/3129
f 3046/3127 3048/3129 3049/3130 2801/2876
f 3049/3130 2806/2881 2802/2877 2801/2876
f 3049/3130 3048/3129 3050/3131 3051/3132
f 3049/3130 3051/3132 3052/3133 2806/2881
f 3052/3133 2811/2886 2807/2882 2806/2881
f 3052/3133 3051/3132 3053/3134 3054/3135
f 3052/3133 3054/3135 3055/3136 2811/2886
f 3055/3136 2816/2891 2812/2887 2811/2886
f 3055/3136 3054/3135 3056/3137 3057/3138
f 3055/3136 3057/3138 3058/3139 2816/2891
f 3058/3139 2821/2896 2817/2892 2816/2891
f 3058/3139 3057/3138 3059/3140 3060/3141
f 3058/3139 3060/3141 3061/3142 2821/2896
f 3061/3142 2826/2901 2822/2897 2821/2896
f 3061/3142 3060/3141 3062/3143 3063/3144
f 3061/3142 3063/3144 3064/3145 2826/2901
f 3064/3145 2831/2906 2827/2902 2826/2901
f 3064/3145 3063/3144 3065/3146 3066/3147
f 3064/3145 3066/3147 3067/3148 2831/2906
f 3067/3148 2834/2909 2832/2907 2831/2906
f 3067/3148 3066/3147 3068/3149 3069/3150
f 3067/3148 3069/3150 2836/2911 2834/2909
f 3069/3150 3068/3149 3070/3151 3071/3152
f 3069/3150 3071/3152 2838/2913 2836/2911
f 3071/3152 3070/3151 3072/3153 3073/3154
f 3071/3152 3073/3154 2840/2915 2838/2913
f 3073/3154 3072/3153 3074/3155 3075/3156
f 3073/3154 3075/3156 2842/2917 2840/2915
f 3075/3156 3074/3155 2919/3000 3076/3157
f 3075/3156 3076/3157 3077/3158 2842/2917
f 3077/3158 2845/2920 2843/2918 2842/2917
f 3077/3158 3076/3157 2916/2997 3078/3159
f 3077/3158 3078/3159 3079/3160 2845/2920
f 3079/3160 2848/2923 2846/2921 2845/2920
f 3079/3160 3078/3159 2913/2994 3080/3161
f 3079/3160 3080/3161 3081/3162 2848/2923
f 3081/3162 2851/2926 2849/2924 2848/2923
f 3081/3162 3080/3161 2910/2991 3082/3163
f 3081/3162 3082/3163 3083/3164 2851/2926
f 3083/3164 2854/2929 2852/2927 2851/2926
f 3083/3164 3082/3163 2907/2988 3084/3165
f 3083/3164 3084/3165 3085/3166 2854/2929
f 3085/3166 2857/2933 2855/2930 2854/2929
f 3085/3166 3084/3165 2904/2985 3086/3167
f 3085/3166 3086/3167 2859/2936 2857/2933
f 3086/3167 2904/2985 2902/2983 2901/2982
f 3086/3167 2901/2982 2861/2939 2859/2936
f 3084/3165 2907/2988 2905/2986 2904/2985
f 3082/3163 2910/2991 2908/2989 2907/2988
f 3080/3161 2913/2994 2911/2992 2910/2991
f 3078/3159 2916/2997 2914/2995 2913/2994
f 3076/3157 2919/3000 2917/2998 2916/2997
f 3074/3155 3072/3153 3087/3168 2922/3003
f 3074/3155 2922/3003 2920/3001 2919/3000
f 3087/3168 3072/3153 3070/3151 3088/3169
f 3087/3168 3088/3169 3089/3170 2925/3006
f 3087/3168 2925/3006 2923/3004 2922/3003
f 3089/3170 3088/3169 3090/3171 3091/3172
f 3089/3170 3091/3172 3092/3173 2928/3009
f 3089/3170 2928/3009 2926/3007 2925/3006
f 3092/3173 3091/3172 3093/3174 3094/3175
f 3092/3173 3094/3175 3095/3176 2931/3012
f 3092/3173 2931/3012 2929/3010 2928/3009
f 3095/3176 3094/3175 3096/3177 3097/3178
f 3095/3176 3097/3178 3098/3179 2934/3015
f 3095/3176 2934/3015 2932/3013 2931/3012
f 3098/3179 3097/3178 3099/3180 3100/3181
f 3098/3179 3100/3181 3101/3182 2937/3018
f 3098/3179 2937/3018 2935/3016 2934/3015
f 3101/3182 3100/3181 3102/3183 3103/3184
f 3101/3182 3103/3184 2942/3023 2940/3021
f 3101/3182 2940/3021 2938/3019 2937/3018
f 3103/3184 3102/3183 3053/3134 3104/3185
f 3103/3184 3104/3185 2944/3025 2942/3023
f 3104/3185 3053/3134 3051/3132 3050/3131
f 3104/3185 3050/3131 2946/3027 2944/3025
f 3102/3183 3056/3137 3054/3135 3053/3134
f 3102/3183 3100/3181 3099/3180 3056/3137
f 3099/3180 3059/3140 3057/3138 3056/3137
f 3099/3180 3097/3178 3096/3177 3059/3140
f 3096/3177 3062/3143 3060/3141 3059/3140
f 3096/3177 3094/3175 3093/3174 3062/3143
f 3093/3174 3065/3146 3063/3144 3062/3143
f 3093/3174 3091/3172 3090/3171 3065/3146
f 3090/3171 3068/3149 3066/3147 3065/3146
f 3090/3171 3088/3169 3070/3151 3068/3149
f 3050/3131 3048/3129 3047/3128 2946/3027
f 3047/3128 3045/3126 3044/3125 2949/3030
f 3047/3128 2949/3030 2947/3028 2946/3027
f 3044/3125 3042/3123 3041/3122 2952/3033
f 3044/3125 2952/3033 2950/3031 2949/3030
f 3041/3122 3039/3120 3038/3119 2955/3036
f 3041/3122 2955/3036 2953/3034 2952/3033
f 3038/3119 3036/3117 3035/3116 2958/3039
f 3038/3119 2958/3039 2956/3037 2955/3036
f 3035/3116 3033/3114 3032/3113 2961/3042
f 3035/3116 2961/3042 2959/3040 2958/3039
f 3032/3113 3030/3111 3029/3110 2964/3045
f 3032/3113 2964/3045 2962/3043 2961/3042
f 3029/3110 3027/3108 3026/3107 2967/3048
f 3029/3110 2967/3048 2965/3046 2964/3045
f 3026/3107 3024/3105 3023/3104 3105/3186
f 3026/3107 3105/3186 2968/3049 2967/3048
f 3105/3186 3023/3104 3106/3187 3107/3188
f 3105/3186 3107/3188 2969/3050 2968/3049
f 3107/3188 3106/3187 3108/3189 2974/3055
f 3107/3188 2974/3055 2971/3052 2969/3050
f 3108/3189 3106/3187 3020/3101 3109/3190
f 3108/3189 3109/3190 3110/3191 2977/3058
f 3108/3189 2977/3058 2975/3056 2974/3055
f 3110/3191 3109/3190 3017/3098 3111/3192
f 3110/3191 3111/3192 3112/3193 2980/3061
f 3110/3191 2980/3061 2978/3059 2977/3058
f 3112/3193 3111/3192 3014/3095 3113/3194
f 3112/3193 3113/3194 3114/3195 2983/3064
f 3112/3193 2983/3064 2981/3062 2980/3061
f 3114/3195 3113/3194 3011/3092 3115/3196
f 3114/3195 3115/3196 3116/3197 2986/3067
f 3114/3195 2986/3067 2984/3065 2983/3064
f 3116/3197 3115/3196 3008/3089 3117/3198
f 3116/3197 3117/3198 3118/3199 2989/3070
f 3116/3197 2989/3070 2987/3068 2986/3067
f 3118/3199 3117/3198 3004/3085 2998/3079
f 3118/3199 2998/3079 2996/3077 2992/3073
f 3118/3199 2992/3073 2990/3071 2989/3070
f 3117/3198 3008/3089 3005/3086 3004/3085
f 3115/3196 3011/3092 3009/3090 3008/3089
f 3113/3194 3014/3095 3012/3093 3011/3092
f 3111/3192 3017/3098 3015/3096 3014/3095
f 3109/3190 3020/3101 3018/3099 3017/3098
f 3106/3187 3023/3104 3021/3102 3020/3101
f 3004/3085 3001/3082 2999/3080 2998/3079
f 2901/2982 2899/2980 2863/2942 2861/2939
f 2897/2978 2866/2946 2864/2943 2863/2942
f 2895/2976 2869/2950 2867/2947 2866/2946
f 2893/2974 2873/2954 2870/2951 2869/2950
f 2891/2972 2877/2958 2874/2955 2873/2954
f 2888/2969 2880/2961 2878/2959 2877/2958
f 2872/2953 2558/2628 2555/2625 2554/2624
f 2830/2905 2513/2580 2511/2578 2510/2577
f 2830/2905 2510/2577 2825/2900 2824/2899
f 2830/2905 2829/2904 2515/2582 2513/2580
f 2825/2900 2510/2577 2507/2574 2506/2573
f 2825/2900 2506/2573 2820/2895 2819/2894
f 2820/2895 2506/2573 2504/2571 3119/3200
f 2820/2895 3119/3200 2815/2890 2814/2889
f 3119/3200 2504/2571 2502/2569 3120/3201
f 3119/3200 3120/3201 3121/3202 2815/2890
f 3121/3202 3120/3201 3122/3203 3123/3204
f 3121/3202 3123/3204 3124/3205 2810/2885
f 3121/3202 2810/2885 2809/2884 2815/2890
f 3124/3205 3123/3204 3125/3206 3126/3207
f 3124/3205 3126/3207 3127/3208 2805/2880
f 3124/3205 2805/2880 2804/2879 2810/2885
f 3127/3208 3126/3207 3128/3209 3129/3210
f 3127/3208 3129/3210 3130/3211 2800/2875
f 3127/3208 2800/2875 2799/2874 2805/2880
f 3130/3211 3129/3210 3131/3212 3132/3213
f 3130/3211 3132/3213 3133/3214 2795/2870
f 3130/3211 2795/2870 2794/2869 2800/2875
f 3133/3214 3132/3213 3134/3215 3135/3216
f 3133/3214 3135/3216 3136/3217 2790/2865
f 3133/3214 2790/2865 2789/2864 2795/2870
f 3136/3217 3135/3216 3137/3218 3138/3219
f 3136/3217 3138/3219 3139/3220 2785/2860
f 3136/3217 2785/2860 2784/2859 2790/2865
f 3139/3220 3138/3219 3140/3221 3141/3222
f 3139/3220 3141/3222 3142/3223 2780/2855
f 3139/3220 2780/2855 2779/2854 2785/2860
f 3142/3223 3141/3222 3143/3224 3144/3225
f 3142/3223 3144/3225 3145/3226 2775/2850
f 3142/3223 2775/2850 2774/2849 2780/2855
f 3145/3226 3144/3225 3146/3227 3147/3228
f 3145/3226 3147/3228 3148/3229 2770/2845
f 3145/3226 2770/2845 2769/2844 2775/2850
f 3148/3229 3147/3228 3149/3230 3150/3231
f 3148/3229 3150/3231 3151/3232 2765/2840
f 3148/3229 2765/2840 2764/2839 2770/2845
f 3151/3232 3150/3231 3152/3233 3153/3234
f 3151/3232 3153/3234 3154/3235 2760/2835
f 3151/3232 2760/2835 2759/2834 2765/2840
f 3154/3235 3153/3234 3155/3236 3156/3237
f 3154/3235 3156/3237 3157/3238 2755/2830
f 3154/3235 2755/2830 2754/2829 2760/2835
f 3157/3238 3156/3237 3158/3239 3159/3240
f 3157/3238 3159/3240 3160/3241 2750/2825
f 3157/3238 2750/2825 2749/2824 2755/2830
f 3160/3241 3159/3240 3161/3242 3162/3243
f 3160/3241 3162/3243 52/35 2745/2820
f 3160/3241 2745/2820 2744/2819 2750/2825
f 3162/3243 3161/3242 103/98 112/107
f 3162/3243 112/107 50/33 52/35
f 3161/3242 3163/3244 104/99 103/98
f 3161/3242 3159/3240 3158/3239 3163/3244
f 3163/3244 3164/3245 3165/3246 104/99
f 3163/3244 3158/3239 3166/3247 3164/3245
f 3166/3247 3167/3248 3168/3249 3164/3245
f 3166/3247 3158/3239 3156/3237 3155/3236
f 3166/3247 3155/3236 3169/3250 3167/3248
f 3169/3250 3170/3251 3171/3252 3167/3248
f 3169/3250 3155/3236 3153/3234 3152/3233
f 3169/3250 3152/3233 3172/3253 3170/3251
f 3172/3253 3173/3254 3174/3255 3170/3251
f 3172/3253 3152/3233 3150/3231 3149/3230
f 3172/3253 3149/3230 3175/3256 3173/3254
f 3175/3256 3176/3257 3177/3258 3173/3254
f 3175/3256 3149/3230 3147/3228 3146/3227
f 3175/3256 3146/3227 3178/3259 3176/3257
f 3178/3259 3179/3260 3180/3261 3176/3257
f 3178/3259 3146/3227 3144/3225 3143/3224
f 3178/3259 3143/3224 3181/3262 3179/3260
f 3181/3262 3182/3263 3183/3264 3179/3260
f 3181/3262 3143/3224 3141/3222 3140/3221
f 3181/3262 3140/3221 3184/3265 3182/3263
f 3184/3265 3185/3266 3186/3267 3182/3263
f 3184/3265 3140/3221 3138/3219 3137/3218
f 3184/3265 3137/3218 3187/3268 3185/3266
f 3187/3268 3188/3269 3189/3270 3185/3266
f 3187/3268 3137/3218 3135/3216 3134/3215
f 3187/3268 3134/3215 3190/3271 3188/3269
f 3190/3271 3191/3272 3192/3273 3188/3269
f 3190/3271 3134/3215 3132/3213 3131/3212
f 3190/3271 3131/3212 3193/3274 3191/3272
f 3193/3274 3194/3275 3195/3276 3191/3272
f 3193/3274 3131/3212 3129/3210 3128/3209
f 3193/3274 3128/3209 3196/3277 3194/3275
f 3196/3277 3197/3278 2490/2557 3194/3275
f 3196/3277 3128/3209 3126/3207 3125/3206
f 3196/3277 3125/3206 3198/3279 3197/3278
f 3198/3279 2500/2567 2493/2560 3197/3278
f 3198/3279 3125/3206 3123/3204 3122/3203
f 3198/3279 3122/3203 2501/2568 2500/2567
f 3197/3278 2493/2560 2491/2558 2490/2557
f 3195/3276 2488/2555 2486/2553 3199/3280
f 3195/3276 3199/3280 3192/3273 3191/3272
f 3195/3276 3194/3275 2490/2557 2488/2555
f 3199/3280 2486/2553 2484/2551 2483/2550
f 3199/3280 2483/2550 3200/3281 3192/3273
f 3200/3281 2483/2550 2481/2548 2480/2547
f 3200/3281 2480/2547 3201/3282 3189/3270
f 3200/3281 3189/3270 3188/3269 3192/3273
f 3201/3282 2480/2547 2478/2545 2477/2544
f 3201/3282 2477/2544 3202/3283 3186/3267
f 3201/3282 3186/3267 3185/3266 3189/3270
f 3202/3283 2477/2544 2475/2542 2474/2541
f 3202/3283 2474/2541 3203/3284 3183/3264
f 3202/3283 3183/3264 3182/3263 3186/3267
f 3203/3284 2474/2541 2472/2539 2471/2538
f 3203/3284 2471/2538 3204/3285 3180/3261
f 3203/3284 3180/3261 3179/3260 3183/3264
f 3204/3285 2471/2538 2469/2536 2468/2535
f 3204/3285 2468/2535 3205/3286 3177/3258
f 3204/3285 3177/3258 3176/3257 3180/3261
f 3205/3286 2468/2535 2466/2533 2465/2532
f 3205/3286 2465/2532 3206/3287 3174/3255
f 3205/3286 3174/3255 3173/3254 3177/3258
f 3206/3287 2465/2532 2463/2530 2462/2529
f 3206/3287 2462/2529 3207/3288 3171/3252
f 3206/3287 3171/3252 3170/3251 3174/3255
f 3207/3288 2462/2529 2460/2527 2459/2526
f 3207/3288 2459/2526 3208/3289 3168/3249
f 3207/3288 3168/3249 3167/3248 3171/3252
f 3208/3289 2459/2526 2457/2524 2456/2523
f 3208/3289 2456/2523 3209/3290 3165/3246
f 3208/3289 3165/3246 3164/3245 3168/3249
f 3209/3290 2456/2523 2454/2521 2453/2520
f 3209/3290 2453/2520 106/101 105/100
f 3209/3290 105/100 104/99 3165/3246
f 3122/3203 3120/3201 2502/2569 2501/2568
f 2745/2820 52/35 49/32 2740/2815
f 2726/2801 2719/2794 2717/2792 2716/2791
f 2549/2619 2255/2316 46/28 43/25
f 2509/2576 2217/2275 141/142 140/141
f 2500/2567 2496/2563 2494/2561 2493/2560
f 2453/2520 2451/2518 2450/2517 106/101
f 2296/2357 2294/2355 67/56 66/55
f 2292/2353 2291/2352 62/51 67/56
f 2253/2314 2252/2313 45/27 44/26
f 2241/2302 1957/2009 1956/2008 2236/2295
f 2232/2290 1956/3291 1954/2005 97/91
f 2217/2275 2215/2273 2214/2272 141/142
f 1733/1779 1729/1775 1727/1773 1726/1772
f 1701/1747 693/708 305/3292 304/2001
f 693/708 692/707 306/714 305/3292
f 647/662 157/160 156/159 642/657
f 613/628 609/624 149/151 148/150
f 605/620 604/619 150/152 149/151
f 488/503 85/77 483/498 482/497
f 483/498 85/77 84/76 89/82
f 483/498 89/82 88/81 478/493
f 321/330 319/328 115/111 114/110
f 315/324 314/323 118/114 117/113
f 112/107 110/105 51/34 50/33
f 90/83 89/82 84/76 83/75
f 3210/3293 3218/3294 3219/3295 3220/3296
f 3210/3293 3221/3297 3222/3298 3218/3294
f 3210/3293 3220/3296 3223/3299 3221/3297
f 3211/3300 3224/3301 3225/3302 3226/3303
f 3211/3300 3227/3304 3228/3305 3224/3301
f 3211/3300 3226/3303 3229/3306 3227/3304
f 3212/3307 3230/3308 3231/3309 3232/3310
f 3212/3307 3233/3311 3234/3312 3230/3308
f 3212/3307 3232/3310 3235/3313 3233/3311
f 3213/3314 3236/3315 3237/3316 3238/3317
f 3213/3314 3238/3317 3239/3318 3240/3319
f 3213/3314 3240/3319 3241/3320 3236/3315
f 3214/3321 3242/3322 3243/3323 3244/3324
f 3214/3321 3245/3325 3246/3326 3242/3322
f 3214/3321 3244/3324 3247/3327 3245/3325
f 3215/3328 3248/3329 3249/3330 3250/3331
f 3215/3328 3250/3331 3251/3332 3252/3333
f 3215/3328 3252/3333 3253/3334 3248/3329
f 3216/3335 3254/3336 3255/3337 3256/3338
f 3216/3335 3257/3339 3258/3340 3254/3336
f 3216/3335 3256/3338 3259/3341 3257/3339
f 3217/3342 3260/3343 3261/3344 3262/3345
f 3217/3342 3263/3346 3264/3347 3260/3343
f 3217/3342 3262/3345 3265/3348 3263/3346
f 3265/3348 3266/3349 3267/3350 3268/3351
f 3265/3348 3268/3351 3269/3352 3263/3346
f 3265/3348 3262/3345 3270/3353 3266/3349
f 3270/3353 3271/3354 3272/3355 3266/3349
f 3270/3353 3262/3345 3261/3344 3273/3356
f 3270/3353 3273/3356 3274/3357 3271/3354
f 3274/3357 3275/3358 3276/3359 3271/3354
f 3274/3357 3273/3356 3277/3360 3278/3361
f 3274/3357 3278/3361 3279/3362 3275/3358
f 3279/3362 3280/3363 3281/3364 3275/3358
f 3279/3362 3278/3361 3282/3365 3283/3366
f 3279/3362 3283/3366 3284/3367 3280/3363
f 3284/3367 3285/3368 3286/3369 3280/3363
f 3284/3367 3283/3366 3287/3370 3288/3371
f 3284/3367 3288/3371 3289/3372 3285/3368
f 3289/3372 3290/3373 3291/3374 3285/3368
f 3289/3372 3288/3371 3292/3375 3293/3376
f 3289/3372 3293/3376 3294/3377 3290/3373
f 3294/3377 3295/3378 3296/3379 3290/3373
f 3294/3377 3293/3376 3297/3380 3298/3381
f 3294/3377 3298/3381 3299/3382 3295/3378
f 3299/3382 3300/3383 3301/3384 3295/3378
f 3299/3382 3298/3381 3302/3385 3303/3386
f 3299/3382 3303/3386 3304/3387 3300/3383
f 3304/3387 3305/3388 3306/3389 3300/3383
f 3304/3390 3303/3391 3307/3392 3308/3393
f 3304/3390 3308/3393 3309/3394 3305/3395
f 3309/3394 3310/3396 3311/3397 3305/3395
f 3309/3394 3308/3393 3312/3398 3313/3399
f 3309/3394 3313/3399 3314/3400 3310/3396
f 3314/3400 3315/3401 3316/3402 3310/3396
f 3314/3400 3313/3399 3317/3403 3318/3404
f 3314/3400 3318/3404 3319/3405 3315/3401
f 3319/3405 3320/3406 3321/3407 3315/3401
f 3319/3405 3318/3404 3322/3408 3323/3409
f 3319/3405 3323/3409 3324/3410 3320/3406
f 3324/3410 3325/3411 3326/3412 3320/3406
f 3324/3410 3323/3409 3327/3413 3328/3414
f 3324/3410 3328/3414 3329/3415 3325/3411
f 3329/3415 3330/3416 3331/3417 3325/3411
f 3329/3415 3328/3414 3332/3418 3333/3419
f 3329/3415 3333/3419 3334/3420 3330/3416
f 3334/3420 3335/3421 3336/3422 3330/3416
f 3334/3420 3333/3419 3337/3423 3338/3424
f 3334/3420 3338/3424 3339/3425 3335/3421
f 3339/3425 3340/3426 3341/3427 3335/3421
f 3339/3425 3338/3424 3342/3428 3343/3429
f 3339/3425 3343/3429 3344/3430 3340/3426
f 3344/3430 3345/3431 3346/3432 3340/3426
f 3344/3430 3343/3429 3347/3433 3348/3434
f 3344/3430 3348/3434 3349/3435 3345/3431
f 3349/3435 3350/3436 3351/3437 3345/3431
f 3349/3435 3348/3434 3352/3438 3353/3439
f 3349/3435 3353/3439 3354/3440 3350/3436
f 3354/3440 3355/3441 3356/3442 3350/3436
f 3354/3440 3353/3439 3357/3443 3358/3444
f 3354/3440 3358/3444 3359/3445 3355/3441
f 3359/3445 3360/3446 3361/3447 3355/3441
f 3359/3445 3358/3444 3362/3448 3363/3449
f 3359/3445 3363/3449 3364/3450 3360/3446
f 3364/3450 3365/3451 3366/3452 3360/3446
f 3364/3450 3363/3449 3367/3453 3368/3454
f 3364/3450 3368/3454 3369/3455 3365/3451
f 3369/3455 3370/3456 3371/3457 3365/3451
f 3369/3455 3368/3454 3372/3458 3373/3459
f 3369/3455 3373/3459 3374/3460 3370/3456
f 3374/3460 3375/3461 3376/3462 3370/3456
f 3374/3460 3373/3459 3377/3463 3378/3464
f 3374/3460 3378/3464 3379/3465 3375/3461
f 3379/3465 3380/3466 3381/3467 3375/3461
f 3379/3465 3378/3464 3382/3468 3383/3469
f 3379/3465 3383/3469 3384/3470 3380/3466
f 3384/3470 3385/3471 3386/3472 3380/3466
f 3384/3470 3383/3469 3387/3473 3388/3474
f 3384/3470 3388/3474 3389/3475 3385/3471
f 3389/3475 3390/3476 3391/3477 3385/3471
f 3389/3475 3388/3474 3392/3478 3393/3479
f 3389/3475 3393/3479 3394/3480 3390/3476
f 3394/3480 3395/3481 3396/3482 3390/3476
f 3394/3480 3393/3479 3397/3483 3398/3484
f 3394/3480 3398/3484 3399/3485 3395/3481
f 3399/3485 3400/3486 3251/3332 3395/3481
f 3399/3485 3398/3484 3401/3487 3402/3488
f 3399/3485 3402/3488 3403/3489 3400/3486
f 3403/3489 3402/3488 3404/3490 3405/3491
f 3403/3489 3405/3491 3406/3492 3407/3493
f 3403/3489 3407/3493 3408/3494 3400/3486
f 3408/3494 3252/3333 3251/3332 3400/3486
f 3408/3494 3407/3493 3409/3495 3410/3496
f 3408/3494 3410/3496 3253/3334 3252/3333
f 3410/3496 3409/3495 3411/3497 3412/3498
f 3410/3496 3412/3498 3413/3499 3253/3334
f 3413/3499 3414/3500 3248/3329 3253/3334
f 3413/3499 3412/3498 3415/3501 3416/3502
f 3413/3499 3416/3502 3417/3503 3414/3500
f 3417/3503 3416/3502 3418/3504 3419/3505
f 3417/3503 3419/3505 3420/3506 3421/3507
f 3417/3503 3421/3507 3422/3508 3414/3500
f 3422/3508 3421/3507 3423/3509 3424/3510
f 3422/3508 3424/3510 3425/3511 3249/3330
f 3422/3508 3249/3330 3248/3329 3414/3500
f 3425/3511 3424/3510 3426/3512 3391/3477
f 3425/3511 3391/3477 3390/3476 3396/3482
f 3425/3511 3396/3482 3250/3331 3249/3330
f 3426/3512 3424/3510 3423/3509 3427/3513
f 3426/3512 3427/3513 3428/3514 3386/3472
f 3426/3512 3386/3472 3385/3471 3391/3477
f 3428/3514 3427/3513 3429/3515 3430/3516
f 3428/3514 3430/3516 3431/3517 3381/3467
f 3428/3514 3381/3467 3380/3466 3386/3472
f 3431/3517 3430/3516 3432/3518 3433/3519
f 3431/3517 3433/3519 3434/3520 3376/3462
f 3431/3517 3376/3462 3375/3461 3381/3467
f 3434/3520 3433/3519 3435/3521 3436/3522
f 3434/3520 3436/3522 3437/3523 3371/3457
f 3434/3520 3371/3457 3370/3456 3376/3462
f 3437/3523 3436/3522 3438/3524 3439/3525
f 3437/3523 3439/3525 3440/3526 3366/3452
f 3437/3523 3366/3452 3365/3451 3371/3457
f 3440/3526 3439/3525 3441/3527 3442/3528
f 3440/3526 3442/3528 3443/3529 3361/3447
f 3440/3526 3361/3447 3360/3446 3366/3452
f 3443/3529 3442/3528 3444/3530 3445/3531
f 3443/3529 3445/3531 3446/3532 3356/3442
f 3443/3529 3356/3442 3355/3441 3361/3447
f 3446/3532 3445/3531 3447/3533 3448/3534
f 3446/3532 3448/3534 3449/3535 3351/3437
f 3446/3532 3351/3437 3350/3436 3356/3442
f 3449/3535 3448/3534 3450/3536 3451/3537
f 3449/3535 3451/3537 3452/3538 3346/3432
f 3449/3535 3346/3432 3345/3431 3351/3437
f 3452/3538 3451/3537 3453/3539 3454/3540
f 3452/3538 3454/3540 3455/3541 3341/3427
f 3452/3538 3341/3427 3340/3426 3346/3432
f 3455/3541 3454/3540 3456/3542 3457/3543
f 3455/3541 3457/3543 3458/3544 3336/3422
f 3455/3541 3336/3422 3335/3421 3341/3427
f 3458/3544 3457/3543 3459/3545 3460/3546
f 3458/3544 3460/3546 3461/3547 3331/3417
f 3458/3544 3331/3417 3330/3416 3336/3422
f 3461/3547 3460/3546 3462/3548 3463/3549
f 3461/3547 3463/3549 3464/3550 3326/3412
f 3461/3547 3326/3412 3325/3411 3331/3417
f 3464/3550 3463/3549 3465/3551 3466/3552
f 3464/3550 3466/3552 3467/3553 3321/3407
f 3464/3550 3321/3407 3320/3406 3326/3412
f 3467/3553 3466/3552 3468/3554 3469/3555
f 3467/3553 3469/3555 3470/3556 3316/3402
f 3467/3553 3316/3402 3315/3401 3321/3407
f 3470/3557 3469/3558 3471/3559 3472/3560
f 3470/3557 3472/3560 3473/3561 3311/3562
f 3470/3556 3311/3397 3310/3396 3316/3402
f 3473/3561 3472/3560 3474/3563 3475/3564
f 3473/3561 3475/3564 3476/3565 3306/3389
f 3473/3561 3306/3389 3305/3388 3311/3562
f 3476/3565 3475/3564 3477/3566 3478/3567
f 3476/3565 3478/3567 3479/3568 3301/3384
f 3476/3565 3301/3384 3300/3383 3306/3389
f 3479/3568 3478/3567 3480/3569 3481/3570
f 3479/3568 3481/3570 3482/3571 3296/3379
f 3479/3568 3296/3379 3295/3378 3301/3384
f 3482/3571 3481/3570 3483/3572 3484/3573
f 3482/3571 3484/3573 3485/3574 3291/3374
f 3482/3571 3291/3374 3290/3373 3296/3379
f 3485/3574 3484/3573 3486/3575 3487/3576
f 3485/3574 3487/3576 3488/3577 3286/3369
f 3485/3574 3286/3369 3285/3368 3291/3374
f 3488/3577 3487/3576 3489/3578 3490/3579
f 3488/3577 3490/3579 3491/3580 3281/3364
f 3488/3577 3281/3364 3280/3363 3286/3369
f 3491/3580 3490/3579 3492/3581 3493/3582
f 3491/3580 3493/3582 3494/3583 3276/3359
f 3491/3580 3276/3359 3275/3358 3281/3364
f 3494/3583 3493/3582 3495/3584 3496/3585
f 3494/3583 3496/3585 3497/3586 3272/3355
f 3494/3583 3272/3355 3271/3354 3276/3359
f 3497/3586 3496/3585 3498/3587 3499/3588
f 3497/3586 3499/3588 3500/3589 3267/3350
f 3497/3586 3267/3350 3266/3349 3272/3355
f 3500/3589 3499/3588 3501/3590 3502/3591
f 3500/3589 3502/3591 3503/3592 3504/3593
f 3500/3589 3504/3593 3268/3351 3267/3350
f 3504/3593 3503/3592 3505/3594 3506/3595
f 3504/3593 3506/3595 3269/3352 3268/3351
f 3506/3595 3505/3594 3507/3596 3508/3597
f 3506/3595 3508/3597 3509/3598 3269/3352
f 3509/3598 3508/3597 3510/3599 3511/3600
f 3509/3598 3511/3600 3512/3601 3264/3347
f 3509/3598 3264/3347 3263/3346 3269/3352
f 3512/3601 3513/3602 3260/3343 3264/3347
f 3512/3601 3511/3600 3514/3603 3515/3604
f 3512/3601 3515/3604 3516/3605 3513/3602
f 3516/3605 3517/3606 3518/3607 3513/3602
f 3516/3605 3515/3604 3519/3608 3520/3609
f 3516/3605 3520/3609 3521/3610 3517/3606
f 3521/3610 3522/3611 3523/3612 3517/3606
f 3521/3610 3520/3609 3524/3613 3525/3614
f 3521/3610 3525/3614 3526/3615 3522/3611
f 3526/3615 3527/3616 3528/3617 3522/3611
f 3526/3615 3525/3614 3529/3618 3530/3619
f 3526/3615 3530/3619 3531/3620 3527/3616
f 3531/3620 3532/3621 3533/3622 3527/3616
f 3531/3620 3530/3619 3534/3623 3535/3624
f 3531/3620 3535/3624 3536/3625 3532/3621
f 3536/3625 3537/3626 3538/3627 3532/3621
f 3536/3628 3535/3629 3539/3630 3540/3631
f 3536/3628 3540/3631 3541/3632 3537/3633
f 3541/3632 3542/3634 3543/3635 3537/3633
f 3541/3632 3540/3631 3544/3636 3545/3637
f 3541/3632 3545/3637 3546/3638 3542/3634
f 3546/3638 3547/3639 3548/3640 3542/3634
f 3546/3638 3545/3637 3549/3641 3550/3642
f 3546/3638 3550/3642 3551/3643 3547/3639
f 3551/3643 3552/3644 3553/3645 3547/3639
f 3551/3643 3550/3642 3554/3646 3555/3647
f 3551/3643 3555/3647 3556/3648 3552/3644
f 3556/3648 3557/3649 3558/3650 3552/3644
f 3556/3648 3555/3647 3559/3651 3560/3652
f 3556/3648 3560/3652 3561/3653 3557/3649
f 3561/3653 3562/3654 3563/3655 3557/3649
f 3561/3653 3560/3652 3564/3656 3565/3657
f 3561/3653 3565/3657 3566/3658 3562/3654
f 3566/3658 3567/3659 3568/3660 3562/3654
f 3566/3658 3565/3657 3569/3661 3570/3662
f 3566/3658 3570/3662 3571/3663 3567/3659
f 3571/3663 3572/3664 3573/3665 3567/3659
f 3571/3663 3570/3662 3574/3666 3575/3667
f 3571/3663 3575/3667 3576/3668 3572/3664
f 3576/3668 3577/3669 3578/3670 3572/3664
f 3576/3668 3575/3667 3579/3671 3580/3672
f 3576/3668 3580/3672 3581/3673 3577/3669
f 3581/3673 3582/3674 3583/3675 3577/3669
f 3581/3673 3580/3672 3584/3676 3585/3677
f 3581/3673 3585/3677 3586/3678 3582/3674
f 3586/3678 3587/3679 3588/3680 3582/3674
f 3586/3678 3585/3677 3589/3681 3590/3682
f 3586/3678 3590/3682 3591/3683 3587/3679
f 3591/3683 3592/3684 3593/3685 3587/3679
f 3591/3683 3590/3682 3594/3686 3595/3687
f 3591/3683 3595/3687 3596/3688 3592/3684
f 3596/3688 3597/3689 3598/3690 3592/3684
f 3596/3688 3595/3687 3599/3691 3600/3692
f 3596/3688 3600/3692 3601/3693 3597/3689
f 3601/3693 3602/3694 3603/3695 3597/3689
f 3601/3693 3600/3692 3604/3696 3605/3697
f 3601/3693 3605/3697 3606/3698 3602/3694
f 3606/3698 3607/3699 3608/3700 3602/3694
f 3606/3698 3605/3697 3609/3701 3610/3702
f 3606/3698 3610/3702 3611/3703 3607/3699
f 3611/3703 3612/3704 3613/3705 3607/3699
f 3611/3703 3610/3702 3614/3706 3615/3707
f 3611/3703 3615/3707 3616/3708 3612/3704
f 3616/3708 3617/3709 3618/3710 3612/3704
f 3616/3708 3615/3707 3619/3711 3620/3712
f 3616/3708 3620/3712 3621/3713 3617/3709
f 3621/3713 3622/3714 3623/3715 3617/3709
f 3621/3713 3620/3712 3624/3716 3625/3717
f 3621/3713 3625/3717 3626/3718 3622/3714
f 3626/3718 3627/3719 3628/3720 3622/3714
f 3626/3718 3625/3717 3629/3721 3630/3722
f 3626/3718 3630/3722 3631/3723 3627/3719
f 3631/3723 3632/3724 3633/3725 3627/3719
f 3631/3723 3630/3722 3634/3726 3635/3727
f 3631/3723 3635/3727 3636/3728 3632/3724
f 3636/3728 3637/3729 3638/3730 3632/3724
f 3636/3728 3635/3727 3639/3731 3640/3732
f 3636/3728 3640/3732 3641/3733 3637/3729
f 3641/3733 3642/3734 3643/3735 3637/3729
f 3641/3733 3640/3732 3644/3736 3645/3737
f 3641/3733 3645/3737 3646/3738 3642/3734
f 3646/3738 3647/3739 3648/3740 3642/3734
f 3646/3738 3645/3737 3649/3741 3650/3742
f 3646/3738 3650/3742 3651/3743 3647/3739
f 3651/3743 3650/3742 3652/3744 3653/3745
f 3651/3743 3653/3745 3654/3746 3655/3747
f 3651/3743 3655/3747 3656/3748 3647/3739
f 3656/3748 3404/3490 3648/3740 3647/3739
f 3656/3748 3655/3747 3657/3749 3658/3750
f 3656/3748 3658/3750 3405/3491 3404/3490
f 3658/3750 3657/3749 3659/3751 3660/3752
f 3658/3750 3660/3752 3406/3492 3405/3491
f 3660/3752 3659/3751 3661/3753 3662/3754
f 3660/3752 3662/3754 3663/3755 3406/3492
f 3663/3755 3409/3495 3407/3493 3406/3492
f 3663/3755 3662/3754 3664/3756 3665/3757
f 3663/3755 3665/3757 3411/3497 3409/3495
f 3665/3757 3664/3756 3666/3758 3667/3759
f 3665/3757 3667/3759 3668/3760 3411/3497
f 3668/3760 3415/3501 3412/3498 3411/3497
f 3668/3760 3667/3759 3669/3761 3670/3762
f 3668/3760 3670/3762 3671/3763 3415/3501
f 3671/3763 3418/3504 3416/3502 3415/3501
f 3671/3763 3670/3762 3672/3764 3673/3765
f 3671/3763 3673/3765 3674/3766 3418/3504
f 3674/3766 3673/3765 3675/3767 3676/3768
f 3674/3766 3676/3768 3677/3769 3678/3770
f 3674/3766 3678/3770 3419/3505 3418/3504
f 3678/3770 3677/3769 3679/3771 3680/3772
f 3678/3770 3680/3772 3420/3506 3419/3505
f 3680/3772 3679/3771 3681/3773 3682/3774
f 3680/3772 3682/3774 3683/3775 3420/3506
f 3683/3775 3682/3774 3684/3776 3429/3515
f 3683/3775 3429/3515 3427/3513 3423/3509
f 3683/3775 3423/3509 3421/3507 3420/3506
f 3684/3776 3682/3774 3681/3773 3685/3777
f 3684/3776 3685/3777 3686/3778 3432/3518
f 3684/3776 3432/3518 3430/3516 3429/3515
f 3686/3778 3685/3777 3687/3779 3688/3780
f 3686/3778 3688/3780 3689/3781 3435/3521
f 3686/3778 3435/3521 3433/3519 3432/3518
f 3689/3781 3688/3780 3690/3782 3691/3783
f 3689/3781 3691/3783 3692/3784 3438/3524
f 3689/3781 3438/3524 3436/3522 3435/3521
f 3692/3784 3691/3783 3693/3785 3694/3786
f 3692/3784 3694/3786 3695/3787 3441/3527
f 3692/3784 3441/3527 3439/3525 3438/3524
f 3695/3787 3694/3786 3696/3788 3697/3789
f 3695/3787 3697/3789 3698/3790 3444/3530
f 3695/3787 3444/3530 3442/3528 3441/3527
f 3698/3790 3697/3789 3699/3791 3700/3792
f 3698/3790 3700/3792 3701/3793 3447/3533
f 3698/3790 3447/3533 3445/3531 3444/3530
f 3701/3793 3700/3792 3702/3794 3703/3795
f 3701/3793 3703/3795 3704/3796 3450/3536
f 3701/3793 3450/3536 3448/3534 3447/3533
f 3704/3796 3703/3795 3705/3797 3706/3798
f 3704/3796 3706/3798 3707/3799 3453/3539
f 3704/3796 3453/3539 3451/3537 3450/3536
f 3707/3799 3706/3798 3708/3800 3709/3801
f 3707/3799 3709/3801 3710/3802 3456/3542
f 3707/3799 3456/3542 3454/3540 3453/3539
f 3710/3802 3709/3801 3711/3803 3712/3804
f 3710/3802 3712/3804 3713/3805 3459/3545
f 3710/3802 3459/3545 3457/3543 3456/3542
f 3713/3805 3712/3804 3714/3806 3715/3807
f 3713/3805 3715/3807 3716/3808 3462/3548
f 3713/3805 3462/3548 3460/3546 3459/3545
f 3716/3808 3715/3807 3717/3809 3718/3810
f 3716/3808 3718/3810 3719/3811 3465/3551
f 3716/3808 3465/3551 3463/3549 3462/3548
f 3719/3812 3718/3813 3720/3814 3721/3815
f 3719/3812 3721/3815 3722/3816 3468/3817
f 3719/3811 3468/3554 3466/3552 3465/3551
f 3722/3816 3721/3815 3723/3818 3724/3819
f 3722/3816 3724/3819 3725/3820 3471/3559
f 3722/3816 3471/3559 3469/3558 3468/3817
f 3725/3820 3724/3819 3726/3821 3727/3822
f 3725/3820 3727/3822 3728/3823 3474/3563
f 3725/3820 3474/3563 3472/3560 3471/3559
f 3728/3823 3727/3822 3729/3824 3730/3825
f 3728/3823 3730/3825 3731/3826 3477/3566
f 3728/3823 3477/3566 3475/3564 3474/3563
f 3731/3826 3730/3825 3732/3827 3733/3828
f 3731/3826 3733/3828 3734/3829 3480/3569
f 3731/3826 3480/3569 3478/3567 3477/3566
f 3734/3829 3733/3828 3735/3830 3736/3831
f 3734/3829 3736/3831 3737/3832 3483/3572
f 3734/3829 3483/3572 3481/3570 3480/3569
f 3737/3832 3736/3831 3738/3833 3739/3834
f 3737/3832 3739/3834 3740/3835 3486/3575
f 3737/3832 3486/3575 3484/3573 3483/3572
f 3740/3835 3739/3834 3741/3836 3742/3837
f 3740/3835 3742/3837 3743/3838 3489/3578
f 3740/3835 3489/3578 3487/3576 3486/3575
f 3743/3838 3742/3837 3744/3839 3745/3840
f 3743/3838 3745/3840 3746/3841 3492/3581
f 3743/3838 3492/3581 3490/3579 3489/3578
f 3746/3841 3745/3840 3747/3842 3748/3843
f 3746/3841 3748/3843 3749/3844 3495/3584
f 3746/3841 3495/3584 3493/3582 3492/3581
f 3749/3844 3748/3843 3750/3845 3751/3846
f 3749/3844 3751/3846 3752/3847 3498/3587
f 3749/3844 3498/3587 3496/3585 3495/3584
f 3752/3847 3751/3846 3753/3848 3754/3849
f 3752/3847 3754/3849 3755/3850 3501/3590
f 3752/3847 3501/3590 3499/3588 3498/3587
f 3755/3850 3754/3849 3756/3851 3757/3852
f 3755/3850 3757/3852 3758/3853 3759/3854
f 3755/3850 3759/3854 3502/3591 3501/3590
f 3759/3854 3758/3853 3760/3855 3761/3856
f 3759/3854 3761/3856 3503/3592 3502/3591
f 3761/3856 3760/3855 3762/3857 3763/3858
f 3761/3856 3763/3858 3505/3594 3503/3592
f 3763/3858 3762/3857 3764/3859 3765/3860
f 3763/3858 3765/3860 3507/3596 3505/3594
f 3765/3860 3764/3859 3766/3861 3767/3862
f 3765/3860 3767/3862 3768/3863 3507/3596
f 3768/3863 3767/3862 3769/3864 3770/3865
f 3768/3863 3770/3865 3771/3866 3510/3599
f 3768/3863 3510/3599 3508/3597 3507/3596
f 3771/3866 3770/3865 3772/3867 3773/3868
f 3771/3866 3773/3868 3774/3869 3514/3603
f 3771/3866 3514/3603 3511/3600 3510/3599
f 3774/3869 3519/3608 3515/3604 3514/3603
f 3774/3869 3773/3868 3775/3870 3776/3871
f 3774/3869 3776/3871 3777/3872 3519/3608
f 3777/3872 3524/3613 3520/3609 3519/3608
f 3777/3872 3776/3871 3778/3873 3779/3874
f 3777/3872 3779/3874 3780/3875 3524/3613
f 3780/3875 3529/3618 3525/3614 3524/3613
f 3780/3875 3779/3874 3781/3876 3782/3877
f 3780/3875 3782/3877 3783/3878 3529/3618
f 3783/3878 3534/3623 3530/3619 3529/3618
f 3783/3879 3782/3880 3784/3881 3785/3882
f 3783/3879 3785/3882 3786/3883 3534/3884
f 3786/3883 3539/3630 3535/3629 3534/3884
f 3786/3883 3785/3882 3787/3885 3788/3886
f 3786/3883 3788/3886 3789/3887 3539/3630
f 3789/3887 3544/3636 3540/3631 3539/3630
f 3789/3887 3788/3886 3790/3888 3791/3889
f 3789/3887 3791/3889 3792/3890 3544/3636
f 3792/3890 3549/3641 3545/3637 3544/3636
f 3792/3890 3791/3889 3793/3891 3794/3892
f 3792/3890 3794/3892 3795/3893 3549/3641
f 3795/3893 3554/3646 3550/3642 3549/3641
f 3795/3893 3794/3892 3796/3894 3797/3895
f 3795/3893 3797/3895 3798/3896 3554/3646
f 3798/3896 3559/3651 3555/3647 3554/3646
f 3798/3896 3797/3895 3799/3897 3800/3898
f 3798/3896 3800/3898 3801/3899 3559/3651
f 3801/3899 3564/3656 3560/3652 3559/3651
f 3801/3899 3800/3898 3802/3900 3803/3901
f 3801/3899 3803/3901 3804/3902 3564/3656
f 3804/3902 3569/3661 3565/3657 3564/3656
f 3804/3902 3803/3901 3805/3903 3806/3904
f 3804/3902 3806/3904 3807/3905 3569/3661
f 3807/3905 3574/3666 3570/3662 3569/3661
f 3807/3905 3806/3904 3808/3906 3809/3907
f 3807/3905 3809/3907 3810/3908 3574/3666
f 3810/3908 3579/3671 3575/3667 3574/3666
f 3810/3908 3809/3907 3811/3909 3812/3910
f 3810/3908 3812/3910 3813/3911 3579/3671
f 3813/3911 3584/3676 3580/3672 3579/3671
f 3813/3911 3812/3910 3814/3912 3815/3913
f 3813/3911 3815/3913 3816/3914 3584/3676
f 3816/3914 3589/3681 3585/3677 3584/3676
f 3816/3914 3815/3913 3817/3915 3818/3916
f 3816/3914 3818/3916 3819/3917 3589/3681
f 3819/3917 3594/3686 3590/3682 3589/3681
f 3819/3917 3818/3916 3820/3918 3821/3919
f 3819/3917 3821/3919 3822/3920 3594/3686
f 3822/3920 3599/3691 3595/3687 3594/3686
f 3822/3920 3821/3919 3823/3921 3824/3922
f 3822/3920 3824/3922 3825/3923 3599/3691
f 3825/3923 3604/3696 3600/3692 3599/3691
f 3825/3923 3824/3922 3826/3924 3827/3925
f 3825/3923 3827/3925 3828/3926 3604/3696
f 3828/3926 3609/3701 3605/3697 3604/3696
f 3828/3926 3827/3925 3829/3927 3830/3928
f 3828/3926 3830/3928 3831/3929 3609/3701
f 3831/3929 3614/3706 3610/3702 3609/3701
f 3831/3929 3830/3928 3832/3930 3833/3931
f 3831/3929 3833/3931 3834/3932 3614/3706
f 3834/3932 3619/3711 3615/3707 3614/3706
f 3834/3932 3833/3931 3835/3933 3836/3934
f 3834/3932 3836/3934 3837/3935 3619/3711
f 3837/3935 3624/3716 3620/3712 3619/3711
f 3837/3935 3836/3934 3838/3936 3839/3937
f 3837/3935 3839/3937 3840/3938 3624/3716
f 3840/3938 3629/3721 3625/3717 3624/3716
f 3840/3938 3839/3937 3841/3939 3842/3940
f 3840/3938 3842/3940 3843/3941 3629/3721
f 3843/3941 3634/3726 3630/3722 3629/3721
f 3843/3941 3842/3940 3844/3942 3845/3943
f 3843/3941 3845/3943 3846/3944 3634/3726
f 3846/3944 3639/3731 3635/3727 3634/3726
f 3846/3944 3845/3943 3847/3945 3848/3946
f 3846/3944 3848/3946 3849/3947 3639/3731
f 3849/3947 3644/3736 3640/3732 3639/3731
f 3849/3947 3848/3946 3850/3948 3851/3949
f 3849/3947 3851/3949 3852/3950 3644/3736
f 3852/3950 3649/3741 3645/3737 3644/3736
f 3852/3950 3851/3949 3853/3951 3854/3952
f 3852/3950 3854/3952 3855/3953 3649/3741
f 3855/3953 3652/3744 3650/3742 3649/3741
f 3855/3953 3854/3952 3856/3954 3857/3955
f 3855/3953 3857/3955 3858/3956 3652/3744
f 3858/3956 3857/3955 3220/3296 3219/3295
f 3858/3956 3219/3295 3859/3957 3860/3958
f 3858/3956 3860/3958 3653/3745 3652/3744
f 3860/3958 3859/3957 3861/3959 3862/3960
f 3860/3958 3862/3960 3654/3746 3653/3745
f 3862/3960 3861/3959 3863/3961 3864/3962
f 3862/3960 3864/3962 3865/3963 3654/3746
f 3865/3963 3657/3749 3655/3747 3654/3746
f 3865/3963 3864/3962 3866/3964 3867/3965
f 3865/3963 3867/3965 3659/3751 3657/3749
f 3867/3965 3866/3964 3868/3966 3869/3967
f 3867/3965 3869/3967 3661/3753 3659/3751
f 3869/3967 3868/3966 3870/3968 3871/3969
f 3869/3967 3871/3969 3872/3970 3661/3753
f 3872/3970 3664/3756 3662/3754 3661/3753
f 3872/3970 3871/3969 3873/3971 3874/3972
f 3872/3970 3874/3972 3666/3758 3664/3756
f 3874/3972 3873/3971 3875/3973 3876/3974
f 3874/3972 3876/3974 3877/3975 3666/3758
f 3877/3975 3669/3761 3667/3759 3666/3758
f 3877/3975 3876/3974 3878/3976 3879/3977
f 3877/3975 3879/3977 3880/3978 3669/3761
f 3880/3978 3672/3764 3670/3762 3669/3761
f 3880/3978 3879/3977 3881/3979 3882/3980
f 3880/3978 3882/3980 3883/3981 3672/3764
f 3883/3981 3675/3767 3673/3765 3672/3764
f 3883/3981 3882/3980 3884/3982 3885/3983
f 3883/3981 3885/3983 3886/3984 3675/3767
f 3886/3984 3887/3985 3676/3768 3675/3767
f 3886/3984 3885/3983 3888/3986 3889/3987
f 3886/3984 3889/3987 3890/3988 3887/3985
f 3890/3988 3889/3987 3891/3989 3892/3990
f 3890/3988 3892/3990 3893/3991 3894/3992
f 3890/3988 3894/3992 3895/3993 3887/3985
f 3895/3993 3894/3992 3896/3994 3897/3995
f 3895/3993 3897/3995 3679/3771 3677/3769
f 3895/3993 3677/3769 3676/3768 3887/3985
f 3897/3996 3896/3997 3898/3998 3899/3999
f 3897/3996 3899/3999 3681/3773 3679/3771
f 3899/3999 3898/3998 3900/4000 3687/3779
f 3899/3999 3687/3779 3685/3777 3681/3773
f 3900/4000 3898/3998 3901/4001 3902/4002
f 3900/4000 3902/4002 3903/4003 3690/3782
f 3900/4000 3690/3782 3688/3780 3687/3779
f 3903/4003 3902/4002 3904/4004 3905/4005
f 3903/4003 3905/4005 3906/4006 3693/3785
f 3903/4003 3693/3785 3691/3783 3690/3782
f 3906/4006 3905/4005 3907/4007 3908/4008
f 3906/4006 3908/4008 3909/4009 3696/3788
f 3906/4006 3696/3788 3694/3786 3693/3785
f 3909/4009 3908/4008 3910/4010 3911/4011
f 3909/4009 3911/4011 3912/4012 3699/3791
f 3909/4009 3699/3791 3697/3789 3696/3788
f 3912/4012 3911/4011 3913/4013 3914/4014
f 3912/4012 3914/4014 3915/4015 3702/3794
f 3912/4012 3702/3794 3700/3792 3699/3791
f 3915/4015 3914/4014 3916/4016 3917/4017
f 3915/4015 3917/4017 3918/4018 3705/3797
f 3915/4015 3705/3797 3703/3795 3702/3794
f 3918/4018 3917/4017 3919/4019 3920/4020
f 3918/4018 3920/4020 3921/4021 3708/3800
f 3918/4018 3708/3800 3706/3798 3705/3797
f 3921/4021 3920/4020 3922/4022 3923/4023
f 3921/4021 3923/4023 3924/4024 3711/3803
f 3921/4021 3711/3803 3709/3801 3708/3800
f 3924/4024 3923/4023 3925/4025 3926/4026
f 3924/4024 3926/4026 3927/4027 3714/3806
f 3924/4024 3714/3806 3712/3804 3711/3803
f 3927/4028 3926/4029 3928/4030 3929/4031
f 3927/4028 3929/4031 3930/4032 3717/4033
f 3927/4027 3717/3809 3715/3807 3714/3806
f 3930/4032 3929/4031 3931/4034 3932/4035
f 3930/4032 3932/4035 3933/4036 3720/3814
f 3930/4032 3720/3814 3718/3813 3717/4033
f 3933/4036 3932/4035 3934/4037 3935/4038
f 3933/4036 3935/4038 3936/4039 3723/3818
f 3933/4036 3723/3818 3721/3815 3720/3814
f 3936/4039 3935/4038 3937/4040 3938/4041
f 3936/4039 3938/4041 3939/4042 3726/3821
f 3936/4039 3726/3821 3724/3819 3723/3818
f 3939/4042 3938/4041 3940/4043 3941/4044
f 3939/4042 3941/4044 3942/4045 3729/3824
f 3939/4042 3729/3824 3727/3822 3726/3821
f 3942/4045 3941/4044 3943/4046 3944/4047
f 3942/4045 3944/4047 3945/4048 3732/3827
f 3942/4045 3732/3827 3730/3825 3729/3824
f 3945/4048 3944/4047 3946/4049 3947/4050
f 3945/4048 3947/4050 3948/4051 3735/3830
f 3945/4048 3735/3830 3733/3828 3732/3827
f 3948/4051 3947/4050 3949/4052 3950/4053
f 3948/4051 3950/4053 3951/4054 3738/3833
f 3948/4051 3738/3833 3736/3831 3735/3830
f 3951/4054 3950/4053 3952/4055 3953/4056
f 3951/4054 3953/4056 3954/4057 3741/3836
f 3951/4054 3741/3836 3739/3834 3738/3833
f 3954/4057 3953/4056 3955/4058 3956/4059
f 3954/4057 3956/4059 3957/4060 3744/3839
f 3954/4057 3744/3839 3742/3837 3741/3836
f 3957/4060 3956/4059 3958/4061 3959/4062
f 3957/4060 3959/4062 3960/4063 3747/3842
f 3957/4060 3747/3842 3745/3840 3744/3839
f 3960/4063 3959/4062 3961/4064 3962/4065
f 3960/4063 3962/4065 3963/4066 3750/3845
f 3960/4063 3750/3845 3748/3843 3747/3842
f 3963/4066 3962/4065 3964/4067 3965/4068
f 3963/4066 3965/4068 3966/4069 3753/3848
f 3963/4066 3753/3848 3751/3846 3750/3845
f 3966/4069 3965/4068 3967/4070 3968/4071
f 3966/4069 3968/4071 3969/4072 3756/3851
f 3966/4069 3756/3851 3754/3849 3753/3848
f 3969/4072 3968/4071 3970/4073 3971/4074
f 3969/4072 3971/4074 3972/4075 3973/4076
f 3969/4072 3973/4076 3757/3852 3756/3851
f 3973/4076 3972/4075 3974/4077 3975/4078
f 3973/4076 3975/4078 3758/3853 3757/3852
f 3975/4078 3974/4077 3976/4079 3977/4080
f 3975/4078 3977/4080 3760/3855 3758/3853
f 3977/4080 3976/4079 3978/4081 3979/4082
f 3977/4080 3979/4082 3762/3857 3760/3855
f 3979/4082 3978/4081 3980/4083 3981/4084
f 3979/4082 3981/4084 3764/3859 3762/3857
f 3981/4084 3980/4083 3982/4085 3983/4086
f 3981/4084 3983/4086 3766/3861 3764/3859
f 3983/4086 3982/4085 3984/4087 3985/4088
f 3983/4086 3985/4088 3986/4089 3766/3861
f 3986/4089 3985/4088 3987/4090 3988/4091
f 3986/4089 3988/4091 3989/4092 3769/3864
f 3986/4089 3769/3864 3767/3862 3766/3861
f 3989/4092 3988/4091 3990/4093 3991/4094
f 3989/4092 3991/4094 3992/4095 3772/3867
f 3989/4092 3772/3867 3770/3865 3769/3864
f 3992/4095 3991/4094 3993/4096 3994/4097
f 3992/4095 3994/4097 3995/4098 3775/3870
f 3992/4095 3775/3870 3773/3868 3772/3867
f 3995/4098 3778/3873 3776/3871 3775/3870
f 3995/4098 3994/4097 3996/4099 3997/4100
f 3995/4098 3997/4100 3998/4101 3778/3873
f 3998/4101 3781/3876 3779/3874 3778/3873
f 3998/4102 3997/4103 3999/4104 4000/4105
f 3998/4102 4000/4105 4001/4106 3781/4107
f 4001/4106 3784/3881 3782/3880 3781/4107
f 4001/4106 4000/4105 4002/4108 4003/4109
f 4001/4106 4003/4109 4004/4110 3784/3881
f 4004/4110 3787/3885 3785/3882 3784/3881
f 4004/4110 4003/4109 4005/4111 4006/4112
f 4004/4110 4006/4112 4007/4113 3787/3885
f 4007/4113 3790/3888 3788/3886 3787/3885
f 4007/4113 4006/4112 4008/4114 4009/4115
f 4007/4113 4009/4115 4010/4116 3790/3888
f 4010/4116 3793/3891 3791/3889 3790/3888
f 4010/4116 4009/4115 4011/4117 4012/4118
f 4010/4116 4012/4118 4013/4119 3793/3891
f 4013/4119 3796/3894 3794/3892 3793/3891
f 4013/4119 4012/4118 4014/4120 4015/4121
f 4013/4119 4015/4121 4016/4122 3796/3894
f 4016/4122 3799/3897 3797/3895 3796/3894
f 4016/4122 4015/4121 4017/4123 4018/4124
f 4016/4122 4018/4124 4019/4125 3799/3897
f 4019/4125 3802/3900 3800/3898 3799/3897
f 4019/4125 4018/4124 4020/4126 4021/4127
f 4019/4125 4021/4127 4022/4128 3802/3900
f 4022/4128 3805/3903 3803/3901 3802/3900
f 4022/4128 4021/4127 4023/4129 4024/4130
f 4022/4128 4024/4130 4025/4131 3805/3903
f 4025/4131 3808/3906 3806/3904 3805/3903
f 4025/4131 4024/4130 4026/4132 4027/4133
f 4025/4131 4027/4133 4028/4134 3808/3906
f 4028/4134 3811/3909 3809/3907 3808/3906
f 4028/4134 4027/4133 4029/4135 4030/4136
f 4028/4134 4030/4136 4031/4137 3811/3909
f 4031/4137 3814/3912 3812/3910 3811/3909
f 4031/4137 4030/4136 4032/4138 4033/4139
f 4031/4137 4033/4139 4034/4140 3814/3912
f 4034/4140 3817/3915 3815/3913 3814/3912
f 4034/4140 4033/4139 4035/4141 4036/4142
f 4034/4140 4036/4142 4037/4143 3817/3915
f 4037/4143 3820/3918 3818/3916 3817/3915
f 4037/4143 4036/4142 4038/4144 4039/4145
f 4037/4143 4039/4145 4040/4146 3820/3918
f 4040/4146 3823/3921 3821/3919 3820/3918
f 4040/4146 4039/4145 4041/4147 4042/4148
f 4040/4146 4042/4148 4043/4149 3823/3921
f 4043/4149 3826/3924 3824/3922 3823/3921
f 4043/4149 4042/4148 4044/4150 4045/4151
f 4043/4149 4045/4151 4046/4152 3826/3924
f 4046/4152 3829/3927 3827/3925 3826/3924
f 4046/4152 4045/4151 4047/4153 4048/4154
f 4046/4152 4048/4154 4049/4155 3829/3927
f 4049/4155 3832/3930 3830/3928 3829/3927
f 4049/4155 4048/4154 4050/4156 4051/4157
f 4049/4155 4051/4157 4052/4158 3832/3930
f 4052/4158 3835/3933 3833/3931 3832/3930
f 4052/4158 4051/4157 4053/4159 4054/4160
f 4052/4158 4054/4160 4055/4161 3835/3933
f 4055/4161 3838/3936 3836/3934 3835/3933
f 4055/4161 4054/4160 4056/4162 4057/4163
f 4055/4161 4057/4163 4058/4164 3838/3936
f 4058/4164 3841/3939 3839/3937 3838/3936
f 4058/4164 4057/4163 4059/4165 4060/4166
f 4058/4164 4060/4166 4061/4167 3841/3939
f 4061/4167 3844/3942 3842/3940 3841/3939
f 4061/4167 4060/4166 4062/4168 4063/4169
f 4061/4167 4063/4169 4064/4170 3844/3942
f 4064/4170 3847/3945 3845/3943 3844/3942
f 4064/4170 4063/4169 4065/4171 4066/4172
f 4064/4170 4066/4172 4067/4173 3847/3945
f 4067/4173 3850/3948 3848/3946 3847/3945
f 4067/4173 4066/4172 4068/4174 4069/4175
f 4067/4173 4069/4175 4070/4176 3850/3948
f 4070/4176 3853/3951 3851/3949 3850/3948
f 4070/4176 4069/4175 4071/4177 4072/4178
f 4070/4176 4072/4178 4073/4179 3853/3951
f 4073/4179 3856/3954 3854/3952 3853/3951
f 4073/4179 4072/4178 4074/4180 4075/4181
f 4073/4179 4075/4181 3223/3299 3856/3954
f 4075/4181 4074/4180 4076/4182 4077/4183
f 4075/4181 4077/4183 3221/3297 3223/3299
f 4077/4183 4076/4182 4078/4184 4079/4185
f 4077/4183 4079/4185 3222/3298 3221/3297
f 4079/4185 4078/4184 4080/4186 4081/4187
f 4079/4185 4081/4187 4082/4188 3222/3298
f 4082/4188 4083/4189 3218/3294 3222/3298
f 4082/4188 4081/4187 4084/4190 4085/4191
f 4082/4188 4085/4191 4086/4192 4083/4189
f 4086/4192 3861/3959 3859/3957 4083/4189
f 4086/4192 4085/4191 4087/4193 4088/4194
f 4086/4192 4088/4194 3863/3961 3861/3959
f 4088/4194 4087/4193 4089/4195 4090/4196
f 4088/4194 4090/4196 4091/4197 3863/3961
f 4091/4197 3866/3964 3864/3962 3863/3961
f 4091/4197 4090/4196 4092/4198 4093/4199
f 4091/4197 4093/4199 3868/3966 3866/3964
f 4093/4199 4092/4198 4094/4200 4095/4201
f 4093/4199 4095/4201 3870/3968 3868/3966
f 4095/4201 4094/4200 4096/4202 4097/4203
f 4095/4201 4097/4203 4098/4204 3870/3968
f 4098/4204 3873/3971 3871/3969 3870/3968
f 4098/4204 4097/4203 4099/4205 4100/4206
f 4098/4204 4100/4206 3875/3973 3873/3971
f 4100/4206 4099/4205 4101/4207 4102/4208
f 4100/4206 4102/4208 4103/4209 3875/3973
f 4103/4209 3878/3976 3876/3974 3875/3973
f 4103/4209 4102/4208 4104/4210 4105/4211
f 4103/4209 4105/4211 4106/4212 3878/3976
f 4106/4212 3881/3979 3879/3977 3878/3976
f 4106/4212 4105/4211 4107/4213 4108/4214
f 4106/4212 4108/4214 4109/4215 3881/3979
f 4109/4215 3884/3982 3882/3980 3881/3979
f 4109/4215 4108/4214 4110/4216 4111/4217
f 4109/4215 4111/4217 4112/4218 3884/3982
f 4112/4218 3888/3986 3885/3983 3884/3982
f 4112/4218 4111/4217 4113/4219 4114/4220
f 4112/4218 4114/4220 4115/4221 3888/3986
f 4115/4221 3891/3989 3889/3987 3888/3986
f 4115/4221 4114/4220 4116/4222 4117/4223
f 4115/4221 4117/4223 4118/4224 3891/3989
f 4118/4224 4119/4225 3892/3990 3891/3989
f 4118/4224 4117/4223 4120/4226 4121/4227
f 4118/4224 4121/4227 4122/4228 4119/4225
f 4122/4228 4123/4229 4124/4230 4119/4225
f 4122/4228 4121/4227 4125/4231 4126/4232
f 4122/4228 4126/4232 4127/4233 4123/4229
f 4127/4233 4126/4232 3244/3324 3243/3323
f 4127/4233 3243/3323 4128/4234 4129/4235
f 4127/4233 4129/4235 4130/4236 4123/4229
f 4130/4237 4129/4238 4131/4239 4132/4240
f 4130/4237 4132/4240 4133/4241 4134/4242
f 4130/4236 4134/4243 4124/4230 4123/4229
f 4134/4242 4133/4241 3901/4001 4135/4244
f 4134/4243 4135/4245 3893/3991 4124/4230
f 4135/4244 3901/4001 3898/3998 3896/3997
f 4135/4245 3896/3994 3894/3992 3893/3991
f 4133/4241 4132/4240 4136/4246 3904/4004
f 4133/4241 3904/4004 3902/4002 3901/4001
f 4136/4246 4132/4240 4131/4239 4137/4247
f 4136/4246 4137/4247 4138/4248 3907/4007
f 4136/4246 3907/4007 3905/4005 3904/4004
f 4138/4248 4137/4247 4139/4249 4140/4250
f 4138/4248 4140/4250 4141/4251 3910/4010
f 4138/4248 3910/4010 3908/4008 3907/4007
f 4141/4251 4140/4250 4142/4252 4143/4253
f 4141/4251 4143/4253 4144/4254 3913/4013
f 4141/4251 3913/4013 3911/4011 3910/4010
f 4144/4254 4143/4253 4145/4255 4146/4256
f 4144/4254 4146/4256 4147/4257 3916/4016
f 4144/4254 3916/4016 3914/4014 3913/4013
f 4147/4257 4146/4256 4148/4258 4149/4259
f 4147/4257 4149/4259 4150/4260 3919/4019
f 4147/4257 3919/4019 3917/4017 3916/4016
f 4150/4260 4149/4259 4151/4261 4152/4262
f 4150/4260 4152/4262 4153/4263 3922/4022
f 4150/4260 3922/4022 3920/4020 3919/4019
f 4153/4264 4152/4265 4154/4266 4155/4267
f 4153/4264 4155/4267 4156/4268 3925/4269
f 4153/4263 3925/4025 3923/4023 3922/4022
f 4156/4268 4155/4267 4157/4270 4158/4271
f 4156/4268 4158/4271 4159/4272 3928/4030
f 4156/4268 3928/4030 3926/4029 3925/4269
f 4159/4272 4158/4271 4160/4273 4161/4274
f 4159/4272 4161/4274 4162/4275 3931/4034
f 4159/4272 3931/4034 3929/4031 3928/4030
f 4162/4275 4161/4274 4163/4276 4164/4277
f 4162/4275 4164/4277 4165/4278 3934/4037
f 4162/4275 3934/4037 3932/4035 3931/4034
f 4165/4278 4164/4277 4166/4279 4167/4280
f 4165/4278 4167/4280 4168/4281 3937/4040
f 4165/4278 3937/4040 3935/4038 3934/4037
f 4168/4281 4167/4280 4169/4282 4170/4283
f 4168/4281 4170/4283 4171/4284 3940/4043
f 4168/4281 3940/4043 3938/4041 3937/4040
f 4171/4284 4170/4283 4172/4285 4173/4286
f 4171/4284 4173/4286 4174/4287 3943/4046
f 4171/4284 3943/4046 3941/4044 3940/4043
f 4174/4287 4173/4286 4175/4288 4176/4289
f 4174/4287 4176/4289 4177/4290 3946/4049
f 4174/4287 3946/4049 3944/4047 3943/4046
f 4177/4290 4176/4289 4178/4291 4179/4292
f 4177/4290 4179/4292 4180/4293 3949/4052
f 4177/4290 3949/4052 3947/4050 3946/4049
f 4180/4293 4179/4292 4181/4294 4182/4295
f 4180/4293 4182/4295 4183/4296 3952/4055
f 4180/4293 3952/4055 3950/4053 3949/4052
f 4183/4296 4182/4295 4184/4297 4185/4298
f 4183/4296 4185/4298 4186/4299 3955/4058
f 4183/4296 3955/4058 3953/4056 3952/4055
f 4186/4299 4185/4298 4187/4300 4188/4301
f 4186/4299 4188/4301 4189/4302 3958/4061
f 4186/4299 3958/4061 3956/4059 3955/4058
f 4189/4302 4188/4301 4190/4303 4191/4304
f 4189/4302 4191/4304 4192/4305 3961/4064
f 4189/4302 3961/4064 3959/4062 3958/4061
f 4192/4305 4191/4304 4193/4306 4194/4307
f 4192/4305 4194/4307 4195/4308 3964/4067
f 4192/4305 3964/4067 3962/4065 3961/4064
f 4195/4308 4194/4307 4196/4309 4197/4310
f 4195/4308 4197/4310 4198/4311 3967/4070
f 4195/4308 3967/4070 3965/4068 3964/4067
f 4198/4311 4197/4310 4199/4312 4200/4313
f 4198/4311 4200/4313 4201/4314 3970/4073
f 4198/4311 3970/4073 3968/4071 3967/4070
f 4201/4314 4200/4313 4202/4315 4203/4316
f 4201/4314 4203/4316 4204/4317 4205/4318
f 4201/4314 4205/4318 3971/4074 3970/4073
f 4205/4318 4204/4317 4206/4319 4207/4320
f 4205/4318 4207/4320 3972/4075 3971/4074
f 4207/4320 4206/4319 4208/4321 4209/4322
f 4207/4320 4209/4322 3974/4077 3972/4075
f 4209/4322 4208/4321 4210/4323 4211/4324
f 4209/4322 4211/4324 3976/4079 3974/4077
f 4211/4324 4210/4323 4212/4325 4213/4326
f 4211/4324 4213/4326 3978/4081 3976/4079
f 4213/4326 4212/4325 4214/4327 4215/4328
f 4213/4326 4215/4328 3980/4083 3978/4081
f 4215/4328 4214/4327 4216/4329 4217/4330
f 4215/4328 4217/4330 3982/4085 3980/4083
f 4217/4330 4216/4329 4218/4331 4219/4332
f 4217/4330 4219/4332 3984/4087 3982/4085
f 4219/4332 4218/4331 4220/4333 4221/4334
f 4219/4332 4221/4334 4222/4335 3984/4087
f 4222/4335 4221/4334 4223/4336 4224/4337
f 4222/4335 4224/4337 4225/4338 3987/4090
f 4222/4335 3987/4090 3985/4088 3984/4087
f 4225/4338 4224/4337 4226/4339 4227/4340
f 4225/4338 4227/4340 4228/4341 3990/4093
f 4225/4338 3990/4093 3988/4091 3987/4090
f 4228/4341 4227/4340 3226/4342 3225/4343
f 4228/4341 3225/4343 4229/4344 3993/4096
f 4228/4341 3993/4096 3991/4094 3990/4093
f 4229/4344 3996/4099 3994/4097 3993/4096
f 4229/4345 3225/3302 3224/3301 4230/4346
f 4229/4345 4230/4346 4231/4347 3996/4348
f 4231/4347 3999/4104 3997/4103 3996/4348
f 4231/4347 4230/4346 4232/4349 4233/4350
f 4231/4347 4233/4350 4234/4351 3999/4104
f 4234/4351 4002/4108 4000/4105 3999/4104
f 4234/4351 4233/4350 4235/4352 4236/4353
f 4234/4351 4236/4353 4237/4354 4002/4108
f 4237/4354 4005/4111 4003/4109 4002/4108
f 4237/4354 4236/4353 4238/4355 4239/4356
f 4237/4354 4239/4356 4240/4357 4005/4111
f 4240/4357 4008/4114 4006/4112 4005/4111
f 4240/4357 4239/4356 4241/4358 4242/4359
f 4240/4357 4242/4359 4243/4360 4008/4114
f 4243/4360 4011/4117 4009/4115 4008/4114
f 4243/4360 4242/4359 4244/4361 4245/4362
f 4243/4360 4245/4362 4246/4363 4011/4117
f 4246/4363 4014/4120 4012/4118 4011/4117
f 4246/4363 4245/4362 4247/4364 4248/4365
f 4246/4363 4248/4365 4249/4366 4014/4120
f 4249/4366 4017/4123 4015/4121 4014/4120
f 4249/4366 4248/4365 4250/4367 4251/4368
f 4249/4366 4251/4368 4252/4369 4017/4123
f 4252/4369 4020/4126 4018/4124 4017/4123
f 4252/4369 4251/4368 4253/4370 4254/4371
f 4252/4369 4254/4371 4255/4372 4020/4126
f 4255/4372 4023/4129 4021/4127 4020/4126
f 4255/4372 4254/4371 4256/4373 4257/4374
f 4255/4372 4257/4374 4258/4375 4023/4129
f 4258/4375 4026/4132 4024/4130 4023/4129
f 4258/4375 4257/4374 4259/4376 4260/4377
f 4258/4375 4260/4377 4261/4378 4026/4132
f 4261/4378 4029/4135 4027/4133 4026/4132
f 4261/4378 4260/4377 4262/4379 4263/4380
f 4261/4378 4263/4380 4264/4381 4029/4135
f 4264/4381 4032/4138 4030/4136 4029/4135
f 4264/4381 4263/4380 4265/4382 4266/4383
f 4264/4381 4266/4383 4267/4384 4032/4138
f 4267/4384 4035/4141 4033/4139 4032/4138
f 4267/4384 4266/4383 4268/4385 4269/4386
f 4267/4384 4269/4386 4270/4387 4035/4141
f 4270/4387 4038/4144 4036/4142 4035/4141
f 4270/4387 4269/4386 4271/4388 4272/4389
f 4270/4387 4272/4389 4273/4390 4038/4144
f 4273/4390 4041/4147 4039/4145 4038/4144
f 4273/4390 4272/4389 4274/4391 4275/4392
f 4273/4390 4275/4392 4276/4393 4041/4147
f 4276/4393 4044/4150 4042/4148 4041/4147
f 4276/4393 4275/4392 4277/4394 4278/4395
f 4276/4393 4278/4395 4279/4396 4044/4150
f 4279/4396 4047/4153 4045/4151 4044/4150
f 4279/4396 4278/4395 4280/4397 4281/4398
f 4279/4396 4281/4398 4282/4399 4047/4153
f 4282/4399 4050/4156 4048/4154 4047/4153
f 4282/4399 4281/4398 4283/4400 4284/4401
f 4282/4399 4284/4401 4285/4402 4050/4156
f 4285/4402 4053/4159 4051/4157 4050/4156
f 4285/4402 4284/4401 4286/4403 4287/4404
f 4285/4402 4287/4404 4288/4405 4053/4159
f 4288/4405 4056/4162 4054/4160 4053/4159
f 4288/4405 4287/4404 4289/4406 4290/4407
f 4288/4405 4290/4407 4291/4408 4056/4162
f 4291/4408 4059/4165 4057/4163 4056/4162
f 4291/4408 4290/4407 4292/4409 4293/4410
f 4291/4408 4293/4410 4294/4411 4059/4165
f 4294/4411 4062/4168 4060/4166 4059/4165
f 4294/4411 4293/4410 4295/4412 4296/4413
f 4294/4411 4296/4413 4297/4414 4062/4168
f 4297/4414 4065/4171 4063/4169 4062/4168
f 4297/4414 4296/4413 4298/4415 4299/4416
f 4297/4414 4299/4416 4300/4417 4065/4171
f 4300/4417 4068/4174 4066/4172 4065/4171
f 4300/4417 4299/4416 4301/4418 4302/4419
f 4300/4417 4302/4419 4303/4420 4068/4174
f 4303/4420 4071/4177 4069/4175 4068/4174
f 4303/4420 4302/4419 4304/4421 4305/4422
f 4303/4420 4305/4422 4306/4423 4071/4177
f 4306/4423 4074/4180 4072/4178 4071/4177
f 4306/4423 4305/4422 4307/4424 4308/4425
f 4306/4423 4308/4425 4076/4182 4074/4180
f 4308/4425 4307/4424 4309/4426 4310/4427
f 4308/4425 4310/4427 4078/4184 4076/4182
f 4310/4427 4309/4426 4311/4428 4312/4429
f 4310/4427 4312/4429 4080/4186 4078/4184
f 4312/4429 4311/4428 4313/4430 4314/4431
f 4312/4429 4314/4431 4315/4432 4080/4186
f 4315/4432 4084/4190 4081/4187 4080/4186
f 4315/4432 4314/4431 4316/4433 4317/4434
f 4315/4432 4317/4434 4318/4435 4084/4190
f 4318/4435 4087/4193 4085/4191 4084/4190
f 4318/4435 4317/4434 4319/4436 4320/4437
f 4318/4435 4320/4437 4089/4195 4087/4193
f 4320/4437 4319/4436 4321/4438 4322/4439
f 4320/4437 4322/4439 4323/4440 4089/4195
f 4323/4440 4092/4198 4090/4196 4089/4195
f 4323/4440 4322/4439 4324/4441 4325/4442
f 4323/4440 4325/4442 4094/4200 4092/4198
f 4325/4442 4324/4441 4326/4443 4327/4444
f 4325/4442 4327/4444 4096/4202 4094/4200
f 4327/4444 4326/4443 4328/4445 4329/4446
f 4327/4444 4329/4446 4330/4447 4096/4202
f 4330/4447 4099/4205 4097/4203 4096/4202
f 4330/4447 4329/4446 4331/4448 4332/4449
f 4330/4447 4332/4449 4101/4207 4099/4205
f 4332/4449 4331/4448 4333/4450 4334/4451
f 4332/4449 4334/4451 4335/4452 4101/4207
f 4335/4452 4104/4210 4102/4208 4101/4207
f 4335/4452 4334/4451 4336/4453 4337/4454
f 4335/4452 4337/4454 4338/4455 4104/4210
f 4338/4455 4107/4213 4105/4211 4104/4210
f 4338/4455 4337/4454 4339/4456 4340/4457
f 4338/4455 4340/4457 4341/4458 4107/4213
f 4341/4458 4110/4216 4108/4214 4107/4213
f 4341/4458 4340/4457 4342/4459 4343/4460
f 4341/4458 4343/4460 4344/4461 4110/4216
f 4344/4461 4113/4219 4111/4217 4110/4216
f 4344/4461 4343/4460 4345/4462 4346/4463
f 4344/4461 4346/4463 4347/4464 4113/4219
f 4347/4464 4116/4222 4114/4220 4113/4219
f 4347/4464 4346/4463 4348/4465 4349/4466
f 4347/4464 4349/4466 4350/4467 4116/4222
f 4350/4467 4120/4226 4117/4223 4116/4222
f 4350/4467 4349/4466 4351/4468 4352/4469
f 4350/4467 4352/4469 4353/4470 4120/4226
f 4353/4470 4125/4231 4121/4227 4120/4226
f 4353/4470 4352/4469 4354/4471 4355/4472
f 4353/4470 4355/4472 3247/3327 4125/4231
f 4355/4472 4354/4471 4356/4473 4357/4474
f 4355/4472 4357/4474 3245/3325 3247/3327
f 4357/4474 4356/4473 4358/4475 4359/4476
f 4357/4474 4359/4476 3246/3326 3245/3325
f 4359/4476 4358/4475 4360/4477 4361/4478
f 4359/4476 4361/4478 4362/4479 3246/3326
f 4362/4479 4361/4478 4363/4480 4364/4481
f 4362/4479 4364/4481 4365/4482 4366/4483
f 4362/4479 4366/4483 3242/3322 3246/3326
f 4366/4484 4365/4485 4367/4486 4128/4487
f 4366/4483 4128/4234 3243/3323 3242/3322
f 4367/4486 4365/4485 4368/4488 4139/4249
f 4367/4486 4139/4249 4137/4247 4131/4239
f 4367/4486 4131/4239 4129/4238 4128/4487
f 4368/4489 4365/4482 4364/4481 4369/4490
f 4368/4489 4369/4490 4370/4491 4142/4492
f 4368/4488 4142/4252 4140/4250 4139/4249
f 4370/4491 4369/4490 4371/4493 4372/4494
f 4370/4491 4372/4494 4373/4495 4145/4496
f 4370/4491 4145/4496 4143/4497 4142/4492
f 4373/4495 4372/4494 4374/4498 4375/4499
f 4373/4495 4375/4499 4376/4500 4148/4501
f 4373/4495 4148/4501 4146/4502 4145/4496
f 4376/4500 4375/4499 4377/4503 4378/4504
f 4376/4500 4378/4504 4379/4505 4151/4506
f 4376/4500 4151/4506 4149/4507 4148/4501
f 4379/4505 4378/4504 4380/4508 4381/4509
f 4379/4505 4381/4509 4382/4510 4154/4266
f 4379/4505 4154/4266 4152/4265 4151/4506
f 4382/4510 4381/4509 4383/4511 4384/4512
f 4382/4510 4384/4512 4385/4513 4157/4270
f 4382/4510 4157/4270 4155/4267 4154/4266
f 4385/4513 4384/4512 4386/4514 4387/4515
f 4385/4513 4387/4515 4388/4516 4160/4273
f 4385/4513 4160/4273 4158/4271 4157/4270
f 4388/4516 4387/4515 4389/4517 4390/4518
f 4388/4516 4390/4518 4391/4519 4163/4276
f 4388/4516 4163/4276 4161/4274 4160/4273
f 4391/4519 4390/4518 4392/4520 4393/4521
f 4391/4519 4393/4521 4394/4522 4166/4279
f 4391/4519 4166/4279 4164/4277 4163/4276
f 4394/4522 4393/4521 4395/4523 4396/4524
f 4394/4522 4396/4524 4397/4525 4169/4282
f 4394/4522 4169/4282 4167/4280 4166/4279
f 4397/4525 4396/4524 4398/4526 4399/4527
f 4397/4525 4399/4527 4400/4528 4172/4285
f 4397/4525 4172/4285 4170/4283 4169/4282
f 4400/4528 4399/4527 4401/4529 4402/4530
f 4400/4528 4402/4530 4403/4531 4175/4288
f 4400/4528 4175/4288 4173/4286 4172/4285
f 4403/4531 4402/4530 4404/4532 4405/4533
f 4403/4531 4405/4533 4406/4534 4178/4291
f 4403/4531 4178/4291 4176/4289 4175/4288
f 4406/4534 4405/4533 4407/4535 4408/4536
f 4406/4534 4408/4536 4409/4537 4181/4294
f 4406/4534 4181/4294 4179/4292 4178/4291
f 4409/4537 4408/4536 4410/4538 4411/4539
f 4409/4537 4411/4539 4412/4540 4184/4297
f 4409/4537 4184/4297 4182/4295 4181/4294
f 4412/4540 4411/4539 4413/4541 4414/4542
f 4412/4540 4414/4542 4415/4543 4187/4300
f 4412/4540 4187/4300 4185/4298 4184/4297
f 4415/4543 4414/4542 4416/4544 4417/4545
f 4415/4543 4417/4545 4418/4546 4190/4303
f 4415/4543 4190/4303 4188/4301 4187/4300
f 4418/4546 4417/4545 4419/4547 4420/4548
f 4418/4546 4420/4548 4421/4549 4193/4306
f 4418/4546 4193/4306 4191/4304 4190/4303
f 4421/4549 4420/4548 4422/4550 4423/4551
f 4421/4549 4423/4551 4424/4552 4196/4309
f 4421/4549 4196/4309 4194/4307 4193/4306
f 4424/4552 4423/4551 4425/4553 4426/4554
f 4424/4552 4426/4554 4427/4555 4199/4312
f 4424/4552 4199/4312 4197/4310 4196/4309
f 4427/4555 4426/4554 4428/4556 4429/4557
f 4427/4555 4429/4557 4430/4558 4202/4315
f 4427/4555 4202/4315 4200/4313 4199/4312
f 4430/4558 4429/4557 4431/4559 4432/4560
f 4430/4558 4432/4560 4433/4561 4434/4562
f 4430/4558 4434/4562 4203/4316 4202/4315
f 4434/4562 4433/4561 4435/4563 4436/4564
f 4434/4562 4436/4564 4204/4317 4203/4316
f 4436/4564 4435/4563 4437/4565 4438/4566
f 4436/4564 4438/4566 4206/4319 4204/4317
f 4438/4566 4437/4565 4439/4567 4440/4568
f 4438/4566 4440/4568 4208/4321 4206/4319
f 4440/4568 4439/4567 4441/4569 4442/4570
f 4440/4568 4442/4570 4210/4323 4208/4321
f 4442/4570 4441/4569 4443/4571 4444/4572
f 4442/4570 4444/4572 4212/4325 4210/4323
f 4444/4572 4443/4571 4445/4573 4446/4574
f 4444/4572 4446/4574 4214/4327 4212/4325
f 4446/4574 4445/4573 4447/4575 4448/4576
f 4446/4574 4448/4576 4216/4329 4214/4327
f 4448/4576 4447/4575 4449/4577 4450/4578
f 4448/4576 4450/4578 4218/4331 4216/4329
f 4450/4578 4449/4577 4451/4579 4452/4580
f 4450/4578 4452/4580 4220/4333 4218/4331
f 4452/4580 4451/4579 4453/4581 4454/4582
f 4452/4580 4454/4582 4455/4583 4220/4333
f 4455/4583 4454/4582 4456/4584 4457/4585
f 4455/4583 4457/4585 4458/4586 4223/4336
f 4455/4583 4223/4336 4221/4334 4220/4333
f 4458/4586 4457/4585 4459/4587 4460/4588
f 4458/4586 4460/4588 3229/4589 4226/4339
f 4458/4586 4226/4339 4224/4337 4223/4336
f 4460/4590 4459/4591 4461/4592 4462/4593
f 4460/4590 4462/4593 3227/3304 3229/3306
f 4462/4593 4461/4592 4463/4594 4464/4595
f 4462/4593 4464/4595 3228/3305 3227/3304
f 4464/4595 4465/4596 4232/4349 3228/3305
f 4464/4595 4463/4594 4466/4597 4465/4596
f 4466/4597 4467/4598 4235/4352 4465/4596
f 4466/4597 4463/4594 4468/4599 4469/4600
f 4466/4597 4469/4600 4470/4601 4467/4598
f 4470/4601 4471/4602 4238/4355 4467/4598
f 4470/4601 4469/4600 4472/4603 4473/4604
f 4470/4601 4473/4604 4474/4605 4471/4602
f 4474/4605 4475/4606 4241/4358 4471/4602
f 4474/4605 4473/4604 4476/4607 4477/4608
f 4474/4605 4477/4608 4478/4609 4475/4606
f 4478/4609 4479/4610 4244/4361 4475/4606
f 4478/4609 4477/4608 4480/4611 4481/4612
f 4478/4609 4481/4612 4482/4613 4479/4610
f 4482/4613 4483/4614 4247/4364 4479/4610
f 4482/4613 4481/4612 4484/4615 4485/4616
f 4482/4613 4485/4616 4486/4617 4483/4614
f 4486/4617 4487/4618 4250/4367 4483/4614
f 4486/4617 4485/4616 4488/4619 4489/4620
f 4486/4617 4489/4620 4490/4621 4487/4618
f 4490/4621 4491/4622 4253/4370 4487/4618
f 4490/4621 4489/4620 4492/4623 4493/4624
f 4490/4621 4493/4624 4494/4625 4491/4622
f 4494/4625 4495/4626 4256/4373 4491/4622
f 4494/4625 4493/4624 4496/4627 4497/4628
f 4494/4625 4497/4628 4498/4629 4495/4626
f 4498/4629 4499/4630 4259/4376 4495/4626
f 4498/4629 4497/4628 4500/4631 4501/4632
f 4498/4629 4501/4632 4502/4633 4499/4630
f 4502/4633 4503/4634 4262/4379 4499/4630
f 4502/4633 4501/4632 4504/4635 4505/4636
f 4502/4633 4505/4636 4506/4637 4503/4634
f 4506/4637 4507/4638 4265/4382 4503/4634
f 4506/4637 4505/4636 4508/4639 4509/4640
f 4506/4637 4509/4640 4510/4641 4507/4638
f 4510/4641 4511/4642 4268/4385 4507/4638
f 4510/4641 4509/4640 4512/4643 4513/4644
f 4510/4641 4513/4644 4514/4645 4511/4642
f 4514/4645 4515/4646 4271/4388 4511/4642
f 4514/4645 4513/4644 4516/4647 4517/4648
f 4514/4645 4517/4648 4518/4649 4515/4646
f 4518/4649 4519/4650 4274/4391 4515/4646
f 4518/4649 4517/4648 4520/4651 4521/4652
f 4518/4649 4521/4652 4522/4653 4519/4650
f 4522/4653 4523/4654 4277/4394 4519/4650
f 4522/4653 4521/4652 4524/4655 4525/4656
f 4522/4653 4525/4656 4526/4657 4523/4654
f 4526/4657 4527/4658 4280/4397 4523/4654
f 4526/4657 4525/4656 4528/4659 4529/4660
f 4526/4657 4529/4660 4530/4661 4527/4658
f 4530/4661 4531/4662 4283/4400 4527/4658
f 4530/4661 4529/4660 4532/4663 4533/4664
f 4530/4661 4533/4664 4534/4665 4531/4662
f 4534/4665 4535/4666 4286/4403 4531/4662
f 4534/4665 4533/4664 4536/4667 4537/4668
f 4534/4665 4537/4668 4538/4669 4535/4666
f 4538/4669 4539/4670 4289/4406 4535/4666
f 4538/4669 4537/4668 4540/4671 4541/4672
f 4538/4669 4541/4672 4542/4673 4539/4670
f 4542/4673 4543/4674 4292/4409 4539/4670
f 4542/4673 4541/4672 4544/4675 4545/4676
f 4542/4673 4545/4676 4546/4677 4543/4674
f 4546/4677 4547/4678 4295/4412 4543/4674
f 4546/4677 4545/4676 4548/4679 4549/4680
f 4546/4677 4549/4680 4550/4681 4547/4678
f 4550/4681 4551/4682 4298/4415 4547/4678
f 4550/4681 4549/4680 4552/4683 4553/4684
f 4550/4681 4553/4684 4554/4685 4551/4682
f 4554/4685 4555/4686 4301/4418 4551/4682
f 4554/4685 4553/4684 4556/4687 4557/4688
f 4554/4685 4557/4688 4558/4689 4555/4686
f 4558/4689 4559/4690 4304/4421 4555/4686
f 4558/4689 4557/4688 4560/4691 4561/4692
f 4558/4689 4561/4692 4562/4693 4559/4690
f 4562/4693 4309/4426 4307/4424 4559/4690
f 4562/4693 4561/4692 4563/4694 4564/4695
f 4562/4693 4564/4695 4311/4428 4309/4426
f 4564/4695 4563/4694 4565/4696 4566/4697
f 4564/4695 4566/4697 4313/4430 4311/4428
f 4566/4697 4565/4696 4567/4698 4568/4699
f 4566/4697 4568/4699 4569/4700 4313/4430
f 4569/4700 4316/4433 4314/4431 4313/4430
f 4569/4700 4568/4699 4570/4701 4571/4702
f 4569/4700 4571/4702 4572/4703 4316/4433
f 4572/4703 4319/4436 4317/4434 4316/4433
f 4572/4703 4571/4702 4573/4704 4574/4705
f 4572/4703 4574/4705 4321/4438 4319/4436
f 4574/4705 4573/4704 4575/4706 4576/4707
f 4574/4705 4576/4707 4577/4708 4321/4438
f 4577/4708 4324/4441 4322/4439 4321/4438
f 4577/4708 4576/4707 4578/4709 4579/4710
f 4577/4708 4579/4710 4326/4443 4324/4441
f 4579/4710 4578/4709 4580/4711 4581/4712
f 4579/4710 4581/4712 4328/4445 4326/4443
f 4581/4712 4580/4711 4582/4713 4583/4714
f 4581/4712 4583/4714 4584/4715 4328/4445
f 4584/4715 4331/4448 4329/4446 4328/4445
f 4584/4715 4583/4714 4585/4716 4586/4717
f 4584/4715 4586/4717 4333/4450 4331/4448
f 4586/4717 4585/4716 4587/4718 4588/4719
f 4586/4717 4588/4719 4589/4720 4333/4450
f 4589/4720 4336/4453 4334/4451 4333/4450
f 4589/4720 4588/4719 4590/4721 4591/4722
f 4589/4720 4591/4722 4592/4723 4336/4453
f 4592/4723 4339/4456 4337/4454 4336/4453
f 4592/4723 4591/4722 4593/4724 4594/4725
f 4592/4723 4594/4725 4595/4726 4339/4456
f 4595/4726 4342/4459 4340/4457 4339/4456
f 4595/4726 4594/4725 4596/4727 4597/4728
f 4595/4726 4597/4728 4598/4729 4342/4459
f 4598/4729 4345/4462 4343/4460 4342/4459
f 4598/4729 4597/4728 4599/4730 4600/4731
f 4598/4729 4600/4731 4601/4732 4345/4462
f 4601/4732 4348/4465 4346/4463 4345/4462
f 4601/4732 4600/4731 4602/4733 4603/4734
f 4601/4732 4603/4734 4604/4735 4348/4465
f 4604/4735 4351/4468 4349/4466 4348/4465
f 4604/4735 4603/4734 4605/4736 4606/4737
f 4604/4735 4606/4737 4607/4738 4351/4468
f 4607/4738 4354/4471 4352/4469 4351/4468
f 4607/4738 4606/4737 4608/4739 4609/4740
f 4607/4738 4609/4740 4356/4473 4354/4471
f 4609/4740 4608/4739 4610/4741 4611/4742
f 4609/4740 4611/4742 4358/4475 4356/4473
f 4611/4742 4610/4741 4612/4743 4613/4744
f 4611/4742 4613/4744 4360/4477 4358/4475
f 4613/4744 4612/4743 4614/4745 4615/4746
f 4613/4744 4615/4746 4616/4747 4360/4477
f 4616/4747 4363/4480 4361/4478 4360/4477
f 4616/4747 4615/4746 4617/4748 4618/4749
f 4616/4747 4618/4749 4371/4493 4363/4480
f 4618/4749 4617/4748 4619/4750 4374/4498
f 4618/4749 4374/4498 4372/4494 4371/4493
f 4619/4750 4617/4748 4620/4751 4621/4752
f 4619/4750 4621/4752 4622/4753 4377/4503
f 4619/4750 4377/4503 4375/4499 4374/4498
f 4622/4753 4621/4752 4623/4754 4624/4755
f 4622/4753 4624/4755 4625/4756 4380/4508
f 4622/4753 4380/4508 4378/4504 4377/4503
f 4625/4756 4624/4755 4626/4757 4627/4758
f 4625/4756 4627/4758 4628/4759 4383/4511
f 4625/4756 4383/4511 4381/4509 4380/4508
f 4628/4759 4627/4758 4629/4760 4630/4761
f 4628/4759 4630/4761 4631/4762 4386/4514
f 4628/4759 4386/4514 4384/4512 4383/4511
f 4631/4762 4630/4761 3255/3337 4632/4763
f 4631/4762 4632/4763 4633/4764 4389/4517
f 4631/4762 4389/4517 4387/4515 4386/4514
f 4633/4764 4632/4763 4634/4765 4635/4766
f 4633/4764 4635/4766 4636/4767 4392/4520
f 4633/4764 4392/4520 4390/4518 4389/4517
f 4636/4767 4635/4766 4637/4768 4638/4769
f 4636/4767 4638/4769 4639/4770 4395/4523
f 4636/4767 4395/4523 4393/4521 4392/4520
f 4639/4770 4638/4769 4640/4771 4641/4772
f 4639/4770 4641/4772 4642/4773 4398/4526
f 4639/4770 4398/4526 4396/4524 4395/4523
f 4642/4773 4641/4772 4643/4774 4644/4775
f 4642/4773 4644/4775 4645/4776 4401/4529
f 4642/4773 4401/4529 4399/4527 4398/4526
f 4645/4776 4644/4775 4646/4777 4647/4778
f 4645/4776 4647/4778 4648/4779 4404/4532
f 4645/4776 4404/4532 4402/4530 4401/4529
f 4648/4779 4647/4778 4649/4780 4650/4781
f 4648/4779 4650/4781 4651/4782 4407/4535
f 4648/4779 4407/4535 4405/4533 4404/4532
f 4651/4782 4650/4781 4652/4783 4653/4784
f 4651/4782 4653/4784 4654/4785 4410/4538
f 4651/4782 4410/4538 4408/4536 4407/4535
f 4654/4785 4653/4784 4655/4786 4656/4787
f 4654/4785 4656/4787 4657/4788 4413/4541
f 4654/4785 4413/4541 4411/4539 4410/4538
f 4657/4788 4656/4787 4658/4789 4659/4790
f 4657/4788 4659/4790 4660/4791 4416/4544
f 4657/4788 4416/4544 4414/4542 4413/4541
f 4660/4791 4659/4790 4661/4792 4662/4793
f 4660/4791 4662/4793 4663/4794 4419/4547
f 4660/4791 4419/4547 4417/4545 4416/4544
f 4663/4794 4662/4793 4664/4795 4665/4796
f 4663/4794 4665/4796 4666/4797 4422/4550
f 4663/4794 4422/4550 4420/4548 4419/4547
f 4666/4797 4665/4796 4667/4798 4668/4799
f 4666/4797 4668/4799 4669/4800 4425/4553
f 4666/4797 4425/4553 4423/4551 4422/4550
f 4669/4800 4668/4799 4670/4801 4671/4802
f 4669/4800 4671/4802 4672/4803 4428/4556
f 4669/4800 4428/4556 4426/4554 4425/4553
f 4672/4803 4671/4802 4673/4804 4674/4805
f 4672/4803 4674/4805 4675/4806 4431/4559
f 4672/4803 4431/4559 4429/4557 4428/4556
f 4675/4806 4674/4805 4676/4807 4677/4808
f 4675/4806 4677/4808 4678/4809 4679/4810
f 4675/4806 4679/4810 4432/4560 4431/4559
f 4679/4810 4678/4809 4680/4811 4681/4812
f 4679/4810 4681/4812 4433/4561 4432/4560
f 4681/4812 4680/4811 4682/4813 4683/4814
f 4681/4812 4683/4814 4435/4563 4433/4561
f 4683/4814 4682/4813 4684/4815 4685/4816
f 4683/4814 4685/4816 4437/4565 4435/4563
f 4685/4816 4684/4815 4686/4817 4687/4818
f 4685/4816 4687/4818 4439/4567 4437/4565
f 4687/4818 4686/4817 4688/4819 4689/4820
f 4687/4818 4689/4820 4441/4569 4439/4567
f 4689/4820 4688/4819 4690/4821 4691/4822
f 4689/4820 4691/4822 4443/4571 4441/4569
f 4691/4822 4690/4821 4692/4823 4693/4824
f 4691/4822 4693/4824 4445/4573 4443/4571
f 4693/4824 4692/4823 4694/4825 4695/4826
f 4693/4824 4695/4826 4447/4575 4445/4573
f 4695/4826 4694/4825 4696/4827 4697/4828
f 4695/4826 4697/4828 4449/4577 4447/4575
f 4697/4828 4696/4827 4698/4829 4699/4830
f 4697/4828 4699/4830 4451/4579 4449/4577
f 4699/4830 4698/4829 4700/4831 4701/4832
f 4699/4830 4701/4832 4453/4581 4451/4579
f 4701/4832 4700/4831 4702/4833 4703/4834
f 4701/4832 4703/4834 4704/4835 4453/4581
f 4704/4835 4703/4834 4705/4836 4706/4837
f 4704/4835 4706/4837 4707/4838 4456/4584
f 4704/4835 4456/4584 4454/4582 4453/4581
f 4707/4839 4706/4837 4708/4840 4709/4841
f 4707/4839 4709/4841 4461/4592 4459/4591
f 4707/4838 4459/4587 4457/4585 4456/4584
f 4709/4841 4708/4840 4710/4842 4468/4599
f 4709/4841 4468/4599 4463/4594 4461/4592
f 4710/4842 4472/4603 4469/4600 4468/4599
f 4710/4842 4708/4840 4711/4843 4712/4844
f 4710/4842 4712/4844 4713/4845 4472/4603
f 4713/4845 4476/4607 4473/4604 4472/4603
f 4713/4845 4712/4844 4714/4846 4715/4847
f 4713/4845 4715/4847 4716/4848 4476/4607
f 4716/4848 4480/4611 4477/4608 4476/4607
f 4716/4848 4715/4847 4717/4849 4718/4850
f 4716/4848 4718/4850 4719/4851 4480/4611
f 4719/4851 4484/4615 4481/4612 4480/4611
f 4719/4851 4718/4850 4720/4852 4721/4853
f 4719/4851 4721/4853 4722/4854 4484/4615
f 4722/4854 4488/4619 4485/4616 4484/4615
f 4722/4854 4721/4853 4723/4855 4724/4856
f 4722/4854 4724/4856 4725/4857 4488/4619
f 4725/4857 4492/4623 4489/4620 4488/4619
f 4725/4857 4724/4856 4726/4858 4727/4859
f 4725/4857 4727/4859 4728/4860 4492/4623
f 4728/4860 4496/4627 4493/4624 4492/4623
f 4728/4860 4727/4859 4729/4861 4730/4862
f 4728/4860 4730/4862 4731/4863 4496/4627
f 4731/4863 4500/4631 4497/4628 4496/4627
f 4731/4863 4730/4862 4732/4864 4733/4865
f 4731/4863 4733/4865 4734/4866 4500/4631
f 4734/4866 4504/4635 4501/4632 4500/4631
f 4734/4866 4733/4865 4735/4867 4736/4868
f 4734/4866 4736/4868 4737/4869 4504/4635
f 4737/4869 4508/4639 4505/4636 4504/4635
f 4737/4869 4736/4868 4738/4870 4739/4871
f 4737/4869 4739/4871 4740/4872 4508/4639
f 4740/4872 4512/4643 4509/4640 4508/4639
f 4740/4872 4739/4871 4741/4873 4742/4874
f 4740/4872 4742/4874 4743/4875 4512/4643
f 4743/4875 4516/4647 4513/4644 4512/4643
f 4743/4875 4742/4874 4744/4876 4745/4877
f 4743/4875 4745/4877 4746/4878 4516/4647
f 4746/4878 4520/4651 4517/4648 4516/4647
f 4746/4878 4745/4877 4747/4879 4748/4880
f 4746/4878 4748/4880 4749/4881 4520/4651
f 4749/4881 4524/4655 4521/4652 4520/4651
f 4749/4881 4748/4880 4750/4882 4751/4883
f 4749/4881 4751/4883 4752/4884 4524/4655
f 4752/4884 4528/4659 4525/4656 4524/4655
f 4752/4884 4751/4883 4753/4885 4754/4886
f 4752/4884 4754/4886 4755/4887 4528/4659
f 4755/4887 4532/4663 4529/4660 4528/4659
f 4755/4887 4754/4886 4756/4888 4757/4889
f 4755/4887 4757/4889 4758/4890 4532/4663
f 4758/4890 4536/4667 4533/4664 4532/4663
f 4758/4890 4757/4889 4759/4891 4760/4892
f 4758/4890 4760/4892 4761/4893 4536/4667
f 4761/4893 4540/4671 4537/4668 4536/4667
f 4761/4893 4760/4892 4762/4894 4763/4895
f 4761/4893 4763/4895 4764/4896 4540/4671
f 4764/4896 4544/4675 4541/4672 4540/4671
f 4764/4896 4763/4895 4765/4897 4766/4898
f 4764/4896 4766/4898 4767/4899 4544/4675
f 4767/4899 4548/4679 4545/4676 4544/4675
f 4767/4899 4766/4898 4768/4900 4769/4901
f 4767/4899 4769/4901 4770/4902 4548/4679
f 4770/4902 4552/4683 4549/4680 4548/4679
f 4770/4902 4769/4901 4771/4903 4772/4904
f 4770/4902 4772/4904 4773/4905 4552/4683
f 4773/4905 4556/4687 4553/4684 4552/4683
f 4773/4905 4772/4904 4774/4906 4775/4907
f 4773/4905 4775/4907 4776/4908 4556/4687
f 4776/4908 4560/4691 4557/4688 4556/4687
f 4776/4908 4775/4907 4777/4909 4778/4910
f 4776/4908 4778/4910 4779/4911 4560/4691
f 4779/4911 4563/4694 4561/4692 4560/4691
f 4779/4911 4778/4910 4780/4912 4781/4913
f 4779/4911 4781/4913 4565/4696 4563/4694
f 4781/4913 4780/4912 4782/4914 4783/4915
f 4781/4913 4783/4915 4567/4698 4565/4696
f 4783/4915 4782/4914 4784/4916 4785/4917
f 4783/4915 4785/4917 4786/4918 4567/4698
f 4786/4918 4570/4701 4568/4699 4567/4698
f 4786/4918 4785/4917 4787/4919 4788/4920
f 4786/4918 4788/4920 4789/4921 4570/4701
f 4789/4921 4573/4704 4571/4702 4570/4701
f 4789/4921 4788/4920 4790/4922 4791/4923
f 4789/4921 4791/4923 4575/4706 4573/4704
f 4791/4923 4790/4922 4792/4924 4793/4925
f 4791/4923 4793/4925 4794/4926 4575/4706
f 4794/4926 4578/4709 4576/4707 4575/4706
f 4794/4926 4793/4925 4795/4927 4796/4928
f 4794/4926 4796/4928 4580/4711 4578/4709
f 4796/4928 4795/4927 4797/4929 4798/4930
f 4796/4928 4798/4930 4582/4713 4580/4711
f 4798/4930 4797/4929 4799/4931 4800/4932
f 4798/4930 4800/4932 4801/4933 4582/4713
f 4801/4933 4585/4716 4583/4714 4582/4713
f 4801/4933 4800/4932 4802/4934 4803/4935
f 4801/4933 4803/4935 4587/4718 4585/4716
f 4803/4935 4802/4934 4804/4936 4805/4937
f 4803/4935 4805/4937 4806/4938 4587/4718
f 4806/4938 4590/4721 4588/4719 4587/4718
f 4806/4938 4805/4937 4807/4939 4808/4940
f 4806/4938 4808/4940 4809/4941 4590/4721
f 4809/4941 4593/4724 4591/4722 4590/4721
f 4809/4941 4808/4940 4810/4942 4811/4943
f 4809/4941 4811/4943 4812/4944 4593/4724
f 4812/4944 4596/4727 4594/4725 4593/4724
f 4812/4944 4811/4943 4813/4945 4814/4946
f 4812/4944 4814/4946 4815/4947 4596/4727
f 4815/4947 4599/4730 4597/4728 4596/4727
f 4815/4947 4814/4946 4816/4948 4817/4949
f 4815/4947 4817/4949 4818/4950 4599/4730
f 4818/4950 4602/4733 4600/4731 4599/4730
f 4818/4950 4817/4949 4819/4951 4820/4952
f 4818/4950 4820/4952 4821/4953 4602/4733
f 4821/4953 4605/4736 4603/4734 4602/4733
f 4821/4953 4820/4952 4822/4954 4823/4955
f 4821/4953 4823/4955 4824/4956 4605/4736
f 4824/4956 4608/4739 4606/4737 4605/4736
f 4824/4956 4823/4955 4825/4957 4826/4958
f 4824/4956 4826/4958 4610/4741 4608/4739
f 4826/4958 4825/4957 4827/4959 4828/4960
f 4826/4958 4828/4960 4612/4743 4610/4741
f 4828/4960 4827/4959 4829/4961 4830/4962
f 4828/4960 4830/4962 4614/4745 4612/4743
f 4830/4962 4829/4961 4831/4963 4832/4964
f 4830/4962 4832/4964 4620/4751 4614/4745
f 4832/4964 4831/4963 4833/4965 4623/4754
f 4832/4964 4623/4754 4621/4752 4620/4751
f 4833/4965 4831/4963 4834/4966 4835/4967
f 4833/4965 4835/4967 4836/4968 4626/4757
f 4833/4965 4626/4757 4624/4755 4623/4754
f 4836/4968 4835/4967 4837/4969 3259/3341
f 4836/4968 3259/3341 3256/3338 4629/4760
f 4836/4968 4629/4760 4627/4758 4626/4757
f 4837/4969 4835/4967 4834/4966 4838/4970
f 4837/4969 4838/4970 4839/4971 4840/4972
f 4837/4969 4840/4972 3257/3339 3259/3341
f 4840/4972 4839/4971 4841/4973 4842/4974
f 4840/4972 4842/4974 3258/3340 3257/3339
f 4842/4974 4841/4973 4843/4975 4844/4976
f 4842/4974 4844/4976 4845/4977 3258/3340
f 4845/4977 4844/4976 4846/4978 4637/4768
f 4845/4977 4637/4768 4635/4766 4634/4765
f 4845/4977 4634/4765 3254/3336 3258/3340
f 4846/4978 4844/4976 4843/4975 4847/4979
f 4846/4978 4847/4979 4848/4980 4640/4771
f 4846/4978 4640/4771 4638/4769 4637/4768
f 4848/4980 4847/4979 4849/4981 4850/4982
f 4848/4980 4850/4982 4851/4983 4643/4774
f 4848/4980 4643/4774 4641/4772 4640/4771
f 4851/4983 4850/4982 4852/4984 4853/4985
f 4851/4983 4853/4985 4854/4986 4646/4777
f 4851/4983 4646/4777 4644/4775 4643/4774
f 4854/4986 4853/4985 4855/4987 4856/4988
f 4854/4986 4856/4988 4857/4989 4649/4780
f 4854/4986 4649/4780 4647/4778 4646/4777
f 4857/4989 4856/4988 4858/4990 4859/4991
f 4857/4989 4859/4991 4860/4992 4652/4783
f 4857/4989 4652/4783 4650/4781 4649/4780
f 4860/4992 4859/4991 4861/4993 4862/4994
f 4860/4992 4862/4994 4863/4995 4655/4786
f 4860/4992 4655/4786 4653/4784 4652/4783
f 4863/4995 4862/4994 4864/4996 4865/4997
f 4863/4995 4865/4997 4866/4998 4658/4789
f 4863/4995 4658/4789 4656/4787 4655/4786
f 4866/4998 4865/4997 4867/4999 4868/5000
f 4866/4998 4868/5000 4869/5001 4661/4792
f 4866/4998 4661/4792 4659/4790 4658/4789
f 4869/5001 4868/5000 4870/5002 4871/5003
f 4869/5001 4871/5003 4872/5004 4664/4795
f 4869/5001 4664/4795 4662/4793 4661/4792
f 4872/5004 4871/5003 4873/5005 4874/5006
f 4872/5004 4874/5006 4875/5007 4667/4798
f 4872/5004 4667/4798 4665/4796 4664/4795
f 4875/5007 4874/5006 4876/5008 4877/5009
f 4875/5007 4877/5009 4878/5010 4670/4801
f 4875/5007 4670/4801 4668/4799 4667/4798
f 4878/5010 4877/5009 4879/5011 4880/5012
f 4878/5010 4880/5012 4881/5013 4673/4804
f 4878/5010 4673/4804 4671/4802 4670/4801
f 4881/5013 4880/5012 4882/5014 4883/5015
f 4881/5013 4883/5015 4884/5016 4676/4807
f 4881/5013 4676/4807 4674/4805 4673/4804
f 4884/5016 4883/5015 4885/5017 4886/5018
f 4884/5016 4886/5018 4887/5019 4888/5020
f 4884/5016 4888/5020 4677/4808 4676/4807
f 4888/5020 4887/5019 4889/5021 4890/5022
f 4888/5020 4890/5022 4678/4809 4677/4808
f 4890/5022 4889/5021 4891/5023 4892/5024
f 4890/5022 4892/5024 4680/4811 4678/4809
f 4892/5024 4891/5023 4893/5025 4894/5026
f 4892/5024 4894/5026 4682/4813 4680/4811
f 4894/5026 4893/5025 4895/5027 4896/5028
f 4894/5026 4896/5028 4684/4815 4682/4813
f 4896/5028 4895/5027 4897/5029 4898/5030
f 4896/5028 4898/5030 4686/4817 4684/4815
f 4898/5030 4897/5029 4899/5031 4900/5032
f 4898/5030 4900/5032 4688/4819 4686/4817
f 4900/5032 4899/5031 4901/5033 4902/5034
f 4900/5032 4902/5034 4690/4821 4688/4819
f 4902/5034 4901/5033 4903/5035 4904/5036
f 4902/5034 4904/5036 4692/4823 4690/4821
f 4904/5036 4903/5035 4905/5037 4906/5038
f 4904/5036 4906/5038 4694/4825 4692/4823
f 4906/5038 4905/5037 4907/5039 4908/5040
f 4906/5038 4908/5040 4696/4827 4694/4825
f 4908/5040 4907/5039 4909/5041 4910/5042
f 4908/5040 4910/5042 4698/4829 4696/4827
f 4910/5042 4909/5041 4911/5043 4912/5044
f 4910/5042 4912/5044 4700/4831 4698/4829
f 4912/5044 4911/5043 4913/5045 4914/5046
f 4912/5044 4914/5046 4702/4833 4700/4831
f 4914/5046 4913/5045 4915/5047 4916/5048
f 4914/5046 4916/5048 4917/5049 4702/4833
f 4917/5049 4916/5048 4918/5050 4919/5051
f 4917/5049 4919/5051 4711/4843 4705/4836
f 4917/5049 4705/4836 4703/4834 4702/4833
f 4919/5051 4714/4846 4712/4844 4711/4843
f 4919/5051 4918/5050 4920/5052 4714/4846
f 4920/5052 4717/4849 4715/4847 4714/4846
f 4920/5052 4918/5050 4921/5053 4922/5054
f 4920/5052 4922/5054 4923/5055 4717/4849
f 4923/5055 4720/4852 4718/4850 4717/4849
f 4923/5055 4922/5054 4924/5056 4925/5057
f 4923/5055 4925/5057 4926/5058 4720/4852
f 4926/5058 4723/4855 4721/4853 4720/4852
f 4926/5058 4925/5057 4927/5059 4928/5060
f 4926/5058 4928/5060 4929/5061 4723/4855
f 4929/5061 4726/4858 4724/4856 4723/4855
f 4929/5061 4928/5060 4930/5062 4931/5063
f 4929/5061 4931/5063 4932/5064 4726/4858
f 4932/5064 4729/4861 4727/4859 4726/4858
f 4932/5064 4931/5063 4933/5065 4934/5066
f 4932/5064 4934/5066 4935/5067 4729/4861
f 4935/5067 4732/4864 4730/4862 4729/4861
f 4935/5067 4934/5066 4936/5068 4937/5069
f 4935/5067 4937/5069 4938/5070 4732/4864
f 4938/5070 4735/4867 4733/4865 4732/4864
f 4938/5070 4937/5069 4939/5071 4940/5072
f 4938/5070 4940/5072 4941/5073 4735/4867
f 4941/5073 4738/4870 4736/4868 4735/4867
f 4941/5073 4940/5072 4942/5074 4943/5075
f 4941/5073 4943/5075 4944/5076 4738/4870
f 4944/5076 4741/4873 4739/4871 4738/4870
f 4944/5076 4943/5075 4945/5077 4946/5078
f 4944/5076 4946/5078 4947/5079 4741/4873
f 4947/5079 4744/4876 4742/4874 4741/4873
f 4947/5079 4946/5078 4948/5080 4949/5081
f 4947/5079 4949/5081 4950/5082 4744/4876
f 4950/5082 4747/4879 4745/4877 4744/4876
f 4950/5082 4949/5081 4951/5083 4952/5084
f 4950/5082 4952/5084 4953/5085 4747/4879
f 4953/5085 4750/4882 4748/4880 4747/4879
f 4953/5085 4952/5084 4954/5086 4955/5087
f 4953/5085 4955/5087 4956/5088 4750/4882
f 4956/5088 4753/4885 4751/4883 4750/4882
f 4956/5088 4955/5087 4957/5089 4958/5090
f 4956/5088 4958/5090 4959/5091 4753/4885
f 4959/5091 4756/4888 4754/4886 4753/4885
f 4959/5091 4958/5090 4960/5092 4961/5093
f 4959/5091 4961/5093 4962/5094 4756/4888
f 4962/5094 4759/4891 4757/4889 4756/4888
f 4962/5094 4961/5093 4963/5095 4964/5096
f 4962/5094 4964/5096 4965/5097 4759/4891
f 4965/5097 4762/4894 4760/4892 4759/4891
f 4965/5097 4964/5096 4966/5098 4967/5099
f 4965/5097 4967/5099 4968/5100 4762/4894
f 4968/5100 4765/4897 4763/4895 4762/4894
f 4968/5100 4967/5099 4969/5101 4970/5102
f 4968/5100 4970/5102 4971/5103 4765/4897
f 4971/5103 4768/4900 4766/4898 4765/4897
f 4971/5103 4970/5102 4972/5104 4973/5105
f 4971/5103 4973/5105 4974/5106 4768/4900
f 4974/5106 4771/4903 4769/4901 4768/4900
f 4974/5106 4973/5105 4975/5107 4976/5108
f 4974/5106 4976/5108 4977/5109 4771/4903
f 4977/5109 4774/4906 4772/4904 4771/4903
f 4977/5109 4976/5108 4978/5110 4979/5111
f 4977/5109 4979/5111 4980/5112 4774/4906
f 4980/5112 4777/4909 4775/4907 4774/4906
f 4980/5112 4979/5111 4981/5113 4982/5114
f 4980/5112 4982/5114 4983/5115 4777/4909
f 4983/5115 4780/4912 4778/4910 4777/4909
f 4983/5115 4982/5114 4984/5116 4985/5117
f 4983/5115 4985/5117 4782/4914 4780/4912
f 4985/5117 4984/5116 4986/5118 4987/5119
f 4985/5117 4987/5119 4784/4916 4782/4914
f 4987/5119 4986/5118 4988/5120 4989/5121
f 4987/5119 4989/5121 4990/5122 4784/4916
f 4990/5122 4787/4919 4785/4917 4784/4916
f 4990/5122 4989/5121 4991/5123 4992/5124
f 4990/5122 4992/5124 4993/5125 4787/4919
f 4993/5125 4790/4922 4788/4920 4787/4919
f 4993/5125 4992/5124 4994/5126 4995/5127
f 4993/5125 4995/5127 4792/4924 4790/4922
f 4995/5127 4994/5126 4996/5128 4997/5129
f 4995/5127 4997/5129 4998/5130 4792/4924
f 4998/5130 4795/4927 4793/4925 4792/4924
f 4998/5130 4997/5129 4999/5131 5000/5132
f 4998/5130 5000/5132 4797/4929 4795/4927
f 5000/5132 4999/5131 5001/5133 5002/5134
f 5000/5132 5002/5134 4799/4931 4797/4929
f 5002/5134 5001/5133 5003/5135 5004/5136
f 5002/5134 5004/5136 5005/5137 4799/4931
f 5005/5137 4802/4934 4800/4932 4799/4931
f 5005/5137 5004/5136 5006/5138 5007/5139
f 5005/5137 5007/5139 4804/4936 4802/4934
f 5007/5139 5006/5138 5008/5140 5009/5141
f 5007/5139 5009/5141 5010/5142 4804/4936
f 5010/5142 4807/4939 4805/4937 4804/4936
f 5010/5142 5009/5141 5011/5143 5012/5144
f 5010/5142 5012/5144 5013/5145 4807/4939
f 5013/5145 4810/4942 4808/4940 4807/4939
f 5013/5145 5012/5144 5014/5146 5015/5147
f 5013/5145 5015/5147 5016/5148 4810/4942
f 5016/5148 4813/4945 4811/4943 4810/4942
f 5016/5148 5015/5147 5017/5149 5018/5150
f 5016/5148 5018/5150 5019/5151 4813/4945
f 5019/5151 4816/4948 4814/4946 4813/4945
f 5019/5151 5018/5150 5020/5152 5021/5153
f 5019/5151 5021/5153 5022/5154 4816/4948
f 5022/5154 4819/4951 4817/4949 4816/4948
f 5022/5154 5021/5153 5023/5155 5024/5156
f 5022/5154 5024/5156 5025/5157 4819/4951
f 5025/5157 4822/4954 4820/4952 4819/4951
f 5025/5157 5024/5156 5026/5158 5027/5159
f 5025/5157 5027/5159 5028/5160 4822/4954
f 5028/5160 4825/4957 4823/4955 4822/4954
f 5028/5160 5027/5159 5029/5161 5030/5162
f 5028/5160 5030/5162 4827/4959 4825/4957
f 5030/5162 5029/5161 5031/5163 5032/5164
f 5030/5162 5032/5164 4829/4961 4827/4959
f 5032/5164 5031/5163 4838/4970 4834/4966
f 5032/5164 4834/4966 4831/4963 4829/4961
f 5031/5163 5029/5161 5033/5165 5034/5166
f 5031/5163 5034/5166 4839/4971 4838/4970
f 5034/5166 5033/5165 5035/5167 5036/5168
f 5034/5166 5036/5168 4841/4973 4839/4971
f 5036/5168 5035/5167 5037/5169 5038/5170
f 5036/5168 5038/5170 4843/4975 4841/4973
f 5038/5170 5037/5169 5039/5171 4849/4981
f 5038/5170 4849/4981 4847/4979 4843/4975
f 5039/5171 5037/5169 5040/5172 5041/5173
f 5039/5171 5041/5173 5042/5174 4852/4984
f 5039/5171 4852/4984 4850/4982 4849/4981
f 5042/5174 5041/5173 5043/5175 5044/5176
f 5042/5174 5044/5176 5045/5177 4855/4987
f 5042/5174 4855/4987 4853/4985 4852/4984
f 5045/5177 5044/5176 5046/5178 5047/5179
f 5045/5177 5047/5179 5048/5180 4858/4990
f 5045/5177 4858/4990 4856/4988 4855/4987
f 5048/5180 5047/5179 5049/5181 5050/5182
f 5048/5180 5050/5182 5051/5183 4861/4993
f 5048/5180 4861/4993 4859/4991 4858/4990
f 5051/5183 5050/5182 5052/5184 5053/5185
f 5051/5183 5053/5185 5054/5186 4864/4996
f 5051/5183 4864/4996 4862/4994 4861/4993
f 5054/5186 5053/5185 5055/5187 5056/5188
f 5054/5186 5056/5188 5057/5189 4867/4999
f 5054/5186 4867/4999 4865/4997 4864/4996
f 5057/5189 5056/5188 5058/5190 5059/5191
f 5057/5189 5059/5191 5060/5192 4870/5002
f 5057/5189 4870/5002 4868/5000 4867/4999
f 5060/5192 5059/5191 5061/5193 5062/5194
f 5060/5192 5062/5194 5063/5195 4873/5005
f 5060/5192 4873/5005 4871/5003 4870/5002
f 5063/5195 5062/5194 5064/5196 5065/5197
f 5063/5195 5065/5197 5066/5198 4876/5008
f 5063/5195 4876/5008 4874/5006 4873/5005
f 5066/5198 5065/5197 5067/5199 5068/5200
f 5066/5198 5068/5200 5069/5201 4879/5011
f 5066/5198 4879/5011 4877/5009 4876/5008
f 5069/5201 5068/5200 5070/5202 5071/5203
f 5069/5201 5071/5203 5072/5204 4882/5014
f 5069/5201 4882/5014 4880/5012 4879/5011
f 5072/5204 5071/5203 5073/5205 5074/5206
f 5072/5204 5074/5206 5075/5207 4885/5017
f 5072/5204 4885/5017 4883/5015 4882/5014
f 5075/5207 5074/5206 5076/5208 5077/5209
f 5075/5207 5077/5209 5078/5210 5079/5211
f 5075/5207 5079/5211 4886/5018 4885/5017
f 5079/5211 5078/5210 5080/5212 5081/5213
f 5079/5211 5081/5213 4887/5019 4886/5018
f 5081/5213 5080/5212 5082/5214 5083/5215
f 5081/5213 5083/5215 4889/5021 4887/5019
f 5083/5215 5082/5214 5084/5216 5085/5217
f 5083/5215 5085/5217 4891/5023 4889/5021
f 5085/5217 5084/5216 5086/5218 5087/5219
f 5085/5217 5087/5219 4893/5025 4891/5023
f 5087/5219 5086/5218 5088/5220 5089/5221
f 5087/5219 5089/5221 4895/5027 4893/5025
f 5089/5221 5088/5220 5090/5222 5091/5223
f 5089/5221 5091/5223 4897/5029 4895/5027
f 5091/5223 5090/5222 5092/5224 5093/5225
f 5091/5223 5093/5225 4899/5031 4897/5029
f 5093/5225 5092/5224 5094/5226 5095/5227
f 5093/5225 5095/5227 4901/5033 4899/5031
f 5095/5227 5094/5226 5096/5228 5097/5229
f 5095/5227 5097/5229 4903/5035 4901/5033
f 5097/5229 5096/5228 5098/5230 5099/5231
f 5097/5229 5099/5231 4905/5037 4903/5035
f 5099/5231 5098/5230 5100/5232 5101/5233
f 5099/5231 5101/5233 4907/5039 4905/5037
f 5101/5233 5100/5232 5102/5234 5103/5235
f 5101/5233 5103/5235 4909/5041 4907/5039
f 5103/5235 5102/5234 5104/5236 5105/5237
f 5103/5235 5105/5237 4911/5043 4909/5041
f 5105/5237 5104/5236 3235/3313 5106/5238
f 5105/5237 5106/5238 4913/5045 4911/5043
f 5106/5238 3235/3313 3232/3310 5107/5239
f 5106/5238 5107/5239 4915/5047 4913/5045
f 5107/5239 3232/3310 3231/3309 5108/5240
f 5107/5239 5108/5240 4921/5053 4915/5047
f 5108/5240 4924/5056 4922/5054 4921/5053
f 5108/5240 3231/3309 5109/5241 4924/5056
f 5109/5241 4927/5059 4925/5057 4924/5056
f 5109/5241 3231/3309 3230/3308 5110/5242
f 5109/5241 5110/5242 5111/5243 4927/5059
f 5111/5243 4930/5062 4928/5060 4927/5059
f 5111/5243 5110/5242 5112/5244 5113/5245
f 5111/5243 5113/5245 5114/5246 4930/5062
f 5114/5246 4933/5065 4931/5063 4930/5062
f 5114/5246 5113/5245 5115/5247 5116/5248
f 5114/5246 5116/5248 5117/5249 4933/5065
f 5117/5249 4936/5068 4934/5066 4933/5065
f 5117/5249 5116/5248 5118/5250 5119/5251
f 5117/5249 5119/5251 5120/5252 4936/5068
f 5120/5252 4939/5071 4937/5069 4936/5068
f 5120/5252 5119/5251 5121/5253 5122/5254
f 5120/5252 5122/5254 5123/5255 4939/5071
f 5123/5255 4942/5074 4940/5072 4939/5071
f 5123/5255 5122/5254 5124/5256 5125/5257
f 5123/5255 5125/5257 5126/5258 4942/5074
f 5126/5258 4945/5077 4943/5075 4942/5074
f 5126/5258 5125/5257 5127/5259 5128/5260
f 5126/5258 5128/5260 5129/5261 4945/5077
f 5129/5261 4948/5080 4946/5078 4945/5077
f 5129/5261 5128/5260 5130/5262 5131/5263
f 5129/5261 5131/5263 5132/5264 4948/5080
f 5132/5264 4951/5083 4949/5081 4948/5080
f 5132/5264 5131/5263 5133/5265 5134/5266
f 5132/5264 5134/5266 5135/5267 4951/5083
f 5135/5267 4954/5086 4952/5084 4951/5083
f 5135/5267 5134/5266 3241/3320 3240/3319
f 5135/5267 3240/3319 3239/3318 4954/5086
f 5134/5266 5133/5265 5136/5268 3241/3320
f 5136/5268 5133/5265 5137/5269 5138/5270
f 5136/5268 5138/5270 5139/5271 5140/5272
f 5136/5268 5140/5272 3236/3315 3241/3320
f 5140/5272 5141/5273 3237/3316 3236/3315
f 5140/5272 5139/5271 5142/5274 5141/5273
f 5142/5274 5143/5275 5144/5276 5141/5273
f 5142/5274 5139/5271 5145/5277 5146/5278
f 5142/5274 5146/5278 5147/5279 5143/5275
f 5147/5279 5148/5280 5149/5281 5143/5275
f 5147/5279 5146/5278 5150/5282 5151/5283
f 5147/5279 5151/5283 5152/5284 5148/5280
f 5152/5284 5153/5285 5154/5286 5148/5280
f 5152/5284 5151/5283 5155/5287 5156/5288
f 5152/5284 5156/5288 5157/5289 5153/5285
f 5157/5289 5158/5290 5159/5291 5153/5285
f 5157/5289 5156/5288 5160/5292 5161/5293
f 5157/5289 5161/5293 5162/5294 5158/5290
f 5162/5294 5163/5295 5164/5296 5158/5290
f 5162/5294 5161/5293 5165/5297 5166/5298
f 5162/5294 5166/5298 5167/5299 5163/5295
f 5167/5299 5168/5300 5169/5301 5163/5295
f 5167/5299 5166/5298 5170/5302 5171/5303
f 5167/5299 5171/5303 5172/5304 5168/5300
f 5172/5304 5173/5305 5174/5306 5168/5300
f 5172/5304 5171/5303 5175/5307 5176/5308
f 5172/5304 5176/5308 5177/5309 5173/5305
f 5177/5309 5178/5310 5179/5311 5173/5305
f 5177/5309 5176/5308 5180/5312 5181/5313
f 5177/5309 5181/5313 5182/5314 5178/5310
f 5182/5314 5183/5315 5184/5316 5178/5310
f 5182/5314 5181/5313 5185/5317 5186/5318
f 5182/5314 5186/5318 5187/5319 5183/5315
f 5187/5319 5188/5320 5189/5321 5183/5315
f 5187/5319 5186/5318 5190/5322 5191/5323
f 5187/5319 5191/5323 5192/5324 5188/5320
f 5192/5324 5193/5325 5194/5326 5188/5320
f 5192/5324 5191/5323 5195/5327 5196/5328
f 5192/5324 5196/5328 5197/5329 5193/5325
f 5197/5329 5198/5330 4996/5128 5193/5325
f 5197/5329 5196/5328 5199/5331 5200/5332
f 5197/5329 5200/5332 5201/5333 5198/5330
f 5201/5333 5001/5133 4999/5131 5198/5330
f 5201/5333 5200/5332 5202/5334 5203/5335
f 5201/5333 5203/5335 5003/5135 5001/5133
f 5203/5335 5202/5334 5061/5193 5204/5336
f 5203/5335 5204/5336 5205/5337 5003/5135
f 5205/5337 5006/5138 5004/5136 5003/5135
f 5205/5337 5204/5336 5058/5190 5206/5338
f 5205/5337 5206/5338 5008/5140 5006/5138
f 5206/5338 5058/5190 5056/5188 5055/5187
f 5206/5338 5055/5187 5207/5339 5008/5140
f 5207/5339 5011/5143 5009/5141 5008/5140
f 5207/5339 5055/5187 5053/5185 5052/5184
f 5207/5339 5052/5184 5208/5340 5011/5143
f 5208/5340 5014/5146 5012/5144 5011/5143
f 5208/5340 5052/5184 5050/5182 5049/5181
f 5208/5340 5049/5181 5209/5341 5014/5146
f 5209/5341 5017/5149 5015/5147 5014/5146
f 5209/5341 5049/5181 5047/5179 5046/5178
f 5209/5341 5046/5178 5210/5342 5017/5149
f 5210/5342 5020/5152 5018/5150 5017/5149
f 5210/5342 5046/5178 5044/5176 5043/5175
f 5210/5342 5043/5175 5211/5343 5020/5152
f 5211/5343 5023/5155 5021/5153 5020/5152
f 5211/5343 5043/5175 5041/5173 5040/5172
f 5211/5343 5040/5172 5212/5344 5023/5155
f 5212/5344 5026/5158 5024/5156 5023/5155
f 5212/5344 5040/5172 5037/5169 5035/5167
f 5212/5344 5035/5167 5033/5165 5026/5158
f 5204/5336 5061/5193 5059/5191 5058/5190
f 5202/5334 5200/5332 5199/5331 5064/5196
f 5202/5334 5064/5196 5062/5194 5061/5193
f 5199/5331 5196/5328 5195/5327 5067/5199
f 5199/5331 5067/5199 5065/5197 5064/5196
f 5198/5330 4999/5131 4997/5129 4996/5128
f 5195/5327 5191/5323 5190/5322 5070/5202
f 5195/5327 5070/5202 5068/5200 5067/5199
f 5194/5326 4994/5126 4992/5124 4991/5123
f 5194/5326 4991/5123 5189/5321 5188/5320
f 5194/5326 5193/5325 4996/5128 4994/5126
f 5190/5322 5186/5318 5185/5317 5073/5205
f 5190/5322 5073/5205 5071/5203 5070/5202
f 5189/5321 4991/5123 4989/5121 4988/5120
f 5189/5321 4988/5120 5184/5316 5183/5315
f 5185/5317 5181/5313 5180/5312 5076/5208
f 5185/5317 5076/5208 5074/5206 5073/5205
f 5184/5316 4988/5120 4986/5118 5213/5345
f 5184/5316 5213/5345 5179/5311 5178/5310
f 5213/5345 4986/5118 4984/5116 5214/5346
f 5213/5345 5214/5346 5215/5347 5179/5311
f 5215/5347 5214/5346 4981/5113 5216/5348
f 5215/5347 5216/5348 5217/5349 5174/5306
f 5215/5347 5174/5306 5173/5305 5179/5311
f 5217/5349 5216/5348 4978/5110 5218/5350
f 5217/5349 5218/5350 5219/5351 5169/5301
f 5217/5349 5169/5301 5168/5300 5174/5306
f 5219/5351 5218/5350 4975/5107 5220/5352
f 5219/5351 5220/5352 5221/5353 5164/5296
f 5219/5351 5164/5296 5163/5295 5169/5301
f 5221/5353 5220/5352 4972/5104 5222/5354
f 5221/5353 5222/5354 5223/5355 5159/5291
f 5221/5353 5159/5291 5158/5290 5164/5296
f 5223/5355 5222/5354 4969/5101 5224/5356
f 5223/5355 5224/5356 5225/5357 5154/5286
f 5223/5355 5154/5286 5153/5285 5159/5291
f 5225/5357 5224/5356 4966/5098 5226/5358
f 5225/5357 5226/5358 5227/5359 5149/5281
f 5225/5357 5149/5281 5148/5280 5154/5286
f 5227/5359 5226/5358 4963/5095 5228/5360
f 5227/5359 5228/5360 5229/5361 5144/5276
f 5227/5359 5144/5276 5143/5275 5149/5281
f 5229/5361 5228/5360 4960/5092 5230/5362
f 5229/5361 5230/5362 3238/3317 3237/3316
f 5229/5361 3237/3316 5141/5273 5144/5276
f 5230/5362 4960/5092 4958/5090 4957/5089
f 5230/5362 4957/5089 3239/3318 3238/3317
f 5228/5360 4963/5095 4961/5093 4960/5092
f 5226/5358 4966/5098 4964/5096 4963/5095
f 5224/5356 4969/5101 4967/5099 4966/5098
f 5222/5354 4972/5104 4970/5102 4969/5101
f 5220/5352 4975/5107 4973/5105 4972/5104
f 5218/5350 4978/5110 4976/5108 4975/5107
f 5216/5348 4981/5113 4979/5111 4978/5110
f 5214/5346 4984/5116 4982/5114 4981/5113
f 5180/5312 5176/5308 5175/5307 5231/5363
f 5180/5312 5231/5363 5077/5209 5076/5208
f 5231/5363 5175/5307 5232/5364 5233/5365
f 5231/5363 5233/5365 5078/5210 5077/5209
f 5233/5365 5232/5364 5234/5366 5235/5367
f 5233/5365 5235/5367 5080/5212 5078/5210
f 5235/5367 5234/5366 5236/5368 5237/5369
f 5235/5367 5237/5369 5082/5214 5080/5212
f 5237/5369 5236/5368 5238/5370 5239/5371
f 5237/5369 5239/5371 5084/5216 5082/5214
f 5239/5371 5238/5370 5240/5372 5241/5373
f 5239/5371 5241/5373 5086/5218 5084/5216
f 5241/5373 5240/5372 5242/5374 5243/5375
f 5241/5373 5243/5375 5088/5220 5086/5218
f 5243/5375 5242/5374 5244/5376 5245/5377
f 5243/5375 5245/5377 5090/5222 5088/5220
f 5245/5377 5244/5376 5246/5378 5247/5379
f 5245/5377 5247/5379 5092/5224 5090/5222
f 5247/5379 5246/5378 5248/5380 5249/5381
f 5247/5379 5249/5381 5094/5226 5092/5224
f 5249/5381 5248/5380 5250/5382 5251/5383
f 5249/5381 5251/5383 5096/5228 5094/5226
f 5251/5383 5250/5382 5252/5384 5253/5385
f 5251/5383 5253/5385 5098/5230 5096/5228
f 5253/5385 5252/5384 5254/5386 5255/5387
f 5253/5385 5255/5387 5100/5232 5098/5230
f 5255/5387 5254/5386 5256/5388 5257/5389
f 5255/5387 5257/5389 5102/5234 5100/5232
f 5257/5389 5256/5388 5258/5390 5259/5391
f 5257/5389 5259/5391 5104/5236 5102/5234
f 5259/5391 5258/5390 3234/3312 3233/3311
f 5259/5391 3233/3311 3235/3313 5104/5236
f 5258/5390 5256/5388 5260/5392 5261/5393
f 5258/5390 5261/5393 5112/5244 3234/3312
f 5261/5393 5115/5247 5113/5245 5112/5244
f 5261/5393 5260/5392 5262/5394 5115/5247
f 5262/5394 5118/5250 5116/5248 5115/5247
f 5262/5394 5260/5392 5263/5395 5264/5396
f 5262/5394 5264/5396 5265/5397 5118/5250
f 5265/5397 5121/5253 5119/5251 5118/5250
f 5265/5397 5264/5396 5266/5398 5267/5399
f 5265/5397 5267/5399 5268/5400 5121/5253
f 5268/5400 5124/5256 5122/5254 5121/5253
f 5268/5400 5267/5399 5269/5401 5270/5402
f 5268/5400 5270/5402 5271/5403 5124/5256
f 5271/5403 5127/5259 5125/5257 5124/5256
f 5271/5403 5270/5402 5272/5404 5273/5405
f 5271/5403 5273/5405 5274/5406 5127/5259
f 5274/5406 5130/5262 5128/5260 5127/5259
f 5274/5406 5273/5405 5275/5407 5276/5408
f 5274/5406 5276/5408 5137/5269 5130/5262
f 5276/5408 5277/5409 5138/5270 5137/5269
f 5276/5408 5275/5407 5278/5410 5277/5409
f 5278/5410 5279/5411 5145/5277 5277/5409
f 5278/5410 5275/5407 5280/5412 5281/5413
f 5278/5410 5281/5413 5282/5414 5279/5411
f 5282/5414 5283/5415 5150/5282 5279/5411
f 5282/5414 5281/5413 5284/5416 5285/5417
f 5282/5414 5285/5417 5286/5418 5283/5415
f 5286/5418 5287/5419 5155/5287 5283/5415
f 5286/5418 5285/5417 5288/5420 5289/5421
f 5286/5418 5289/5421 5290/5422 5287/5419
f 5290/5422 5291/5423 5160/5292 5287/5419
f 5290/5422 5289/5421 5292/5424 5293/5425
f 5290/5422 5293/5425 5294/5426 5291/5423
f 5294/5426 5295/5427 5165/5297 5291/5423
f 5294/5426 5293/5425 5238/5370 5236/5368
f 5294/5426 5236/5368 5234/5366 5295/5427
f 5295/5427 5170/5302 5166/5298 5165/5297
f 5295/5427 5234/5366 5232/5364 5170/5302
f 5293/5425 5292/5424 5240/5372 5238/5370
f 5292/5424 5289/5421 5288/5420 5296/5428
f 5292/5424 5296/5428 5242/5374 5240/5372
f 5296/5428 5288/5420 5297/5429 5298/5430
f 5296/5428 5298/5430 5244/5376 5242/5374
f 5298/5430 5297/5429 5299/5431 5300/5432
f 5298/5430 5300/5432 5246/5378 5244/5376
f 5300/5432 5299/5431 5301/5433 5302/5434
f 5300/5432 5302/5434 5248/5380 5246/5378
f 5302/5434 5301/5433 5303/5435 5304/5436
f 5302/5434 5304/5436 5250/5382 5248/5380
f 5304/5436 5303/5435 5266/5398 5305/5437
f 5304/5436 5305/5437 5252/5384 5250/5382
f 5305/5437 5266/5398 5264/5396 5263/5395
f 5305/5437 5263/5395 5254/5386 5252/5384
f 5303/5435 5301/5433 5306/5438 5269/5401
f 5303/5435 5269/5401 5267/5399 5266/5398
f 5306/5438 5307/5439 5280/5412 5272/5404
f 5306/5438 5272/5404 5270/5402 5269/5401
f 5306/5438 5301/5433 5299/5431 5307/5439
f 5307/5439 5284/5416 5281/5413 5280/5412
f 5307/5439 5299/5431 5297/5429 5284/5416
f 5297/5429 5288/5420 5285/5417 5284/5416
f 5291/5423 5165/5297 5161/5293 5160/5292
f 5287/5419 5160/5292 5156/5288 5155/5287
f 5283/5415 5155/5287 5151/5283 5150/5282
f 5280/5412 5275/5407 5273/5405 5272/5404
f 5279/5411 5150/5282 5146/5278 5145/5277
f 5277/5409 5145/5277 5139/5271 5138/5270
f 5263/5395 5260/5392 5256/5388 5254/5386
f 5232/5364 5175/5307 5171/5303 5170/5302
f 5137/5269 5133/5265 5131/5263 5130/5262
f 5112/5244 5110/5242 3230/3308 3234/3312
f 5033/5165 5029/5161 5027/5159 5026/5158
f 4957/5089 4955/5087 4954/5086 3239/3318
f 4921/5053 4918/5050 4916/5048 4915/5047
f 4711/4843 4708/4840 4706/4837 4705/4836
f 4634/4765 4632/4763 3255/3337 3254/3336
f 4630/4761 4629/4760 3256/3338 3255/3337
f 4620/4751 4617/4748 4615/4746 4614/4745
f 4559/4690 4307/4424 4305/4422 4304/4421
f 4555/4686 4304/4421 4302/4419 4301/4418
f 4551/4682 4301/4418 4299/4416 4298/4415
f 4547/4678 4298/4415 4296/4413 4295/4412
f 4543/4674 4295/4412 4293/4410 4292/4409
f 4539/4670 4292/4409 4290/4407 4289/4406
f 4535/4666 4289/4406 4287/4404 4286/4403
f 4531/4662 4286/4403 4284/4401 4283/4400
f 4527/4658 4283/4400 4281/4398 4280/4397
f 4523/4654 4280/4397 4278/4395 4277/4394
f 4519/4650 4277/4394 4275/4392 4274/4391
f 4515/4646 4274/4391 4272/4389 4271/4388
f 4511/4642 4271/4388 4269/4386 4268/4385
f 4507/4638 4268/4385 4266/4383 4265/4382
f 4503/4634 4265/4382 4263/4380 4262/4379
f 4499/4630 4262/4379 4260/4377 4259/4376
f 4495/4626 4259/4376 4257/4374 4256/4373
f 4491/4622 4256/4373 4254/4371 4253/4370
f 4487/4618 4253/4370 4251/4368 4250/4367
f 4483/4614 4250/4367 4248/4365 4247/4364
f 4479/4610 4247/4364 4245/4362 4244/4361
f 4475/4606 4244/4361 4242/4359 4241/4358
f 4471/4602 4241/4358 4239/4356 4238/4355
f 4467/4598 4238/4355 4236/4353 4235/4352
f 4465/4596 4235/4352 4233/4350 4232/4349
f 4371/4493 4369/4490 4364/4481 4363/4480
f 4232/4349 4230/4346 3224/3301 3228/3305
f 4227/4340 4226/4339 3229/4589 3226/4342
f 4126/4232 4125/4231 3247/3327 3244/3324
f 4124/4230 3893/3991 3892/3990 4119/4225
f 4083/4189 3859/3957 3219/3295 3218/3294
f 3857/3955 3856/3954 3223/3299 3220/3296
f 3648/3740 3401/3487 3643/3735 3642/3734
f 3648/3740 3404/3490 3402/3488 3401/3487
f 3643/3735 3401/3487 3398/3484 3397/3483
f 3643/3735 3397/3483 3638/3730 3637/3729
f 3638/3730 3397/3483 3393/3479 3392/3478
f 3638/3730 3392/3478 3633/3725 3632/3724
f 3633/3725 3392/3478 3388/3474 3387/3473
f 3633/3725 3387/3473 3628/3720 3627/3719
f 3628/3720 3387/3473 3383/3469 3382/3468
f 3628/3720 3382/3468 3623/3715 3622/3714
f 3623/3715 3382/3468 3378/3464 3377/3463
f 3623/3715 3377/3463 3618/3710 3617/3709
f 3618/3710 3377/3463 3373/3459 3372/3458
f 3618/3710 3372/3458 3613/3705 3612/3704
f 3613/3705 3372/3458 3368/3454 3367/3453
f 3613/3705 3367/3453 3608/3700 3607/3699
f 3608/3700 3367/3453 3363/3449 3362/3448
f 3608/3700 3362/3448 3603/3695 3602/3694
f 3603/3695 3362/3448 3358/3444 3357/3443
f 3603/3695 3357/3443 3598/3690 3597/3689
f 3598/3690 3357/3443 3353/3439 3352/3438
f 3598/3690 3352/3438 3593/3685 3592/3684
f 3593/3685 3352/3438 3348/3434 3347/3433
f 3593/3685 3347/3433 3588/3680 3587/3679
f 3588/3680 3347/3433 3343/3429 3342/3428
f 3588/3680 3342/3428 3583/3675 3582/3674
f 3583/3675 3342/3428 3338/3424 3337/3423
f 3583/3675 3337/3423 3578/3670 3577/3669
f 3578/3670 3337/3423 3333/3419 3332/3418
f 3578/3670 3332/3418 3573/3665 3572/3664
f 3573/3665 3332/3418 3328/3414 3327/3413
f 3573/3665 3327/3413 3568/3660 3567/3659
f 3568/3660 3327/3413 3323/3409 3322/3408
f 3568/3660 3322/3408 3563/3655 3562/3654
f 3563/3655 3322/3408 3318/3404 3317/3403
f 3563/3655 3317/3403 3558/3650 3557/3649
f 3558/3650 3317/3403 3313/3399 3312/3398
f 3558/3650 3312/3398 3553/3645 3552/3644
f 3553/3645 3312/3398 3308/3393 3307/3392
f 3553/3645 3307/3392 3548/3640 3547/3639
f 3548/3640 3307/3392 3303/3391 3302/5440
f 3548/3640 3302/5440 3543/3635 3542/3634
f 3543/5441 3302/3385 3298/3381 3297/3380
f 3543/5441 3297/3380 3538/3627 3537/3626
f 3538/3627 3297/3380 3293/3376 3292/3375
f 3538/3627 3292/3375 3533/3622 3532/3621
f 3533/3622 3292/3375 3288/3371 3287/3370
f 3533/3622 3287/3370 3528/3617 3527/3616
f 3528/3617 3287/3370 3283/3366 3282/3365
f 3528/3617 3282/3365 3523/3612 3522/3611
f 3523/3612 3282/3365 3278/3361 3277/3360
f 3523/3612 3277/3360 3518/3607 3517/3606
f 3518/3607 3277/3360 3273/3356 3261/3344
f 3518/3607 3261/3344 3260/3343 3513/3602
f 3396/3482 3395/3481 3251/3332 3250/3331
f 5308/5442 5316/5443 5317/5444 5318/5445
f 5308/5442 5319/5446 5320/5447 5316/5443
f 5308/5442 5318/5445 5321/5448 5319/5446
f 5309/5449 5322/5450 5323/5451 5324/5452
f 5309/5449 5324/5452 5325/5453 5326/5454
f 5309/5449 5326/5454 5327/5455 5322/5450
f 5310/5456 5328/5457 5329/5458 5330/5459
f 5310/5456 5331/5460 5332/5461 5328/5457
f 5310/5456 5330/5459 5333/5462 5331/5460
f 5311/5463 5334/5464 5335/5465 5336/5466
f 5311/5463 5337/5467 5338/5468 5334/5464
f 5311/5463 5336/5466 5339/5469 5337/5467
f 5312/5470 5340/5471 5341/5472 5342/5473
f 5312/5470 5342/5473 5343/5474 5344/5475
f 5312/5470 5344/5475 5345/5476 5340/5471
f 5313/5477 5346/5478 5347/5479 5348/5480
f 5313/5477 5348/5480 5349/5481 5350/5482
f 5313/5477 5350/5482 5351/5483 5346/5478
f 5314/5484 5352/5485 5353/5486 5354/5487
f 5314/5484 5354/5487 5355/5488 5356/5489
f 5314/5484 5356/5489 5357/5490 5352/5485
f 5315/5491 5358/5492 5359/5493 5360/5494
f 5315/5491 5361/5495 5362/5496 5358/5492
f 5315/5491 5360/5494 5363/5497 5361/5495
f 5363/5497 5360/5494 5364/5498 5365/5499
f 5363/5497 5365/5499 5366/5500 5367/5501
f 5363/5497 5367/5501 5368/5502 5361/5495
f 5368/5502 5367/5501 5369/5503 5370/5504
f 5368/5502 5370/5504 5371/5505 5372/5506
f 5368/5502 5372/5506 5362/5496 5361/5495
f 5372/5506 5371/5505 5373/5507 5374/5508
f 5372/5506 5374/5508 5375/5509 5362/5496
f 5375/5509 5376/5510 5358/5492 5362/5496
f 5375/5509 5374/5508 5377/5511 5378/5512
f 5375/5509 5378/5512 5379/5513 5376/5510
f 5379/5513 5380/5514 5381/5515 5376/5510
f 5379/5513 5378/5512 5382/5516 5383/5517
f 5379/5513 5383/5517 5384/5518 5380/5514
f 5384/5518 5385/5519 5386/5520 5380/5514
f 5384/5518 5383/5517 5387/5521 5388/5522
f 5384/5518 5388/5522 5389/5523 5385/5519
f 5389/5523 5390/5524 5391/5525 5385/5519
f 5389/5523 5388/5522 5392/5526 5393/5527
f 5389/5523 5393/5527 5394/5528 5390/5524
f 5394/5529 5393/5530 5395/5531 5396/5532
f 5394/5529 5396/5532 5397/5533 5357/5534
f 5394/5528 5357/5490 5356/5489 5390/5524
f 5397/5533 5396/5532 5398/5535 5399/5536
f 5397/5533 5399/5536 5400/5537 5401/5538
f 5397/5533 5401/5538 5352/5539 5357/5534
f 5401/5538 5400/5537 5402/5540 5403/5541
f 5401/5538 5403/5541 5353/5542 5352/5539
f 5403/5541 5402/5540 5404/5543 5405/5544
f 5403/5541 5405/5544 5406/5545 5353/5542
f 5406/5546 5407/5547 5354/5487 5353/5486
f 5406/5546 5405/5544 5408/5548 5409/5549
f 5406/5546 5409/5549 5410/5550 5407/5547
f 5410/5550 5409/5549 5411/5551 5412/5552
f 5410/5550 5412/5552 5413/5553 5414/5554
f 5410/5550 5414/5554 5415/5555 5407/5547
f 5415/5555 5355/5488 5354/5487 5407/5547
f 5415/5555 5414/5554 5416/5556 5417/5557
f 5415/5555 5417/5557 5391/5525 5355/5488
f 5417/5557 5416/5556 5418/5558 5386/5520
f 5417/5557 5386/5520 5385/5519 5391/5525
f 5418/5558 5416/5556 5419/5559 5420/5560
f 5418/5558 5420/5560 5359/5493 5381/5515
f 5418/5558 5381/5515 5380/5514 5386/5520
f 5420/5560 5419/5559 5421/5561 5364/5498
f 5420/5560 5364/5498 5360/5494 5359/5493
f 5421/5561 5419/5559 5413/5553 5422/5562
f 5421/5561 5422/5562 5423/5563 5424/5564
f 5421/5561 5424/5564 5365/5499 5364/5498
f 5424/5564 5423/5563 5425/5565 5426/5566
f 5424/5564 5426/5566 5366/5500 5365/5499
f 5426/5566 5425/5565 5427/5567 5428/5568
f 5426/5566 5428/5568 5429/5569 5366/5500
f 5429/5569 5428/5568 5430/5570 5431/5571
f 5429/5569 5431/5571 5432/5572 5369/5503
f 5429/5569 5369/5503 5367/5501 5366/5500
f 5432/5572 5431/5571 5433/5573 5434/5574
f 5432/5572 5434/5574 5435/5575 5436/5576
f 5432/5572 5436/5576 5370/5504 5369/5503
f 5436/5576 5435/5575 5437/5577 5438/5578
f 5436/5576 5438/5578 5371/5505 5370/5504
f 5438/5578 5437/5577 5439/5579 5440/5580
f 5438/5578 5440/5580 5373/5507 5371/5505
f 5440/5580 5439/5579 5441/5581 5442/5582
f 5440/5580 5442/5582 5443/5583 5373/5507
f 5443/5583 5377/5511 5374/5508 5373/5507
f 5443/5583 5442/5582 5444/5584 5445/5585
f 5443/5583 5445/5585 5446/5586 5377/5511
f 5446/5586 5382/5516 5378/5512 5377/5511
f 5446/5586 5445/5585 5447/5587 5448/5588
f 5446/5586 5448/5588 5449/5589 5382/5516
f 5449/5589 5387/5521 5383/5517 5382/5516
f 5449/5589 5448/5588 5450/5590 5451/5591
f 5449/5589 5451/5591 5452/5592 5387/5521
f 5452/5592 5392/5526 5388/5522 5387/5521
f 5452/5593 5451/5594 5453/5595 5454/5596
f 5452/5593 5454/5596 5455/5597 5392/5598
f 5455/5597 5454/5596 5456/5599 5457/5600
f 5455/5597 5457/5600 5458/5601 5395/5531
f 5455/5597 5395/5531 5393/5530 5392/5598
f 5458/5601 5457/5600 5459/5602 5460/5603
f 5458/5601 5460/5603 5461/5604 5398/5535
f 5458/5601 5398/5535 5396/5532 5395/5531
f 5461/5604 5460/5603 5462/5605 5463/5606
f 5461/5604 5463/5606 5464/5607 5465/5608
f 5461/5604 5465/5608 5399/5536 5398/5535
f 5465/5608 5464/5607 5466/5609 5467/5610
f 5465/5608 5467/5610 5400/5537 5399/5536
f 5467/5610 5466/5609 5468/5611 5469/5612
f 5467/5610 5469/5612 5402/5540 5400/5537
f 5469/5612 5468/5611 5470/5613 5471/5614
f 5469/5612 5471/5614 5404/5543 5402/5540
f 5471/5614 5470/5613 5339/5469 5336/5466
f 5471/5614 5336/5466 5335/5465 5404/5543
f 5470/5613 5468/5611 5472/5615 5473/5616
f 5470/5613 5473/5616 5474/5617 5339/5469
f 5474/5617 5473/5616 5475/5618 5476/5619
f 5474/5617 5476/5619 5477/5620 5478/5621
f 5474/5617 5478/5621 5337/5467 5339/5469
f 5478/5621 5477/5620 5479/5622 5480/5623
f 5478/5621 5480/5623 5338/5468 5337/5467
f 5480/5623 5479/5622 5481/5624 5482/5625
f 5480/5623 5482/5625 5483/5626 5338/5468
f 5483/5626 5484/5627 5334/5464 5338/5468
f 5483/5626 5482/5625 5485/5628 5486/5629
f 5483/5626 5486/5629 5411/5551 5484/5627
f 5486/5629 5485/5628 5487/5630 5488/5631
f 5486/5629 5488/5631 5412/5552 5411/5551
f 5488/5631 5487/5630 5423/5563 5422/5562
f 5488/5631 5422/5562 5413/5553 5412/5552
f 5487/5630 5485/5628 5489/5632 5490/5633
f 5487/5630 5490/5633 5425/5565 5423/5563
f 5490/5633 5489/5632 5491/5634 5492/5635
f 5490/5633 5492/5635 5427/5567 5425/5565
f 5492/5635 5491/5634 5493/5636 5494/5637
f 5492/5635 5494/5637 5495/5638 5427/5567
f 5495/5638 5494/5637 5496/5639 5497/5640
f 5495/5638 5497/5640 5498/5641 5430/5570
f 5495/5638 5430/5570 5428/5568 5427/5567
f 5498/5641 5497/5640 5499/5642 5500/5643
f 5498/5641 5500/5643 5501/5644 5433/5573
f 5498/5641 5433/5573 5431/5571 5430/5570
f 5501/5644 5500/5643 5502/5645 5503/5646
f 5501/5644 5503/5646 5504/5647 5505/5648
f 5501/5644 5505/5648 5434/5574 5433/5573
f 5505/5648 5504/5647 5506/5649 5507/5650
f 5505/5648 5507/5650 5435/5575 5434/5574
f 5507/5650 5506/5649 5508/5651 5509/5652
f 5507/5650 5509/5652 5437/5577 5435/5575
f 5509/5652 5508/5651 5510/5653 5511/5654
f 5509/5652 5511/5654 5439/5579 5437/5577
f 5511/5654 5510/5653 5512/5655 5513/5656
f 5511/5654 5513/5656 5441/5581 5439/5579
f 5513/5656 5512/5655 5514/5657 5515/5658
f 5513/5656 5515/5658 5516/5659 5441/5581
f 5516/5659 5444/5584 5442/5582 5441/5581
f 5516/5659 5515/5658 5517/5660 5518/5661
f 5516/5659 5518/5661 5519/5662 5444/5584
f 5519/5662 5447/5587 5445/5585 5444/5584
f 5519/5662 5518/5661 5520/5663 5521/5664
f 5519/5662 5521/5664 5522/5665 5447/5587
f 5522/5665 5450/5590 5448/5588 5447/5587
f 5522/5666 5521/5667 5523/5668 5524/5669
f 5522/5666 5524/5669 5525/5670 5450/5671
f 5525/5670 5453/5595 5451/5594 5450/5671
f 5525/5670 5524/5669 5526/5672 5527/5673
f 5525/5670 5527/5673 5528/5674 5453/5595
f 5528/5674 5456/5599 5454/5596 5453/5595
f 5528/5674 5527/5673 5529/5675 5530/5676
f 5528/5674 5530/5676 5531/5677 5456/5599
f 5531/5677 5530/5676 5350/5482 5349/5481
f 5531/5677 5349/5481 5532/5678 5459/5602
f 5531/5677 5459/5602 5457/5600 5456/5599
f 5532/5678 5349/5481 5348/5480 5533/5679
f 5532/5678 5533/5679 5534/5680 5462/5605
f 5532/5678 5462/5605 5460/5603 5459/5602
f 5534/5680 5533/5679 5535/5681 5536/5682
f 5534/5680 5536/5682 5537/5683 5538/5684
f 5534/5680 5538/5684 5463/5606 5462/5605
f 5538/5684 5537/5683 5539/5685 5540/5686
f 5538/5684 5540/5686 5464/5607 5463/5606
f 5540/5686 5539/5685 5541/5687 5542/5688
f 5540/5686 5542/5688 5466/5609 5464/5607
f 5542/5688 5541/5687 5543/5689 5472/5615
f 5542/5688 5472/5615 5468/5611 5466/5609
f 5543/5689 5541/5687 5544/5690 5545/5691
f 5543/5689 5545/5691 5546/5692 5475/5618
f 5543/5689 5475/5618 5473/5616 5472/5615
f 5546/5692 5545/5691 5547/5693 5548/5694
f 5546/5692 5548/5694 5549/5695 5550/5696
f 5546/5692 5550/5696 5476/5619 5475/5618
f 5550/5696 5549/5695 5551/5697 5552/5698
f 5550/5696 5552/5698 5477/5620 5476/5619
f 5552/5698 5551/5697 5553/5699 5554/5700
f 5552/5698 5554/5700 5479/5622 5477/5620
f 5554/5700 5553/5699 5555/5701 5556/5702
f 5554/5700 5556/5702 5481/5624 5479/5622
f 5556/5702 5555/5701 5493/5636 5491/5634
f 5556/5702 5491/5634 5489/5632 5481/5624
f 5555/5701 5553/5699 5557/5703 5558/5704
f 5555/5701 5558/5704 5559/5705 5493/5636
f 5559/5705 5558/5704 5560/5706 5561/5707
f 5559/5705 5561/5707 5562/5708 5496/5639
f 5559/5705 5496/5639 5494/5637 5493/5636
f 5562/5708 5561/5707 5563/5709 5564/5710
f 5562/5708 5564/5710 5565/5711 5499/5642
f 5562/5708 5499/5642 5497/5640 5496/5639
f 5565/5711 5564/5710 5566/5712 5567/5713
f 5565/5711 5567/5713 5568/5714 5502/5645
f 5565/5711 5502/5645 5500/5643 5499/5642
f 5568/5714 5567/5713 5569/5715 5570/5716
f 5568/5714 5570/5716 5571/5717 5572/5718
f 5568/5714 5572/5718 5503/5646 5502/5645
f 5572/5718 5571/5717 5573/5719 5574/5720
f 5572/5718 5574/5720 5504/5647 5503/5646
f 5574/5720 5573/5719 5575/5721 5576/5722
f 5574/5720 5576/5722 5506/5649 5504/5647
f 5576/5722 5575/5721 5577/5723 5578/5724
f 5576/5722 5578/5724 5508/5651 5506/5649
f 5578/5724 5577/5723 5579/5725 5580/5726
f 5578/5724 5580/5726 5510/5653 5508/5651
f 5580/5726 5579/5725 5581/5727 5582/5728
f 5580/5726 5582/5728 5512/5655 5510/5653
f 5582/5728 5581/5727 5583/5729 5584/5730
f 5582/5728 5584/5730 5514/5657 5512/5655
f 5584/5730 5583/5729 5585/5731 5586/5732
f 5584/5730 5586/5732 5587/5733 5514/5657
f 5587/5733 5517/5660 5515/5658 5514/5657
f 5587/5733 5586/5732 5588/5734 5589/5735
f 5587/5733 5589/5735 5590/5736 5517/5660
f 5590/5736 5520/5663 5518/5661 5517/5660
f 5590/5737 5589/5738 5591/5739 5592/5740
f 5590/5737 5592/5740 5593/5741 5520/5742
f 5593/5741 5523/5668 5521/5667 5520/5742
f 5593/5741 5592/5740 5594/5743 5595/5744
f 5593/5741 5595/5744 5596/5745 5523/5668
f 5596/5745 5526/5672 5524/5669 5523/5668
f 5596/5745 5595/5744 5597/5746 5598/5747
f 5596/5745 5598/5747 5599/5748 5526/5672
f 5599/5748 5529/5675 5527/5673 5526/5672
f 5599/5748 5598/5747 5600/5749 5601/5750
f 5599/5748 5601/5750 5351/5483 5529/5675
f 5601/5750 5600/5749 5602/5751 5603/5752
f 5601/5750 5603/5752 5346/5478 5351/5483
f 5603/5752 5602/5751 5604/5753 5605/5754
f 5603/5752 5605/5754 5347/5479 5346/5478
f 5605/5754 5604/5753 5606/5755 5607/5756
f 5605/5754 5607/5756 5535/5681 5347/5479
f 5607/5756 5606/5755 5608/5757 5609/5758
f 5607/5756 5609/5758 5536/5682 5535/5681
f 5609/5758 5608/5757 5610/5759 5611/5760
f 5609/5758 5611/5760 5537/5683 5536/5682
f 5611/5760 5610/5759 5612/5761 5613/5762
f 5611/5760 5613/5762 5539/5685 5537/5683
f 5613/5762 5612/5761 5614/5763 5544/5690
f 5613/5762 5544/5690 5541/5687 5539/5685
f 5614/5763 5612/5761 5615/5764 5616/5765
f 5614/5763 5616/5765 5617/5766 5547/5693
f 5614/5763 5547/5693 5545/5691 5544/5690
f 5617/5766 5616/5765 5618/5767 5619/5768
f 5617/5766 5619/5768 5620/5769 5621/5770
f 5617/5766 5621/5770 5548/5694 5547/5693
f 5621/5770 5620/5769 5622/5771 5623/5772
f 5621/5770 5623/5772 5549/5695 5548/5694
f 5623/5772 5622/5771 5624/5773 5625/5774
f 5623/5772 5625/5774 5551/5697 5549/5695
f 5625/5774 5624/5773 5626/5775 5557/5703
f 5625/5774 5557/5703 5553/5699 5551/5697
f 5626/5775 5624/5773 5627/5776 5628/5777
f 5626/5775 5628/5777 5629/5778 5560/5706
f 5626/5775 5560/5706 5558/5704 5557/5703
f 5629/5778 5628/5777 5630/5779 5631/5780
f 5629/5778 5631/5780 5632/5781 5563/5709
f 5629/5778 5563/5709 5561/5707 5560/5706
f 5632/5781 5631/5780 5633/5782 5634/5783
f 5632/5781 5634/5783 5635/5784 5566/5712
f 5632/5781 5566/5712 5564/5710 5563/5709
f 5635/5784 5634/5783 5636/5785 5637/5786
f 5635/5784 5637/5786 5638/5787 5569/5715
f 5635/5784 5569/5715 5567/5713 5566/5712
f 5638/5787 5637/5786 5639/5788 5640/5789
f 5638/5787 5640/5789 5641/5790 5642/5791
f 5638/5787 5642/5791 5570/5716 5569/5715
f 5642/5791 5641/5790 5643/5792 5644/5793
f 5642/5791 5644/5793 5571/5717 5570/5716
f 5644/5793 5643/5792 5645/5794 5646/5795
f 5644/5793 5646/5795 5573/5719 5571/5717
f 5646/5795 5645/5794 5647/5796 5648/5797
f 5646/5795 5648/5797 5575/5721 5573/5719
f 5648/5797 5647/5796 5649/5798 5650/5799
f 5648/5797 5650/5799 5577/5723 5575/5721
f 5650/5799 5649/5798 5651/5800 5652/5801
f 5650/5799 5652/5801 5579/5725 5577/5723
f 5652/5801 5651/5800 5653/5802 5654/5803
f 5652/5801 5654/5803 5581/5727 5579/5725
f 5654/5803 5653/5802 5655/5804 5656/5805
f 5654/5803 5656/5805 5583/5729 5581/5727
f 5656/5805 5655/5804 5657/5806 5658/5807
f 5656/5805 5658/5807 5585/5731 5583/5729
f 5658/5807 5657/5806 5659/5808 5660/5809
f 5658/5807 5660/5809 5661/5810 5585/5731
f 5661/5810 5588/5734 5586/5732 5585/5731
f 5661/5811 5660/5812 5662/5813 5663/5814
f 5661/5811 5663/5814 5664/5815 5588/5816
f 5664/5815 5591/5739 5589/5738 5588/5816
f 5664/5815 5663/5814 5665/5817 5666/5818
f 5664/5815 5666/5818 5667/5819 5591/5739
f 5667/5819 5594/5743 5592/5740 5591/5739
f 5667/5819 5666/5818 5668/5820 5669/5821
f 5667/5819 5669/5821 5670/5822 5594/5743
f 5670/5822 5597/5746 5595/5744 5594/5743
f 5670/5822 5669/5821 5671/5823 5672/5824
f 5670/5822 5672/5824 5673/5825 5597/5746
f 5673/5825 5600/5749 5598/5747 5597/5746
f 5673/5825 5672/5824 5674/5826 5675/5827
f 5673/5825 5675/5827 5602/5751 5600/5749
f 5675/5827 5674/5826 5676/5828 5677/5829
f 5675/5827 5677/5829 5604/5753 5602/5751
f 5677/5829 5676/5828 5678/5830 5679/5831
f 5677/5829 5679/5831 5606/5755 5604/5753
f 5679/5831 5678/5830 5680/5832 5681/5833
f 5679/5831 5681/5833 5608/5757 5606/5755
f 5681/5833 5680/5832 5682/5834 5683/5835
f 5681/5833 5683/5835 5610/5759 5608/5757
f 5683/5835 5682/5834 5684/5836 5615/5764
f 5683/5835 5615/5764 5612/5761 5610/5759
f 5684/5836 5682/5834 5685/5837 5686/5838
f 5684/5836 5686/5838 5687/5839 5618/5767
f 5684/5836 5618/5767 5616/5765 5615/5764
f 5687/5839 5686/5838 5688/5840 5689/5841
f 5687/5839 5689/5841 5690/5842 5691/5843
f 5687/5839 5691/5843 5619/5768 5618/5767
f 5691/5843 5690/5842 5692/5844 5693/5845
f 5691/5843 5693/5845 5620/5769 5619/5768
f 5693/5845 5692/5844 5694/5846 5695/5847
f 5693/5845 5695/5847 5622/5771 5620/5769
f 5695/5847 5694/5846 5696/5848 5627/5776
f 5695/5847 5627/5776 5624/5773 5622/5771
f 5696/5848 5694/5846 5697/5849 5698/5850
f 5696/5848 5698/5850 5699/5851 5630/5779
f 5696/5848 5630/5779 5628/5777 5627/5776
f 5699/5851 5698/5850 5700/5852 5701/5853
f 5699/5851 5701/5853 5702/5854 5633/5782
f 5699/5851 5633/5782 5631/5780 5630/5779
f 5702/5854 5701/5853 5703/5855 5704/5856
f 5702/5854 5704/5856 5705/5857 5636/5785
f 5702/5854 5636/5785 5634/5783 5633/5782
f 5705/5857 5704/5856 5706/5858 5707/5859
f 5705/5857 5707/5859 5708/5860 5639/5788
f 5705/5857 5639/5788 5637/5786 5636/5785
f 5708/5860 5707/5859 5709/5861 5710/5862
f 5708/5860 5710/5862 5711/5863 5712/5864
f 5708/5860 5712/5864 5640/5789 5639/5788
f 5712/5864 5711/5863 5713/5865 5714/5866
f 5712/5864 5714/5866 5641/5790 5640/5789
f 5714/5866 5713/5865 5715/5867 5716/5868
f 5714/5866 5716/5868 5643/5792 5641/5790
f 5716/5868 5715/5867 5717/5869 5718/5870
f 5716/5868 5718/5870 5645/5794 5643/5792
f 5718/5870 5717/5869 5719/5871 5720/5872
f 5718/5870 5720/5872 5647/5796 5645/5794
f 5720/5872 5719/5871 5721/5873 5722/5874
f 5720/5872 5722/5874 5649/5798 5647/5796
f 5722/5874 5721/5873 5723/5875 5724/5876
f 5722/5874 5724/5876 5651/5800 5649/5798
f 5724/5876 5723/5875 5725/5877 5726/5878
f 5724/5876 5726/5878 5653/5802 5651/5800
f 5726/5878 5725/5877 5727/5879 5728/5880
f 5726/5878 5728/5880 5655/5804 5653/5802
f 5728/5880 5727/5879 5729/5881 5730/5882
f 5728/5880 5730/5882 5657/5806 5655/5804
f 5730/5882 5729/5881 5731/5883 5732/5884
f 5730/5882 5732/5884 5659/5808 5657/5806
f 5732/5885 5731/5886 5733/5887 5734/5888
f 5732/5885 5734/5888 5735/5889 5659/5890
f 5735/5889 5662/5813 5660/5812 5659/5890
f 5735/5889 5734/5888 5736/5891 5737/5892
f 5735/5889 5737/5892 5738/5893 5662/5813
f 5738/5893 5665/5817 5663/5814 5662/5813
f 5738/5893 5737/5892 5739/5894 5740/5895
f 5738/5893 5740/5895 5741/5896 5665/5817
f 5741/5896 5668/5820 5666/5818 5665/5817
f 5741/5896 5740/5895 5742/5897 5743/5898
f 5741/5896 5743/5898 5744/5899 5668/5820
f 5744/5899 5671/5823 5669/5821 5668/5820
f 5744/5899 5743/5898 5745/5900 5746/5901
f 5744/5899 5746/5901 5747/5902 5671/5823
f 5747/5902 5674/5826 5672/5824 5671/5823
f 5747/5902 5746/5901 5748/5903 5749/5904
f 5747/5902 5749/5904 5676/5828 5674/5826
f 5749/5904 5748/5903 5750/5905 5751/5906
f 5749/5904 5751/5906 5678/5830 5676/5828
f 5751/5906 5750/5905 5752/5907 5753/5908
f 5751/5906 5753/5908 5680/5832 5678/5830
f 5753/5908 5752/5907 5754/5909 5685/5837
f 5753/5908 5685/5837 5682/5834 5680/5832
f 5754/5909 5752/5907 5755/5910 5756/5911
f 5754/5909 5756/5911 5757/5912 5688/5840
f 5754/5909 5688/5840 5686/5838 5685/5837
f 5757/5912 5756/5911 5758/5913 5759/5914
f 5757/5912 5759/5914 5760/5915 5761/5916
f 5757/5912 5761/5916 5689/5841 5688/5840
f 5761/5916 5760/5915 5762/5917 5763/5918
f 5761/5916 5763/5918 5690/5842 5689/5841
f 5763/5918 5762/5917 5764/5919 5765/5920
f 5763/5918 5765/5920 5692/5844 5690/5842
f 5765/5920 5764/5919 5766/5921 5697/5849
f 5765/5920 5697/5849 5694/5846 5692/5844
f 5766/5921 5764/5919 5767/5922 5768/5923
f 5766/5921 5768/5923 5769/5924 5700/5852
f 5766/5921 5700/5852 5698/5850 5697/5849
f 5769/5924 5768/5923 5770/5925 5771/5926
f 5769/5924 5771/5926 5772/5927 5703/5855
f 5769/5924 5703/5855 5701/5853 5700/5852
f 5772/5927 5771/5926 5773/5928 5774/5929
f 5772/5927 5774/5929 5775/5930 5706/5858
f 5772/5927 5706/5858 5704/5856 5703/5855
f 5775/5930 5774/5929 5776/5931 5777/5932
f 5775/5930 5777/5932 5778/5933 5709/5861
f 5775/5930 5709/5861 5707/5859 5706/5858
f 5778/5933 5777/5932 5779/5934 5780/5935
f 5778/5933 5780/5935 5781/5936 5782/5937
f 5778/5933 5782/5937 5710/5862 5709/5861
f 5782/5937 5781/5936 5783/5938 5784/5939
f 5782/5937 5784/5939 5711/5863 5710/5862
f 5784/5939 5783/5938 5785/5940 5786/5941
f 5784/5939 5786/5941 5713/5865 5711/5863
f 5786/5941 5785/5940 5787/5942 5788/5943
f 5786/5941 5788/5943 5715/5867 5713/5865
f 5788/5943 5787/5942 5789/5944 5790/5945
f 5788/5943 5790/5945 5717/5869 5715/5867
f 5790/5945 5789/5944 5791/5946 5792/5947
f 5790/5945 5792/5947 5719/5871 5717/5869
f 5792/5947 5791/5946 5793/5948 5794/5949
f 5792/5947 5794/5949 5721/5873 5719/5871
f 5794/5949 5793/5948 5795/5950 5796/5951
f 5794/5949 5796/5951 5723/5875 5721/5873
f 5796/5951 5795/5950 5797/5952 5798/5953
f 5796/5951 5798/5953 5725/5877 5723/5875
f 5798/5953 5797/5952 5799/5954 5800/5955
f 5798/5953 5800/5955 5727/5879 5725/5877
f 5800/5955 5799/5954 5801/5956 5802/5957
f 5800/5955 5802/5957 5729/5881 5727/5879
f 5802/5957 5801/5956 5803/5958 5804/5959
f 5802/5957 5804/5959 5731/5883 5729/5881
f 5804/5960 5803/5961 5805/5962 5806/5963
f 5804/5960 5806/5963 5733/5887 5731/5886
f 5806/5963 5805/5962 5807/5964 5808/5965
f 5806/5963 5808/5965 5809/5966 5733/5887
f 5809/5966 5736/5891 5734/5888 5733/5887
f 5809/5966 5808/5965 5810/5967 5811/5968
f 5809/5966 5811/5968 5812/5969 5736/5891
f 5812/5969 5739/5894 5737/5892 5736/5891
f 5812/5969 5811/5968 5813/5970 5814/5971
f 5812/5969 5814/5971 5815/5972 5739/5894
f 5815/5972 5742/5897 5740/5895 5739/5894
f 5815/5972 5814/5971 5816/5973 5817/5974
f 5815/5972 5817/5974 5818/5975 5742/5897
f 5818/5975 5745/5900 5743/5898 5742/5897
f 5818/5975 5817/5974 5819/5976 5820/5977
f 5818/5975 5820/5977 5821/5978 5745/5900
f 5821/5978 5748/5903 5746/5901 5745/5900
f 5821/5978 5820/5977 5822/5979 5823/5980
f 5821/5978 5823/5980 5750/5905 5748/5903
f 5823/5980 5822/5979 5824/5981 5755/5910
f 5823/5980 5755/5910 5752/5907 5750/5905
f 5824/5981 5822/5979 5825/5982 5826/5983
f 5824/5981 5826/5983 5827/5984 5758/5913
f 5824/5981 5758/5913 5756/5911 5755/5910
f 5827/5984 5826/5983 5828/5985 5829/5986
f 5827/5984 5829/5986 5830/5987 5831/5988
f 5827/5984 5831/5988 5759/5914 5758/5913
f 5831/5988 5830/5987 5832/5989 5833/5990
f 5831/5988 5833/5990 5760/5915 5759/5914
f 5833/5990 5832/5989 5834/5991 5835/5992
f 5833/5990 5835/5992 5762/5917 5760/5915
f 5835/5992 5834/5991 5836/5993 5767/5922
f 5835/5992 5767/5922 5764/5919 5762/5917
f 5836/5993 5834/5991 5837/5994 5838/5995
f 5836/5993 5838/5995 5839/5996 5770/5925
f 5836/5993 5770/5925 5768/5923 5767/5922
f 5839/5996 5838/5995 5840/5997 5841/5998
f 5839/5996 5841/5998 5842/5999 5773/5928
f 5839/5996 5773/5928 5771/5926 5770/5925
f 5842/5999 5841/5998 5843/6000 5844/6001
f 5842/5999 5844/6001 5845/6002 5776/5931
f 5842/5999 5776/5931 5774/5929 5773/5928
f 5845/6002 5844/6001 5846/6003 5847/6004
f 5845/6002 5847/6004 5848/6005 5779/5934
f 5845/6002 5779/5934 5777/5932 5776/5931
f 5848/6005 5847/6004 5849/6006 5850/6007
f 5848/6005 5850/6007 5851/6008 5852/6009
f 5848/6005 5852/6009 5780/5935 5779/5934
f 5852/6009 5851/6008 5853/6010 5854/6011
f 5852/6009 5854/6011 5781/5936 5780/5935
f 5854/6011 5853/6010 5855/6012 5856/6013
f 5854/6011 5856/6013 5783/5938 5781/5936
f 5856/6013 5855/6012 5857/6014 5858/6015
f 5856/6013 5858/6015 5785/5940 5783/5938
f 5858/6015 5857/6014 5859/6016 5860/6017
f 5858/6015 5860/6017 5787/5942 5785/5940
f 5860/6017 5859/6016 5861/6018 5862/6019
f 5860/6017 5862/6019 5789/5944 5787/5942
f 5862/6019 5861/6018 5863/6020 5864/6021
f 5862/6019 5864/6021 5791/5946 5789/5944
f 5864/6021 5863/6020 5865/6022 5866/6023
f 5864/6021 5866/6023 5793/5948 5791/5946
f 5866/6023 5865/6022 5867/6024 5868/6025
f 5866/6023 5868/6025 5795/5950 5793/5948
f 5868/6025 5867/6024 5869/6026 5870/6027
f 5868/6025 5870/6027 5797/5952 5795/5950
f 5870/6027 5869/6026 5871/6028 5872/6029
f 5870/6027 5872/6029 5799/5954 5797/5952
f 5872/6029 5871/6028 5873/6030 5874/6031
f 5872/6029 5874/6031 5801/5956 5799/5954
f 5874/6031 5873/6030 5875/6032 5876/6033
f 5874/6031 5876/6033 5803/5958 5801/5956
f 5876/6034 5875/6035 5877/6036 5878/6037
f 5876/6034 5878/6037 5805/5962 5803/5961
f 5878/6037 5877/6036 5879/6038 5880/6039
f 5878/6037 5880/6039 5807/5964 5805/5962
f 5880/6039 5879/6038 5881/6040 5882/6041
f 5880/6039 5882/6041 5883/6042 5807/5964
f 5883/6042 5810/5967 5808/5965 5807/5964
f 5883/6042 5882/6041 5884/6043 5885/6044
f 5883/6042 5885/6044 5886/6045 5810/5967
f 5886/6045 5813/5970 5811/5968 5810/5967
f 5886/6045 5885/6044 5887/6046 5888/6047
f 5886/6045 5888/6047 5889/6048 5813/5970
f 5889/6048 5816/5973 5814/5971 5813/5970
f 5889/6048 5888/6047 5890/6049 5891/6050
f 5889/6048 5891/6050 5892/6051 5816/5973
f 5892/6051 5819/5976 5817/5974 5816/5973
f 5892/6051 5891/6050 5893/6052 5894/6053
f 5892/6051 5894/6053 5825/5982 5819/5976
f 5894/6053 5893/6052 5895/6054 5828/5985
f 5894/6053 5828/5985 5826/5983 5825/5982
f 5895/6054 5893/6052 5896/6055 5897/6056
f 5895/6054 5897/6056 5898/6057 5899/6058
f 5895/6054 5899/6058 5829/5986 5828/5985
f 5899/6058 5898/6057 5900/6059 5901/6060
f 5899/6058 5901/6060 5830/5987 5829/5986
f 5901/6060 5900/6059 5902/6061 5903/6062
f 5901/6060 5903/6062 5832/5989 5830/5987
f 5903/6062 5902/6061 5904/6063 5837/5994
f 5903/6062 5837/5994 5834/5991 5832/5989
f 5904/6063 5902/6061 5905/6064 5906/6065
f 5904/6063 5906/6065 5907/6066 5840/5997
f 5904/6063 5840/5997 5838/5995 5837/5994
f 5907/6066 5906/6065 5908/6067 5909/6068
f 5907/6066 5909/6068 5910/6069 5843/6000
f 5907/6066 5843/6000 5841/5998 5840/5997
f 5910/6069 5909/6068 5911/6070 5912/6071
f 5910/6069 5912/6071 5913/6072 5846/6003
f 5910/6069 5846/6003 5844/6001 5843/6000
f 5913/6072 5912/6071 5914/6073 5915/6074
f 5913/6072 5915/6074 5916/6075 5849/6006
f 5913/6072 5849/6006 5847/6004 5846/6003
f 5916/6075 5915/6074 5917/6076 5918/6077
f 5916/6075 5918/6077 5919/6078 5920/6079
f 5916/6075 5920/6079 5850/6007 5849/6006
f 5920/6079 5919/6078 5921/6080 5922/6081
f 5920/6079 5922/6081 5851/6008 5850/6007
f 5922/6081 5921/6080 5923/6082 5924/6083
f 5922/6081 5924/6083 5853/6010 5851/6008
f 5924/6083 5923/6082 5925/6084 5926/6085
f 5924/6083 5926/6085 5855/6012 5853/6010
f 5926/6085 5925/6084 5927/6086 5928/6087
f 5926/6085 5928/6087 5857/6014 5855/6012
f 5928/6087 5927/6086 5929/6088 5930/6089
f 5928/6087 5930/6089 5859/6016 5857/6014
f 5930/6089 5929/6088 5931/6090 5932/6091
f 5930/6089 5932/6091 5861/6018 5859/6016
f 5932/6091 5931/6090 5933/6092 5934/6093
f 5932/6091 5934/6093 5863/6020 5861/6018
f 5934/6093 5933/6092 5935/6094 5936/6095
f 5934/6093 5936/6095 5865/6022 5863/6020
f 5936/6095 5935/6094 5937/6096 5938/6097
f 5936/6095 5938/6097 5867/6024 5865/6022
f 5938/6097 5937/6096 5939/6098 5940/6099
f 5938/6097 5940/6099 5869/6026 5867/6024
f 5940/6099 5939/6098 5941/6100 5942/6101
f 5940/6099 5942/6101 5871/6028 5869/6026
f 5942/6101 5941/6100 5943/6102 5944/6103
f 5942/6101 5944/6103 5873/6030 5871/6028
f 5944/6103 5943/6102 5945/6104 5946/6105
f 5944/6103 5946/6105 5875/6032 5873/6030
f 5946/6106 5945/6107 5947/6108 5948/6109
f 5946/6106 5948/6109 5877/6036 5875/6035
f 5948/6109 5947/6108 5949/6110 5950/6111
f 5948/6109 5950/6111 5879/6038 5877/6036
f 5950/6111 5949/6110 5951/6112 5952/6113
f 5950/6111 5952/6113 5881/6040 5879/6038
f 5952/6113 5951/6112 5953/6114 5954/6115
f 5952/6113 5954/6115 5955/6116 5881/6040
f 5955/6116 5884/6043 5882/6041 5881/6040
f 5955/6116 5954/6115 5956/6117 5957/6118
f 5955/6116 5957/6118 5958/6119 5884/6043
f 5958/6119 5887/6046 5885/6044 5884/6043
f 5958/6119 5957/6118 5959/6120 5960/6121
f 5958/6119 5960/6121 5961/6122 5887/6046
f 5961/6122 5890/6049 5888/6047 5887/6046
f 5961/6122 5960/6121 5962/6123 5963/6124
f 5961/6122 5963/6124 5896/6055 5890/6049
f 5963/6124 5962/6123 5964/6125 5965/6126
f 5963/6124 5965/6126 5897/6056 5896/6055
f 5965/6126 5964/6125 5966/6127 5967/6128
f 5965/6126 5967/6128 5898/6057 5897/6056
f 5967/6128 5966/6127 5968/6129 5969/6130
f 5967/6128 5969/6130 5900/6059 5898/6057
f 5969/6130 5968/6129 5970/6131 5905/6064
f 5969/6130 5905/6064 5902/6061 5900/6059
f 5970/6131 5968/6129 5971/6132 5972/6133
f 5970/6131 5972/6133 5973/6134 5908/6067
f 5970/6131 5908/6067 5906/6065 5905/6064
f 5973/6134 5972/6133 5974/6135 5975/6136
f 5973/6134 5975/6136 5976/6137 5911/6070
f 5973/6134 5911/6070 5909/6068 5908/6067
f 5976/6137 5975/6136 5977/6138 5978/6139
f 5976/6137 5978/6139 5979/6140 5914/6073
f 5976/6137 5914/6073 5912/6071 5911/6070
f 5979/6140 5978/6139 5325/5453 5324/5452
f 5979/6140 5324/5452 5323/5451 5917/6076
f 5979/6140 5917/6076 5915/6074 5914/6073
f 5978/6139 5977/6138 5980/6141 5325/5453
f 5980/6141 5977/6138 5981/6142 5982/6143
f 5980/6141 5982/6143 5983/6144 5984/6145
f 5980/6141 5984/6145 5326/5454 5325/5453
f 5984/6145 5983/6144 5985/6146 5986/6147
f 5984/6145 5986/6147 5327/5455 5326/5454
f 5986/6147 5985/6146 5987/6148 5988/6149
f 5986/6147 5988/6149 5989/6150 5327/5455
f 5989/6150 5990/6151 5322/5450 5327/5455
f 5989/6150 5988/6149 5991/6152 5992/6153
f 5989/6150 5992/6153 5993/6154 5990/6151
f 5993/6154 5994/6155 5995/6156 5990/6151
f 5993/6154 5992/6153 5996/6157 5997/6158
f 5993/6154 5997/6158 5998/6159 5994/6155
f 5998/6159 5921/6080 5919/6078 5994/6155
f 5998/6159 5997/6158 5999/6160 6000/6161
f 5998/6159 6000/6161 5923/6082 5921/6080
f 6000/6161 5999/6160 6001/6162 6002/6163
f 6000/6161 6002/6163 5925/6084 5923/6082
f 6002/6163 6001/6162 6003/6164 6004/6165
f 6002/6163 6004/6165 5927/6086 5925/6084
f 6004/6165 6003/6164 6005/6166 6006/6167
f 6004/6165 6006/6167 5929/6088 5927/6086
f 6006/6167 6005/6166 6007/6168 6008/6169
f 6006/6167 6008/6169 5931/6090 5929/6088
f 6008/6169 6007/6168 5316/5443 5320/5447
f 6008/6169 5320/5447 5933/6092 5931/6090
f 6007/6168 6005/6166 6009/6170 6010/6171
f 6007/6168 6010/6171 5317/5444 5316/5443
f 6010/6171 6009/6170 6011/6172 6012/6173
f 6010/6171 6012/6173 6013/6174 5317/5444
f 6013/6174 6012/6173 6014/6175 6015/6176
f 6013/6174 6015/6176 6016/6177 6017/6178
f 6013/6174 6017/6178 5318/5445 5317/5444
f 6017/6178 6018/6179 5321/5448 5318/5445
f 6017/6178 6016/6177 6019/6180 6018/6179
f 6019/6180 5941/6100 5939/6098 6018/6179
f 6019/6180 6016/6177 6020/6181 6021/6182
f 6019/6180 6021/6182 5943/6102 5941/6100
f 6021/6182 6020/6181 6022/6183 6023/6184
f 6021/6182 6023/6184 5945/6104 5943/6102
f 6023/6185 6022/6186 6024/6187 6025/6188
f 6023/6185 6025/6188 5947/6108 5945/6107
f 6025/6188 6024/6187 6026/6189 6027/6190
f 6025/6188 6027/6190 5949/6110 5947/6108
f 6027/6190 6026/6189 6028/6191 6029/6192
f 6027/6190 6029/6192 5951/6112 5949/6110
f 6029/6192 6028/6191 6030/6193 6031/6194
f 6029/6192 6031/6194 5953/6114 5951/6112
f 6031/6194 6030/6193 6032/6195 6033/6196
f 6031/6194 6033/6196 6034/6197 5953/6114
f 6034/6197 5956/6117 5954/6115 5953/6114
f 6034/6197 6033/6196 6035/6198 6036/6199
f 6034/6197 6036/6199 6037/6200 5956/6117
f 6037/6200 5959/6120 5957/6118 5956/6117
f 6037/6200 6036/6199 6038/6201 6039/6202
f 6037/6200 6039/6202 6040/6203 5959/6120
f 6040/6203 5962/6123 5960/6121 5959/6120
f 6040/6203 6039/6202 6041/6204 6042/6205
f 6040/6203 6042/6205 5964/6125 5962/6123
f 6042/6205 6041/6204 6043/6206 6044/6207
f 6042/6205 6044/6207 5966/6127 5964/6125
f 6044/6207 6043/6206 6045/6208 5971/6132
f 6044/6207 5971/6132 5968/6129 5966/6127
f 6045/6208 6043/6206 6046/6209 6047/6210
f 6045/6208 6047/6210 5981/6142 5974/6135
f 6045/6208 5974/6135 5972/6133 5971/6132
f 6047/6210 6046/6209 6048/6211 6049/6212
f 6047/6210 6049/6212 5982/6143 5981/6142
f 6049/6212 6048/6211 6050/6213 6051/6214
f 6049/6212 6051/6214 5983/6144 5982/6143
f 6051/6214 6050/6213 5332/5461 6052/6215
f 6051/6214 6052/6215 5985/6146 5983/6144
f 6052/6215 5332/5461 5331/5460 6053/6216
f 6052/6215 6053/6216 5987/6148 5985/6146
f 6053/6216 5331/5460 5333/5462 6054/6217
f 6053/6216 6054/6217 6055/6218 5987/6148
f 6055/6218 5991/6152 5988/6149 5987/6148
f 6055/6218 6054/6217 6056/6219 6057/6220
f 6055/6218 6057/6220 6058/6221 5991/6152
f 6058/6221 5996/6157 5992/6153 5991/6152
f 6058/6221 6057/6220 6059/6222 6060/6223
f 6058/6221 6060/6223 6061/6224 5996/6157
f 6061/6224 5999/6160 5997/6158 5996/6157
f 6061/6224 6060/6223 6062/6225 6063/6226
f 6061/6224 6063/6226 6001/6162 5999/6160
f 6063/6226 6062/6225 6064/6227 6065/6228
f 6063/6226 6065/6228 6003/6164 6001/6162
f 6065/6228 6064/6227 6011/6172 6009/6170
f 6065/6228 6009/6170 6005/6166 6003/6164
f 6064/6227 6062/6225 6066/6229 6067/6230
f 6064/6227 6067/6230 6068/6231 6011/6172
f 6068/6231 6067/6230 6069/6232 6070/6233
f 6068/6231 6070/6233 6071/6234 6014/6175
f 6068/6231 6014/6175 6012/6173 6011/6172
f 6071/6234 6070/6233 5341/6235 5340/6236
f 6071/6234 5340/6236 5345/6237 6072/6238
f 6071/6234 6072/6238 6015/6176 6014/6175
f 6072/6238 6020/6181 6016/6177 6015/6176
f 6072/6238 5345/6237 6022/6183 6020/6181
f 6070/6233 6069/6232 6073/6239 5341/6235
f 6073/6239 6069/6232 6074/6240 6075/6241
f 6073/6239 6075/6241 6076/6242 6077/6243
f 6073/6239 6077/6243 5342/5473 5341/5472
f 6077/6243 6078/6244 5343/5474 5342/5473
f 6077/6243 6076/6242 6079/6245 6078/6244
f 6079/6245 6030/6193 6028/6191 6078/6244
f 6079/6245 6076/6242 6080/6246 6081/6247
f 6079/6245 6081/6247 6032/6195 6030/6193
f 6081/6247 6080/6246 6082/6248 6083/6249
f 6081/6247 6083/6249 6084/6250 6032/6195
f 6084/6250 6035/6198 6033/6196 6032/6195
f 6084/6250 6083/6249 5329/5458 6085/6251
f 6084/6250 6085/6251 6086/6252 6035/6198
f 6086/6252 6038/6201 6036/6199 6035/6198
f 6086/6252 6085/6251 6087/6253 6088/6254
f 6086/6252 6088/6254 6089/6255 6038/6201
f 6089/6255 6041/6204 6039/6202 6038/6201
f 6089/6255 6088/6254 6048/6211 6046/6209
f 6089/6255 6046/6209 6043/6206 6041/6204
f 6088/6254 6087/6253 6050/6213 6048/6211
f 6087/6253 6085/6251 5329/5458 5328/5457
f 6087/6253 5328/5457 5332/5461 6050/6213
f 6083/6249 6082/6248 5330/5459 5329/5458
f 6082/6248 6080/6246 6090/6256 6091/6257
f 6082/6248 6091/6257 5333/5462 5330/5459
f 6091/6257 6090/6256 6092/6258 6056/6219
f 6091/6257 6056/6219 6054/6217 5333/5462
f 6092/6258 6059/6222 6057/6220 6056/6219
f 6092/6258 6090/6256 6075/6241 6074/6240
f 6092/6258 6074/6240 6066/6229 6059/6222
f 6090/6256 6080/6246 6076/6242 6075/6241
f 6078/6244 6028/6191 6026/6189 5343/5474
f 6074/6240 6069/6232 6067/6230 6066/6229
f 6066/6229 6062/6225 6060/6223 6059/6222
f 6026/6189 6024/6187 5344/5475 5343/5474
f 6024/6187 6022/6186 5345/5476 5344/5475
f 6018/6179 5939/6098 5937/6096 5321/5448
f 5995/6156 5918/6077 5917/6076 5323/5451
f 5995/6156 5323/5451 5322/5450 5990/6151
f 5995/6156 5994/6155 5919/6078 5918/6077
f 5981/6142 5977/6138 5975/6136 5974/6135
f 5937/6096 5935/6094 5319/5446 5321/5448
f 5935/6094 5933/6092 5320/5447 5319/5446
f 5896/6055 5893/6052 5891/6050 5890/6049
f 5825/5982 5822/5979 5820/5977 5819/5976
f 5535/5681 5533/5679 5348/5480 5347/5479
f 5530/5676 5529/5675 5351/5483 5350/5482
f 5489/5632 5485/5628 5482/5625 5481/5624
f 5484/5627 5408/5548 5335/5465 5334/5464
f 5484/5627 5411/5551 5409/5549 5408/5548
f 5419/5559 5416/5556 5414/5554 5413/5553
f 5408/5548 5405/5544 5404/5543 5335/5465
f 5391/5525 5390/5524 5356/5489 5355/5488
f 5381/5515 5359/5493 5358/5492 5376/5510
f 6093/6259 6101/6260 6102/6261 6103/6262
f 6093/6259 6103/6263 6104/6264 6105/6265
f 6093/6259 6105/6265 6106/6266 6101/6260
f 6094/6267 6107/6268 6108/6269 6109/6270
f 6094/6267 6109/6270 6110/6271 6111/6272
f 6094/6267 6111/6272 6112/6273 6107/6268
f 6095/6274 6113/6275 6114/6276 6115/6277
f 6095/6274 6115/6277 6116/6278 6117/6279
f 6095/6274 6117/6279 6118/6280 6113/6275
f 6096/6281 6119/6282 6120/6283 6121/6284
f 6096/6281 6122/6285 6123/6286 6119/6282
f 6096/6281 6121/6284 6124/6287 6122/6285
f 6097/6288 6125/6289 6126/6290 6127/6291
f 6097/6288 6128/6292 6129/6293 6125/6289
f 6097/6288 6127/6291 6130/6294 6128/6292
f 6098/6295 6131/6296 6132/6297 6133/6298
f 6098/6295 6133/6298 6134/6299 6135/6300
f 6098/6295 6135/6300 6136/6301 6131/6296
f 6099/6302 6137/6303 6138/6304 6139/6305
f 6099/6302 6139/6305 6140/6306 6141/6307
f 6099/6302 6141/6307 6142/6308 6137/6303
f 6100/6309 6143/6310 6144/6311 6145/6312
f 6100/6309 6146/6313 6147/6314 6143/6310
f 6100/6309 6145/6312 6148/6315 6146/6313
f 6148/6315 6149/6316 6150/6317 6146/6313
f 6148/6315 6145/6312 6151/6318 6152/6319
f 6148/6315 6152/6319 6153/6320 6149/6316
f 6153/6320 6154/6321 6155/6322 6149/6316
f 6153/6320 6152/6319 6156/6323 6157/6324
f 6153/6320 6157/6324 6158/6325 6154/6321
f 6158/6325 6159/6326 6160/6327 6154/6321
f 6158/6325 6157/6324 6161/6328 6162/6329
f 6158/6325 6162/6329 6163/6330 6159/6326
f 6163/6330 6164/6331 6165/6332 6159/6326
f 6163/6330 6162/6329 6166/6333 6167/6334
f 6163/6330 6167/6334 6168/6335 6164/6331
f 6168/6335 6169/6336 6170/6337 6164/6331
f 6168/6335 6167/6334 6171/6338 6172/6339
f 6168/6335 6172/6339 6173/6340 6169/6336
f 6173/6340 6174/6341 6175/6342 6169/6336
f 6173/6340 6172/6339 6176/6343 6177/6344
f 6173/6340 6177/6344 6178/6345 6174/6341
f 6178/6345 6179/6346 6180/6347 6174/6341
f 6178/6345 6177/6344 6181/6348 6182/6349
f 6178/6345 6182/6349 6183/6350 6179/6346
f 6183/6350 6184/6351 6185/6352 6179/6346
f 6183/6350 6182/6349 6186/6353 6187/6354
f 6183/6350 6187/6354 6188/6355 6184/6351
f 6188/6355 6189/6356 6190/6357 6184/6351
f 6188/6355 6187/6354 6191/6358 6192/6359
f 6188/6355 6192/6359 6193/6360 6189/6356
f 6193/6360 6194/6361 6195/6362 6189/6356
f 6193/6360 6192/6359 6196/6363 6197/6364
f 6193/6360 6197/6364 6198/6365 6194/6361
f 6198/6365 6199/6366 6200/6367 6194/6361
f 6198/6365 6197/6364 6201/6368 6202/6369
f 6198/6365 6202/6369 6203/6370 6199/6366
f 6203/6370 6204/6371 6205/6372 6199/6366
f 6203/6370 6202/6369 6206/6373 6207/6374
f 6203/6370 6207/6374 6208/6375 6204/6371
f 6208/6375 6209/6376 6210/6377 6204/6371
f 6208/6375 6207/6374 6211/6378 6212/6379
f 6208/6375 6212/6379 6213/6380 6209/6376
f 6213/6380 6214/6381 6215/6382 6209/6376
f 6213/6380 6212/6379 6216/6383 6217/6384
f 6213/6380 6217/6384 6218/6385 6214/6381
f 6218/6385 6219/6386 6220/6387 6214/6381
f 6218/6385 6217/6384 6221/6388 6222/6389
f 6218/6385 6222/6389 6223/6390 6219/6386
f 6223/6390 6224/6391 6225/6392 6219/6386
f 6223/6390 6222/6389 6226/6393 6227/6394
f 6223/6390 6227/6394 6228/6395 6224/6391
f 6228/6395 6229/6396 6230/6397 6224/6391
f 6228/6395 6227/6394 6231/6398 6232/6399
f 6228/6395 6232/6399 6233/6400 6229/6396
f 6233/6400 6234/6401 6235/6402 6229/6396
f 6233/6400 6232/6399 6236/6403 6237/6404
f 6233/6400 6237/6404 6238/6405 6234/6401
f 6238/6405 6239/6406 6240/6407 6234/6401
f 6238/6405 6237/6404 6241/6408 6242/6409
f 6238/6405 6242/6409 6243/6410 6239/6406
f 6243/6410 6244/6411 6245/6412 6239/6406
f 6243/6410 6242/6409 6246/6413 6247/6414
f 6243/6410 6247/6414 6248/6415 6244/6411
f 6248/6415 6135/6300 6134/6299 6244/6411
f 6248/6415 6247/6414 6249/6416 6250/6417
f 6248/6415 6250/6417 6136/6301 6135/6300
f 6250/6417 6249/6416 6251/6418 6252/6419
f 6250/6417 6252/6419 6253/6420 6136/6301
f 6253/6420 6254/6421 6131/6296 6136/6301
f 6253/6422 6252/6423 6255/6424 6256/6425
f 6253/6422 6256/6425 6257/6426 6254/6427
f 6257/6426 6256/6425 6258/6428 6259/6429
f 6257/6426 6259/6429 6260/6430 6261/6431
f 6257/6426 6261/6431 6262/6432 6254/6427
f 6262/6432 6132/6297 6131/6296 6254/6421
f 6262/6432 6261/6431 6263/6433 6264/6434
f 6262/6432 6264/6434 6265/6435 6132/6297
f 6265/6435 6266/6436 6133/6298 6132/6297
f 6265/6435 6264/6434 6267/6437 6268/6438
f 6265/6435 6268/6438 6269/6439 6266/6436
f 6269/6439 6268/6438 6270/6440 6271/6441
f 6269/6439 6271/6441 6272/6442 6273/6443
f 6269/6439 6273/6443 6274/6444 6266/6436
f 6274/6444 6273/6443 6275/6445 6245/6412
f 6274/6444 6245/6412 6244/6411 6134/6299
f 6274/6444 6134/6299 6133/6298 6266/6436
f 6275/6445 6273/6443 6272/6442 6276/6446
f 6275/6445 6276/6446 6277/6447 6240/6407
f 6275/6445 6240/6407 6239/6406 6245/6412
f 6277/6447 6276/6446 6278/6448 6279/6449
f 6277/6447 6279/6449 6280/6450 6235/6402
f 6277/6447 6235/6402 6234/6401 6240/6407
f 6280/6450 6279/6449 6281/6451 6282/6452
f 6280/6450 6282/6452 6283/6453 6230/6397
f 6280/6450 6230/6397 6229/6396 6235/6402
f 6283/6453 6282/6452 6284/6454 6285/6455
f 6283/6453 6285/6455 6286/6456 6225/6392
f 6283/6453 6225/6392 6224/6391 6230/6397
f 6286/6456 6285/6455 6287/6457 6288/6458
f 6286/6456 6288/6458 6289/6459 6220/6387
f 6286/6456 6220/6387 6219/6386 6225/6392
f 6289/6459 6288/6458 6290/6460 6291/6461
f 6289/6459 6291/6461 6292/6462 6215/6382
f 6289/6459 6215/6382 6214/6381 6220/6387
f 6292/6462 6291/6461 6293/6463 6294/6464
f 6292/6462 6294/6464 6295/6465 6210/6377
f 6292/6462 6210/6377 6209/6376 6215/6382
f 6295/6465 6294/6464 6296/6466 6297/6467
f 6295/6465 6297/6467 6298/6468 6205/6372
f 6295/6465 6205/6372 6204/6371 6210/6377
f 6298/6468 6297/6467 6299/6469 6300/6470
f 6298/6468 6300/6470 6301/6471 6200/6367
f 6298/6468 6200/6367 6199/6366 6205/6372
f 6301/6471 6300/6470 6302/6472 6303/6473
f 6301/6471 6303/6473 6304/6474 6195/6362
f 6301/6471 6195/6362 6194/6361 6200/6367
f 6304/6474 6303/6473 6305/6475 6306/6476
f 6304/6474 6306/6476 6307/6477 6190/6357
f 6304/6474 6190/6357 6189/6356 6195/6362
f 6307/6477 6306/6476 6308/6478 6309/6479
f 6307/6477 6309/6479 6310/6480 6185/6352
f 6307/6477 6185/6352 6184/6351 6190/6357
f 6310/6480 6309/6479 6311/6481 6312/6482
f 6310/6480 6312/6482 6313/6483 6180/6347
f 6310/6480 6180/6347 6179/6346 6185/6352
f 6313/6483 6312/6482 6314/6484 6315/6485
f 6313/6483 6315/6485 6316/6486 6175/6342
f 6313/6483 6175/6342 6174/6341 6180/6347
f 6316/6486 6315/6485 6317/6487 6318/6488
f 6316/6486 6318/6488 6319/6489 6170/6337
f 6316/6486 6170/6337 6169/6336 6175/6342
f 6319/6489 6318/6488 6320/6490 6321/6491
f 6319/6489 6321/6491 6322/6492 6165/6332
f 6319/6489 6165/6332 6164/6331 6170/6337
f 6322/6492 6321/6491 6323/6493 6324/6494
f 6322/6492 6324/6494 6325/6495 6160/6327
f 6322/6492 6160/6327 6159/6326 6165/6332
f 6325/6495 6324/6494 6326/6496 6327/6497
f 6325/6495 6327/6497 6328/6498 6155/6322
f 6325/6495 6155/6322 6154/6321 6160/6327
f 6328/6498 6327/6497 6329/6499 6330/6500
f 6328/6498 6330/6500 6331/6501 6150/6317
f 6328/6498 6150/6317 6149/6316 6155/6322
f 6331/6501 6330/6500 6332/6502 6333/6503
f 6331/6501 6333/6503 6334/6504 6147/6314
f 6331/6501 6147/6314 6146/6313 6150/6317
f 6334/6504 6333/6503 6335/6505 6336/6506
f 6334/6504 6336/6506 6337/6507 6338/6508
f 6334/6504 6338/6508 6143/6310 6147/6314
f 6338/6508 6337/6507 6339/6509 6340/6510
f 6338/6508 6340/6510 6144/6311 6143/6310
f 6340/6510 6339/6509 6341/6511 6342/6512
f 6340/6510 6342/6512 6343/6513 6144/6311
f 6343/6513 6151/6318 6145/6312 6144/6311
f 6343/6513 6342/6512 6344/6514 6345/6515
f 6343/6513 6345/6515 6346/6516 6151/6318
f 6346/6516 6156/6323 6152/6319 6151/6318
f 6346/6516 6345/6515 6347/6517 6348/6518
f 6346/6516 6348/6518 6349/6519 6156/6323
f 6349/6519 6161/6328 6157/6324 6156/6323
f 6349/6519 6348/6518 6350/6520 6351/6521
f 6349/6519 6351/6521 6352/6522 6161/6328
f 6352/6522 6166/6333 6162/6329 6161/6328
f 6352/6522 6351/6521 6353/6523 6354/6524
f 6352/6522 6354/6524 6355/6525 6166/6333
f 6355/6525 6171/6338 6167/6334 6166/6333
f 6355/6525 6354/6524 6356/6526 6357/6527
f 6355/6525 6357/6527 6358/6528 6171/6338
f 6358/6528 6176/6343 6172/6339 6171/6338
f 6358/6528 6357/6527 6359/6529 6360/6530
f 6358/6528 6360/6530 6361/6531 6176/6343
f 6361/6531 6181/6348 6177/6344 6176/6343
f 6361/6531 6360/6530 6362/6532 6363/6533
f 6361/6531 6363/6533 6364/6534 6181/6348
f 6364/6534 6186/6353 6182/6349 6181/6348
f 6364/6534 6363/6533 6365/6535 6366/6536
f 6364/6534 6366/6536 6367/6537 6186/6353
f 6367/6537 6191/6358 6187/6354 6186/6353
f 6367/6537 6366/6536 6368/6538 6369/6539
f 6367/6537 6369/6539 6370/6540 6191/6358
f 6370/6540 6196/6363 6192/6359 6191/6358
f 6370/6540 6369/6539 6371/6541 6372/6542
f 6370/6540 6372/6542 6373/6543 6196/6363
f 6373/6543 6201/6368 6197/6364 6196/6363
f 6373/6543 6372/6542 6374/6544 6375/6545
f 6373/6543 6375/6545 6376/6546 6201/6368
f 6376/6546 6206/6373 6202/6369 6201/6368
f 6376/6546 6375/6545 6377/6547 6378/6548
f 6376/6546 6378/6548 6379/6549 6206/6373
f 6379/6549 6211/6378 6207/6374 6206/6373
f 6379/6549 6378/6548 6380/6550 6381/6551
f 6379/6549 6381/6551 6382/6552 6211/6378
f 6382/6552 6216/6383 6212/6379 6211/6378
f 6382/6552 6381/6551 6383/6553 6384/6554
f 6382/6552 6384/6554 6385/6555 6216/6383
f 6385/6555 6221/6388 6217/6384 6216/6383
f 6385/6555 6384/6554 6386/6556 6387/6557
f 6385/6555 6387/6557 6388/6558 6221/6388
f 6388/6558 6226/6393 6222/6389 6221/6388
f 6388/6558 6387/6557 6389/6559 6390/6560
f 6388/6558 6390/6560 6391/6561 6226/6393
f 6391/6561 6231/6398 6227/6394 6226/6393
f 6391/6561 6390/6560 6392/6562 6393/6563
f 6391/6561 6393/6563 6394/6564 6231/6398
f 6394/6564 6236/6403 6232/6399 6231/6398
f 6394/6564 6393/6563 6395/6565 6396/6566
f 6394/6564 6396/6566 6397/6567 6236/6403
f 6397/6567 6241/6408 6237/6404 6236/6403
f 6397/6567 6396/6566 6398/6568 6399/6569
f 6397/6567 6399/6569 6400/6570 6241/6408
f 6400/6570 6246/6413 6242/6409 6241/6408
f 6400/6570 6399/6569 6401/6571 6402/6572
f 6400/6570 6402/6572 6403/6573 6246/6413
f 6403/6573 6249/6416 6247/6414 6246/6413
f 6403/6573 6402/6572 6404/6574 6405/6575
f 6403/6573 6405/6575 6251/6418 6249/6416
f 6405/6575 6404/6574 6406/6576 6407/6577
f 6405/6578 6407/6579 6408/6580 6251/6581
f 6408/6580 6255/6424 6252/6423 6251/6581
f 6408/6580 6407/6579 6409/6582 6410/6583
f 6408/6580 6410/6583 6411/6584 6255/6424
f 6411/6584 6258/6428 6256/6425 6255/6424
f 6411/6584 6410/6583 6412/6585 6413/6586
f 6411/6584 6413/6586 6414/6587 6258/6428
f 6414/6587 6413/6586 6120/6283 6415/6588
f 6414/6587 6415/6588 6416/6589 6417/6590
f 6414/6587 6417/6590 6259/6429 6258/6428
f 6417/6590 6416/6589 6418/6591 6419/6592
f 6417/6590 6419/6592 6260/6430 6259/6429
f 6419/6592 6418/6591 6420/6593 6421/6594
f 6419/6592 6421/6594 6422/6595 6260/6430
f 6422/6595 6263/6433 6261/6431 6260/6430
f 6422/6595 6421/6594 6423/6596 6424/6597
f 6422/6595 6424/6597 6425/6598 6263/6433
f 6425/6598 6267/6437 6264/6434 6263/6433
f 6425/6598 6424/6597 6426/6599 6427/6600
f 6425/6598 6427/6600 6428/6601 6267/6437
f 6428/6601 6270/6440 6268/6438 6267/6437
f 6428/6601 6427/6600 6429/6602 6430/6603
f 6428/6601 6430/6603 6116/6278 6270/6440
f 6430/6603 6429/6602 6431/6604 6432/6605
f 6430/6603 6432/6605 6117/6279 6116/6278
f 6432/6605 6431/6604 6433/6606 6434/6607
f 6432/6605 6434/6607 6118/6280 6117/6279
f 6434/6607 6433/6606 6435/6608 6436/6609
f 6434/6607 6436/6609 6437/6610 6118/6280
f 6437/6610 6436/6609 6438/6611 6439/6612
f 6437/6610 6439/6612 6281/6451 6440/6613
f 6437/6610 6440/6613 6113/6275 6118/6280
f 6440/6613 6281/6451 6279/6449 6278/6448
f 6440/6613 6278/6448 6114/6276 6113/6275
f 6439/6612 6438/6611 6441/6614 6284/6454
f 6439/6612 6284/6454 6282/6452 6281/6451
f 6441/6614 6438/6611 6442/6615 6443/6616
f 6441/6614 6443/6616 6444/6617 6287/6457
f 6441/6614 6287/6457 6285/6455 6284/6454
f 6444/6617 6443/6616 6445/6618 6446/6619
f 6444/6617 6446/6619 6447/6620 6290/6460
f 6444/6617 6290/6460 6288/6458 6287/6457
f 6447/6620 6446/6619 6448/6621 6449/6622
f 6447/6620 6449/6622 6450/6623 6293/6463
f 6447/6620 6293/6463 6291/6461 6290/6460
f 6450/6623 6449/6622 6451/6624 6452/6625
f 6450/6623 6452/6625 6453/6626 6296/6466
f 6450/6623 6296/6466 6294/6464 6293/6463
f 6453/6626 6452/6625 6454/6627 6455/6628
f 6453/6626 6455/6628 6456/6629 6299/6469
f 6453/6626 6299/6469 6297/6467 6296/6466
f 6456/6629 6455/6628 6457/6630 6458/6631
f 6456/6629 6458/6631 6459/6632 6302/6472
f 6456/6629 6302/6472 6300/6470 6299/6469
f 6459/6632 6458/6631 6460/6633 6461/6634
f 6459/6632 6461/6634 6462/6635 6305/6475
f 6459/6632 6305/6475 6303/6473 6302/6472
f 6462/6635 6461/6634 6463/6636 6464/6637
f 6462/6635 6464/6637 6465/6638 6308/6478
f 6462/6635 6308/6478 6306/6476 6305/6475
f 6465/6638 6464/6637 6466/6639 6467/6640
f 6465/6638 6467/6640 6468/6641 6311/6481
f 6465/6638 6311/6481 6309/6479 6308/6478
f 6468/6641 6467/6640 6469/6642 6470/6643
f 6468/6641 6470/6643 6471/6644 6314/6484
f 6468/6641 6314/6484 6312/6482 6311/6481
f 6471/6644 6470/6643 6472/6645 6473/6646
f 6471/6644 6473/6646 6474/6647 6317/6487
f 6471/6644 6317/6487 6315/6485 6314/6484
f 6474/6647 6473/6646 6475/6648 6476/6649
f 6474/6647 6476/6649 6477/6650 6320/6490
f 6474/6647 6320/6490 6318/6488 6317/6487
f 6477/6650 6476/6649 6478/6651 6479/6652
f 6477/6650 6479/6652 6480/6653 6323/6493
f 6477/6650 6323/6493 6321/6491 6320/6490
f 6480/6653 6479/6652 6481/6654 6482/6655
f 6480/6653 6482/6655 6483/6656 6326/6496
f 6480/6653 6326/6496 6324/6494 6323/6493
f 6483/6656 6482/6655 6484/6657 6485/6658
f 6483/6656 6485/6658 6486/6659 6329/6499
f 6483/6656 6329/6499 6327/6497 6326/6496
f 6486/6659 6485/6658 6487/6660 6488/6661
f 6486/6659 6488/6661 6489/6662 6332/6502
f 6486/6659 6332/6502 6330/6500 6329/6499
f 6489/6662 6488/6661 6490/6663 6491/6664
f 6489/6662 6491/6664 6492/6665 6335/6505
f 6489/6662 6335/6505 6333/6503 6332/6502
f 6492/6665 6491/6664 6493/6666 6494/6667
f 6492/6665 6494/6667 6495/6668 6496/6669
f 6492/6665 6496/6669 6336/6506 6335/6505
f 6496/6669 6495/6668 6497/6670 6498/6671
f 6496/6669 6498/6671 6337/6507 6336/6506
f 6498/6671 6497/6670 6499/6672 6500/6673
f 6498/6671 6500/6673 6339/6509 6337/6507
f 6500/6673 6499/6672 6501/6674 6502/6675
f 6500/6673 6502/6675 6341/6511 6339/6509
f 6502/6675 6501/6674 6503/6676 6504/6677
f 6502/6675 6504/6677 6505/6678 6341/6511
f 6505/6678 6504/6677 6506/6679 6507/6680
f 6505/6678 6507/6680 6508/6681 6344/6514
f 6505/6678 6344/6514 6342/6512 6341/6511
f 6508/6681 6347/6517 6345/6515 6344/6514
f 6508/6681 6507/6680 6509/6682 6510/6683
f 6508/6681 6510/6683 6511/6684 6347/6517
f 6511/6684 6350/6520 6348/6518 6347/6517
f 6511/6684 6510/6683 6512/6685 6513/6686
f 6511/6684 6513/6686 6514/6687 6350/6520
f 6514/6687 6353/6523 6351/6521 6350/6520
f 6514/6687 6513/6686 6515/6688 6516/6689
f 6514/6687 6516/6689 6517/6690 6353/6523
f 6517/6690 6356/6526 6354/6524 6353/6523
f 6517/6690 6516/6689 6518/6691 6519/6692
f 6517/6690 6519/6692 6520/6693 6356/6526
f 6520/6693 6359/6529 6357/6527 6356/6526
f 6520/6693 6519/6692 6521/6694 6522/6695
f 6520/6693 6522/6695 6523/6696 6359/6529
f 6523/6696 6362/6532 6360/6530 6359/6529
f 6523/6696 6522/6695 6524/6697 6525/6698
f 6523/6696 6525/6698 6526/6699 6362/6532
f 6526/6699 6365/6535 6363/6533 6362/6532
f 6526/6699 6525/6698 6527/6700 6528/6701
f 6526/6699 6528/6701 6529/6702 6365/6535
f 6529/6702 6368/6538 6366/6536 6365/6535
f 6529/6702 6528/6701 6530/6703 6531/6704
f 6529/6702 6531/6704 6532/6705 6368/6538
f 6532/6705 6371/6541 6369/6539 6368/6538
f 6532/6705 6531/6704 6533/6706 6534/6707
f 6532/6705 6534/6707 6535/6708 6371/6541
f 6535/6708 6374/6544 6372/6542 6371/6541
f 6535/6708 6534/6707 6536/6709 6537/6710
f 6535/6708 6537/6710 6538/6711 6374/6544
f 6538/6711 6377/6547 6375/6545 6374/6544
f 6538/6711 6537/6710 6539/6712 6540/6713
f 6538/6711 6540/6713 6541/6714 6377/6547
f 6541/6714 6380/6550 6378/6548 6377/6547
f 6541/6714 6540/6713 6542/6715 6543/6716
f 6541/6714 6543/6716 6544/6717 6380/6550
f 6544/6717 6383/6553 6381/6551 6380/6550
f 6544/6717 6543/6716 6545/6718 6546/6719
f 6544/6717 6546/6719 6547/6720 6383/6553
f 6547/6720 6386/6556 6384/6554 6383/6553
f 6547/6720 6546/6719 6548/6721 6549/6722
f 6547/6720 6549/6722 6550/6723 6386/6556
f 6550/6723 6389/6559 6387/6557 6386/6556
f 6550/6723 6549/6722 6551/6724 6552/6725
f 6550/6723 6552/6725 6553/6726 6389/6559
f 6553/6726 6392/6562 6390/6560 6389/6559
f 6553/6726 6552/6725 6554/6727 6555/6728
f 6553/6726 6555/6728 6556/6729 6392/6562
f 6556/6729 6395/6565 6393/6563 6392/6562
f 6556/6729 6555/6728 6557/6730 6558/6731
f 6556/6729 6558/6731 6559/6732 6395/6565
f 6559/6732 6398/6568 6396/6566 6395/6565
f 6559/6732 6558/6731 6560/6733 6561/6734
f 6559/6732 6561/6734 6562/6735 6398/6568
f 6562/6735 6401/6571 6399/6569 6398/6568
f 6562/6735 6561/6734 6563/6736 6564/6737
f 6562/6735 6564/6737 6565/6738 6401/6571
f 6565/6738 6404/6574 6402/6572 6401/6571
f 6565/6738 6564/6737 6566/6739 6567/6740
f 6565/6738 6567/6740 6406/6576 6404/6574
f 6567/6740 6566/6739 6568/6741 6569/6742
f 6567/6740 6569/6742 6570/6743 6406/6576
f 6570/6743 6409/6744 6407/6577 6406/6576
f 6570/6745 6569/6746 6571/6747 6572/6748
f 6570/6745 6572/6748 6573/6749 6409/6582
f 6573/6749 6412/6585 6410/6583 6409/6582
f 6573/6749 6572/6748 6574/6750 6124/6287
f 6573/6749 6124/6287 6121/6284 6412/6585
f 6574/6750 6572/6748 6571/6747 6575/6751
f 6574/6750 6575/6751 6576/6752 6577/6753
f 6574/6750 6577/6753 6122/6285 6124/6287
f 6577/6753 6576/6752 6578/6754 6579/6755
f 6577/6753 6579/6755 6123/6286 6122/6285
f 6579/6755 6578/6754 6580/6756 6581/6757
f 6579/6755 6581/6757 6582/6758 6123/6286
f 6582/6758 6583/6759 6119/6282 6123/6286
f 6582/6758 6581/6757 6584/6760 6585/6761
f 6582/6758 6585/6761 6586/6762 6583/6759
f 6586/6762 6416/6589 6415/6588 6583/6759
f 6586/6762 6585/6761 6587/6763 6588/6764
f 6586/6762 6588/6764 6418/6591 6416/6589
f 6588/6764 6587/6763 6589/6765 6590/6766
f 6588/6764 6590/6766 6420/6593 6418/6591
f 6590/6766 6589/6765 6591/6767 6592/6768
f 6590/6766 6592/6768 6593/6769 6420/6593
f 6593/6769 6423/6596 6421/6594 6420/6593
f 6593/6769 6592/6768 6594/6770 6595/6771
f 6593/6769 6595/6771 6596/6772 6423/6596
f 6596/6772 6426/6599 6424/6597 6423/6596
f 6596/6772 6595/6771 6597/6773 6598/6774
f 6596/6772 6598/6774 6599/6775 6426/6599
f 6599/6775 6429/6602 6427/6600 6426/6599
f 6599/6775 6598/6774 6600/6776 6601/6777
f 6599/6775 6601/6777 6431/6604 6429/6602
f 6601/6777 6600/6776 6112/6273 6602/6778
f 6601/6777 6602/6778 6433/6606 6431/6604
f 6602/6778 6112/6273 6111/6272 6603/6779
f 6602/6778 6603/6779 6435/6608 6433/6606
f 6603/6779 6111/6272 6110/6271 6604/6780
f 6603/6779 6604/6780 6442/6615 6435/6608
f 6604/6780 6110/6271 6605/6781 6445/6618
f 6604/6780 6445/6618 6443/6616 6442/6615
f 6605/6781 6110/6271 6109/6270 6606/6782
f 6605/6781 6606/6782 6607/6783 6448/6621
f 6605/6781 6448/6621 6446/6619 6445/6618
f 6607/6783 6606/6782 6608/6784 6609/6785
f 6607/6783 6609/6785 6610/6786 6451/6624
f 6607/6783 6451/6624 6449/6622 6448/6621
f 6610/6786 6609/6785 6611/6787 6612/6788
f 6610/6786 6612/6788 6613/6789 6454/6627
f 6610/6786 6454/6627 6452/6625 6451/6624
f 6613/6789 6612/6788 6614/6790 6615/6791
f 6613/6789 6615/6791 6616/6792 6457/6630
f 6613/6789 6457/6630 6455/6628 6454/6627
f 6616/6792 6615/6791 6617/6793 6618/6794
f 6616/6792 6618/6794 6619/6795 6460/6633
f 6616/6792 6460/6633 6458/6631 6457/6630
f 6619/6795 6618/6794 6620/6796 6621/6797
f 6619/6795 6621/6797 6622/6798 6463/6636
f 6619/6795 6463/6636 6461/6634 6460/6633
f 6622/6798 6621/6797 6623/6799 6624/6800
f 6622/6798 6624/6800 6625/6801 6466/6639
f 6622/6798 6466/6639 6464/6637 6463/6636
f 6625/6801 6624/6800 6626/6802 6627/6803
f 6625/6801 6627/6803 6628/6804 6469/6642
f 6625/6801 6469/6642 6467/6640 6466/6639
f 6628/6804 6627/6803 6629/6805 6630/6806
f 6628/6804 6630/6806 6631/6807 6472/6645
f 6628/6804 6472/6645 6470/6643 6469/6642
f 6631/6807 6630/6806 6632/6808 6633/6809
f 6631/6807 6633/6809 6634/6810 6475/6648
f 6631/6807 6475/6648 6473/6646 6472/6645
f 6634/6810 6633/6809 6635/6811 6636/6812
f 6634/6810 6636/6812 6637/6813 6478/6651
f 6634/6810 6478/6651 6476/6649 6475/6648
f 6637/6813 6636/6812 6638/6814 6639/6815
f 6637/6813 6639/6815 6640/6816 6481/6654
f 6637/6813 6481/6654 6479/6652 6478/6651
f 6640/6816 6639/6815 6641/6817 6642/6818
f 6640/6816 6642/6818 6643/6819 6484/6657
f 6640/6816 6484/6657 6482/6655 6481/6654
f 6643/6819 6642/6818 6644/6820 6645/6821
f 6643/6819 6645/6821 6646/6822 6487/6660
f 6643/6819 6487/6660 6485/6658 6484/6657
f 6646/6822 6645/6821 6647/6823 6648/6824
f 6646/6822 6648/6824 6649/6825 6490/6663
f 6646/6822 6490/6663 6488/6661 6487/6660
f 6649/6826 6648/6827 6650/6828 6651/6829
f 6649/6826 6651/6829 6652/6830 6493/6831
f 6649/6825 6493/6666 6491/6664 6490/6663
f 6652/6830 6651/6829 6653/6832 6654/6833
f 6652/6830 6654/6833 6655/6834 6656/6835
f 6652/6830 6656/6835 6494/6836 6493/6831
f 6656/6835 6655/6834 6657/6837 6658/6838
f 6656/6835 6658/6838 6495/6839 6494/6836
f 6658/6838 6657/6837 6659/6840 6660/6841
f 6658/6838 6660/6841 6497/6842 6495/6839
f 6660/6841 6659/6840 6661/6843 6662/6844
f 6660/6841 6662/6844 6499/6845 6497/6842
f 6662/6844 6661/6843 6663/6846 6664/6847
f 6662/6844 6664/6847 6501/6848 6499/6845
f 6664/6847 6663/6846 6665/6849 6666/6850
f 6664/6847 6666/6850 6503/6851 6501/6848
f 6666/6850 6665/6849 6667/6852 6668/6853
f 6666/6850 6668/6853 6669/6854 6503/6851
f 6669/6854 6668/6853 6104/6264 6103/6263
f 6669/6855 6103/6262 6102/6261 6506/6679
f 6669/6855 6506/6679 6504/6677 6503/6676
f 6668/6853 6667/6852 6670/6856 6104/6264
f 6670/6856 6671/6857 6672/6858 6673/6859
f 6670/6856 6673/6859 6105/6265 6104/6264
f 6670/6856 6667/6852 6674/6860 6671/6857
f 6674/6860 6675/6861 6676/6862 6671/6857
f 6674/6860 6667/6852 6665/6849 6677/6863
f 6674/6860 6677/6863 6678/6864 6675/6861
f 6678/6864 6679/6865 6680/6866 6675/6861
f 6678/6864 6677/6863 6681/6867 6682/6868
f 6678/6864 6682/6868 6683/6869 6679/6865
f 6683/6869 6684/6870 6685/6871 6679/6865
f 6683/6869 6682/6868 6686/6872 6687/6873
f 6683/6869 6687/6873 6688/6874 6684/6870
f 6688/6874 6689/6875 6690/6876 6684/6870
f 6688/6874 6687/6873 6140/6306 6139/6305
f 6688/6874 6139/6305 6138/6304 6689/6875
f 6690/6876 6691/6877 6692/6878 6693/6879
f 6690/6876 6693/6879 6685/6871 6684/6870
f 6690/6876 6689/6875 6694/6880 6691/6877
f 6694/6880 6695/6881 6696/6882 6691/6877
f 6694/6880 6689/6875 6138/6304 6697/6883
f 6694/6880 6697/6883 6698/6884 6695/6881
f 6698/6884 6699/6885 6700/6886 6695/6881
f 6698/6884 6697/6883 6701/6887 6702/6888
f 6698/6884 6702/6888 6703/6889 6699/6885
f 6703/6889 6704/6890 6705/6891 6699/6885
f 6703/6889 6702/6888 6706/6892 6707/6893
f 6703/6889 6707/6893 6708/6894 6704/6890
f 6708/6894 6709/6895 6710/6896 6704/6890
f 6708/6894 6707/6893 6711/6897 6712/6898
f 6708/6894 6712/6898 6713/6899 6709/6895
f 6713/6899 6714/6900 6715/6901 6709/6895
f 6713/6899 6712/6898 6716/6902 6717/6903
f 6713/6899 6717/6903 6718/6904 6714/6900
f 6718/6904 6719/6905 6720/6906 6714/6900
f 6718/6904 6717/6903 6721/6907 6722/6908
f 6718/6904 6722/6908 6723/6909 6719/6905
f 6723/6909 6724/6910 6725/6911 6719/6905
f 6723/6909 6722/6908 6726/6912 6727/6913
f 6723/6909 6727/6913 6728/6914 6724/6910
f 6728/6914 6729/6915 6730/6916 6724/6910
f 6728/6914 6727/6913 6731/6917 6732/6918
f 6728/6914 6732/6918 6733/6919 6729/6915
f 6733/6919 6734/6920 6735/6921 6729/6915
f 6733/6922 6732/6923 6736/6924 6737/6925
f 6733/6922 6737/6925 6738/6926 6734/6927
f 6738/6926 6739/6928 6740/6929 6734/6927
f 6738/6926 6737/6925 6741/6930 6742/6931
f 6738/6926 6742/6931 6743/6932 6739/6928
f 6743/6932 6744/6933 6745/6934 6739/6928
f 6743/6932 6742/6931 6746/6935 6747/6936
f 6743/6932 6747/6936 6748/6937 6744/6933
f 6748/6937 6749/6938 6750/6939 6744/6933
f 6748/6937 6747/6936 6751/6940 6752/6941
f 6748/6937 6752/6941 6753/6942 6749/6938
f 6753/6942 6754/6943 6755/6944 6749/6938
f 6753/6942 6752/6941 6756/6945 6757/6946
f 6753/6942 6757/6946 6758/6947 6754/6943
f 6758/6947 6580/6756 6578/6754 6754/6943
f 6758/6947 6757/6946 6759/6948 6760/6949
f 6758/6947 6760/6949 6761/6950 6580/6756
f 6761/6950 6584/6760 6581/6757 6580/6756
f 6761/6950 6760/6949 6762/6951 6763/6952
f 6761/6950 6763/6952 6764/6953 6584/6760
f 6764/6953 6587/6763 6585/6761 6584/6760
f 6764/6953 6763/6952 6765/6954 6766/6955
f 6764/6953 6766/6955 6589/6765 6587/6763
f 6766/6955 6765/6954 6767/6956 6768/6957
f 6766/6955 6768/6957 6591/6767 6589/6765
f 6768/6957 6767/6956 6769/6958 6770/6959
f 6768/6957 6770/6959 6771/6960 6591/6767
f 6771/6960 6594/6770 6592/6768 6591/6767
f 6771/6960 6770/6959 6772/6961 6773/6962
f 6771/6960 6773/6962 6774/6963 6594/6770
f 6774/6963 6597/6773 6595/6771 6594/6770
f 6774/6963 6773/6962 6775/6964 6776/6965
f 6774/6963 6776/6965 6777/6966 6597/6773
f 6777/6966 6600/6776 6598/6774 6597/6773
f 6777/6966 6776/6965 6108/6269 6107/6268
f 6777/6966 6107/6268 6112/6273 6600/6776
f 6776/6965 6775/6964 6608/6784 6108/6269
f 6775/6964 6773/6962 6772/6961 6611/6787
f 6775/6964 6611/6787 6609/6785 6608/6784
f 6772/6961 6770/6959 6769/6958 6614/6790
f 6772/6961 6614/6790 6612/6788 6611/6787
f 6769/6958 6767/6956 6778/6967 6617/6793
f 6769/6958 6617/6793 6615/6791 6614/6790
f 6778/6967 6767/6956 6765/6954 6779/6968
f 6778/6967 6779/6968 6780/6969 6620/6796
f 6778/6967 6620/6796 6618/6794 6617/6793
f 6780/6969 6779/6968 6762/6951 6781/6970
f 6780/6969 6781/6970 6782/6971 6623/6799
f 6780/6969 6623/6799 6621/6797 6620/6796
f 6782/6971 6781/6970 6759/6948 6783/6972
f 6782/6971 6783/6972 6784/6973 6626/6802
f 6782/6971 6626/6802 6624/6800 6623/6799
f 6784/6973 6783/6972 6756/6945 6785/6974
f 6784/6973 6785/6974 6786/6975 6629/6805
f 6784/6973 6629/6805 6627/6803 6626/6802
f 6786/6975 6785/6974 6751/6940 6787/6976
f 6786/6975 6787/6976 6788/6977 6632/6808
f 6786/6975 6632/6808 6630/6806 6629/6805
f 6788/6977 6787/6976 6746/6935 6789/6978
f 6788/6977 6789/6978 6790/6979 6635/6811
f 6788/6977 6635/6811 6633/6809 6632/6808
f 6790/6979 6789/6978 6741/6930 6791/6980
f 6790/6979 6791/6980 6792/6981 6638/6814
f 6790/6979 6638/6814 6636/6812 6635/6811
f 6792/6981 6791/6980 6736/6924 6793/6982
f 6792/6981 6793/6982 6794/6983 6641/6817
f 6792/6981 6641/6817 6639/6815 6638/6814
f 6794/6983 6793/6982 6731/6984 6795/6985
f 6794/6983 6795/6985 6796/6986 6644/6820
f 6794/6983 6644/6820 6642/6818 6641/6817
f 6796/6987 6795/6988 6726/6912 6797/6989
f 6796/6987 6797/6989 6798/6990 6647/6991
f 6796/6986 6647/6823 6645/6821 6644/6820
f 6798/6990 6797/6989 6721/6907 6799/6992
f 6798/6990 6799/6992 6800/6993 6650/6828
f 6798/6990 6650/6828 6648/6827 6647/6991
f 6800/6993 6799/6992 6716/6902 6801/6994
f 6800/6993 6801/6994 6802/6995 6653/6832
f 6800/6993 6653/6832 6651/6829 6650/6828
f 6802/6995 6801/6994 6711/6897 6803/6996
f 6802/6995 6803/6996 6804/6997 6805/6998
f 6802/6995 6805/6998 6654/6833 6653/6832
f 6805/6998 6804/6997 6806/6999 6807/7000
f 6805/6998 6807/7000 6655/6834 6654/6833
f 6807/7000 6806/6999 6808/7001 6809/7002
f 6807/7000 6809/7002 6657/6837 6655/6834
f 6809/7002 6808/7001 6810/7003 6811/7004
f 6809/7002 6811/7004 6659/6840 6657/6837
f 6811/7004 6810/7003 6686/6872 6812/7005
f 6811/7004 6812/7005 6661/6843 6659/6840
f 6812/7005 6686/6872 6682/6868 6681/6867
f 6812/7005 6681/6867 6663/6846 6661/6843
f 6810/7003 6140/6306 6687/6873 6686/6872
f 6810/7003 6808/7001 6141/6307 6140/6306
f 6808/7001 6806/6999 6142/6308 6141/6307
f 6806/6999 6804/6997 6813/7006 6142/6308
f 6813/7006 6706/6892 6702/6888 6701/6887
f 6813/7006 6701/6887 6137/6303 6142/6308
f 6813/7006 6804/6997 6803/6996 6706/6892
f 6803/6996 6711/6897 6707/6893 6706/6892
f 6801/6994 6716/6902 6712/6898 6711/6897
f 6799/6992 6721/6907 6717/6903 6716/6902
f 6797/6989 6726/6912 6722/6908 6721/6907
f 6795/6988 6731/6917 6727/6913 6726/6912
f 6793/6982 6736/6924 6732/6923 6731/6984
f 6791/6980 6741/6930 6737/6925 6736/6924
f 6789/6978 6746/6935 6742/6931 6741/6930
f 6787/6976 6751/6940 6747/6936 6746/6935
f 6785/6974 6756/6945 6752/6941 6751/6940
f 6783/6972 6759/6948 6757/6946 6756/6945
f 6781/6970 6762/6951 6760/6949 6759/6948
f 6779/6968 6765/6954 6763/6952 6762/6951
f 6755/6944 6576/6752 6575/6751 6814/7007
f 6755/6944 6814/7007 6750/6939 6749/6938
f 6755/6944 6754/6943 6578/6754 6576/6752
f 6814/7007 6575/6751 6571/6747 6815/7008
f 6814/7007 6815/7008 6816/7009 6750/6939
f 6816/7009 6815/7008 6568/7010 6817/7011
f 6816/7009 6817/7011 6818/7012 6745/6934
f 6816/7009 6745/6934 6744/6933 6750/6939
f 6818/7013 6817/7014 6819/7015 6820/7016
f 6818/7013 6820/7016 6821/7017 6740/7018
f 6818/7012 6740/6929 6739/6928 6745/6934
f 6821/7017 6820/7016 6822/7019 6823/7020
f 6821/7017 6823/7020 6824/7021 6735/6921
f 6821/7017 6735/6921 6734/6920 6740/7018
f 6824/7021 6823/7020 6825/7022 6826/7023
f 6824/7021 6826/7023 6827/7024 6730/6916
f 6824/7021 6730/6916 6729/6915 6735/6921
f 6827/7024 6826/7023 6828/7025 6829/7026
f 6827/7024 6829/7026 6830/7027 6725/6911
f 6827/7024 6725/6911 6724/6910 6730/6916
f 6830/7027 6829/7026 6831/7028 6832/7029
f 6830/7027 6832/7029 6833/7030 6720/6906
f 6830/7027 6720/6906 6719/6905 6725/6911
f 6833/7030 6832/7029 6834/7031 6835/7032
f 6833/7030 6835/7032 6836/7033 6715/6901
f 6833/7030 6715/6901 6714/6900 6720/6906
f 6836/7033 6835/7032 6837/7034 6838/7035
f 6836/7033 6838/7035 6839/7036 6710/6896
f 6836/7033 6710/6896 6709/6895 6715/6901
f 6839/7036 6838/7035 6840/7037 6841/7038
f 6839/7036 6841/7038 6842/7039 6705/6891
f 6839/7036 6705/6891 6704/6890 6710/6896
f 6842/7039 6841/7038 6843/7040 6844/7041
f 6842/7039 6844/7041 6845/7042 6700/6886
f 6842/7039 6700/6886 6699/6885 6705/6891
f 6845/7042 6844/7041 6846/7043 6847/7044
f 6845/7042 6847/7044 6848/7045 6696/6882
f 6845/7042 6696/6882 6695/6881 6700/6886
f 6848/7045 6847/7044 6849/7046 6850/7047
f 6848/7045 6850/7047 6851/7048 6692/6878
f 6848/7045 6692/6878 6691/6877 6696/6882
f 6851/7048 6850/7047 6852/7049 6853/7050
f 6851/7048 6853/7050 6854/7051 6855/7052
f 6851/7048 6855/7052 6693/6879 6692/6878
f 6855/7052 6854/7051 6856/7053 6857/7054
f 6855/7052 6857/7054 6685/6871 6693/6879
f 6857/7054 6856/7053 6858/7055 6680/6866
f 6857/7054 6680/6866 6679/6865 6685/6871
f 6858/7055 6856/7053 6859/7056 6860/7057
f 6858/7055 6860/7057 6861/7058 6676/6862
f 6858/7055 6676/6862 6675/6861 6680/6866
f 6861/7058 6860/7057 6862/7059 6863/7060
f 6861/7058 6863/7060 6864/7061 6672/6858
f 6861/7058 6672/6858 6671/6857 6676/6862
f 6864/7061 6863/7060 6130/6294 6127/6291
f 6864/7061 6127/6291 6126/6290 6865/7062
f 6864/7061 6865/7062 6673/6859 6672/6858
f 6865/7062 6126/6290 6866/7063 6106/6266
f 6865/7062 6106/6266 6105/6265 6673/6859
f 6866/7063 6867/7064 6512/6685 6868/7065
f 6866/7063 6868/7065 6101/6260 6106/6266
f 6866/7063 6126/6290 6125/6289 6867/7064
f 6868/7065 6512/6685 6510/6683 6509/6682
f 6868/7065 6509/6682 6102/6261 6101/6260
f 6867/7064 6515/6688 6513/6686 6512/6685
f 6867/7064 6125/6289 6129/6293 6515/6688
f 6863/7060 6862/7059 6869/7066 6130/6294
f 6869/7066 6870/7067 6521/6694 6871/7068
f 6869/7066 6871/7068 6128/6292 6130/6294
f 6869/7066 6862/7059 6872/7069 6870/7067
f 6872/7069 6873/7070 6524/6697 6870/7067
f 6872/7069 6862/7059 6860/7057 6859/7056
f 6872/7069 6859/7056 6874/7071 6873/7070
f 6874/7071 6875/7072 6527/6700 6873/7070
f 6874/7071 6859/7056 6856/7053 6854/7051
f 6874/7071 6854/7051 6853/7050 6875/7072
f 6875/7072 6530/6703 6528/6701 6527/6700
f 6875/7072 6853/7050 6852/7049 6530/6703
f 6873/7070 6527/6700 6525/6698 6524/6697
f 6871/7068 6521/6694 6519/6692 6518/6691
f 6871/7068 6518/6691 6129/6293 6128/6292
f 6870/7067 6524/6697 6522/6695 6521/6694
f 6852/7049 6533/6706 6531/6704 6530/6703
f 6852/7049 6850/7047 6849/7046 6533/6706
f 6849/7046 6536/6709 6534/6707 6533/6706
f 6849/7046 6847/7044 6846/7043 6536/6709
f 6846/7043 6539/6712 6537/6710 6536/6709
f 6846/7043 6844/7041 6843/7040 6539/6712
f 6843/7040 6542/6715 6540/6713 6539/6712
f 6843/7040 6841/7038 6840/7037 6542/6715
f 6840/7037 6545/6718 6543/6716 6542/6715
f 6840/7037 6838/7035 6837/7034 6545/6718
f 6837/7034 6548/6721 6546/6719 6545/6718
f 6837/7034 6835/7032 6834/7031 6548/6721
f 6834/7031 6551/6724 6549/6722 6548/6721
f 6834/7031 6832/7029 6831/7028 6551/6724
f 6831/7028 6554/6727 6552/6725 6551/6724
f 6831/7028 6829/7026 6828/7025 6554/6727
f 6828/7025 6557/6730 6555/6728 6554/6727
f 6828/7025 6826/7023 6825/7022 6557/6730
f 6825/7022 6560/6733 6558/6731 6557/6730
f 6825/7022 6823/7020 6822/7019 6560/6733
f 6822/7019 6563/6736 6561/6734 6560/6733
f 6822/7019 6820/7016 6819/7015 6563/6736
f 6819/7015 6566/6739 6564/6737 6563/6736
f 6819/7015 6817/7014 6568/6741 6566/6739
f 6815/7008 6571/6747 6569/6746 6568/7010
f 6701/6887 6697/6883 6138/6304 6137/6303
f 6681/6867 6677/6863 6665/6849 6663/6846
f 6608/6784 6606/6782 6109/6270 6108/6269
f 6583/6759 6415/6588 6120/6283 6119/6282
f 6518/6691 6516/6689 6515/6688 6129/6293
f 6509/6682 6507/6680 6506/6679 6102/6261
f 6442/6615 6438/6611 6436/6609 6435/6608
f 6413/6586 6412/6585 6121/6284 6120/6283
f 6278/6448 6276/6446 6272/6442 6114/6276
f 6272/6442 6271/6441 6115/6277 6114/6276
f 6271/6441 6270/6440 6116/6278 6115/6277

 